finding_id,repo_id,repository,commit_sha,domain,cohort,security_family,cwe_id,filename,statement_start,statement_end,line_number,scanner_count,scanners,rule_ids,raw_alert_count,raw_alert_ids,reported_lines,severity,confidence,messages,statement_code,annotator_1_label,annotator_2_label,adjudicated_label,rationale
FND-000267,R016,certbot/certbot,56ee04928d677d82c6a375a7c7b48e8ce13bb6bc,"HTTP, Networking & Cloud",Primary_Core_Benchmark,disabled-cert-validation,CWE-295,acme/src/acme/challenges.py,325,325,325,2,Bandit|Semgrep,B501|python.security.disabled-cert-validation,2,ALT-000459|ALT-000516,325,ERROR|HIGH,HIGH,"Call to requests with verify=False disabling SSL certificate checks, security issue. || TLS certificate verification is explicitly disabled.","            http_response = requests.get(uri, verify=False, timeout=timeout)",PENDING,PENDING,PENDING,PENDING
FND-000273,R016,certbot/certbot,56ee04928d677d82c6a375a7c7b48e8ce13bb6bc,"HTTP, Networking & Cloud",Primary_Core_Benchmark,disabled-cert-validation,CWE-295,certbot-ci/src/certbot_integration_tests/utils/misc.py,64,65,64,2,Bandit|Semgrep,B501|python.security.disabled-cert-validation,2,ALT-000465|ALT-000522,64,ERROR|HIGH,HIGH,"Call to requests with verify=False disabling SSL certificate checks, security issue. || TLS certificate verification is explicitly disabled.","            if requests.get(url, verify=False, timeout=10).status_code == 200:
                return",PENDING,PENDING,PENDING,PENDING
FND-000294,R016,certbot/certbot,56ee04928d677d82c6a375a7c7b48e8ce13bb6bc,"HTTP, Networking & Cloud",Primary_Core_Benchmark,weak-hash,CWE-327,certbot/src/certbot/_internal/account.py,75,75,75,2,Bandit|Semgrep,B324|python.security.weak-hash,2,ALT-000486|ALT-000543,75,HIGH|WARNING,HIGH,Use of weak MD5 hash for security. Consider usedforsecurity=False || Weak MD5 or SHA1 hash construction detected.,"            hasher = hashlib.new('md5', **cast(Mapping[str, Any], {""usedforsecurity"": False}))",PENDING,PENDING,PENDING,PENDING
FND-000266,R015,encode/httpx,b5addb64f0161ff6bfe94c124ef76f6a1fba5254,"HTTP, Networking & Cloud",Primary_Core_Benchmark,weak-hash,CWE-327,httpx/_auth.py,309,309,309,2,Bandit|Semgrep,B324|python.security.weak-hash,2,ALT-000457|ALT-000458,309,HIGH|WARNING,HIGH,Use of weak SHA1 hash for security. Consider usedforsecurity=False || Weak MD5 or SHA1 hash construction detected.,        return hashlib.sha1(s).hexdigest()[:16].encode(),PENDING,PENDING,PENDING,PENDING
FND-001048,R064,twisted/twisted,ac919a6d1b2f91b7dea806bacfae99abab5291d4,"HTTP, Networking & Cloud",Supplementary_Holdout_Pool,weak-hash,CWE-327,src/twisted/conch/ssh/transport.py,2028,2030,2028,2,Bandit|Semgrep,B324|python.security.weak-hash,2,ALT-001823|ALT-001859,2029,HIGH|WARNING,HIGH,Use of weak MD5 hash for security. Consider usedforsecurity=False || Weak MD5 or SHA1 hash construction detected.,"        fingerprint = b"":"".join(
            [binascii.hexlify(c) for c in iterbytes(md5(pubKey).digest())]
        )",PENDING,PENDING,PENDING,PENDING
FND-000110,R003,django/django,9193cb54550727a02fd55dab1b430597a9aa4297,Web Frameworks & APIs,Primary_Core_Benchmark,weak-hash,CWE-327,django/db/backends/sqlite3/_functions.py,414,414,414,2,Bandit|Semgrep,B324|python.security.weak-hash,2,ALT-000114|ALT-000198,414,HIGH|WARNING,HIGH,Use of weak MD5 hash for security. Consider usedforsecurity=False || Weak MD5 or SHA1 hash construction detected.,    return md5(text.encode()).hexdigest(),PENDING,PENDING,PENDING,PENDING
FND-001294,R095,boto/botocore,b4c8dd94e3e705217ee084e84dbb6aa747417c8b,"HTTP, Networking & Cloud",Supplementary_Holdout_Pool,weak-hash,CWE-327,botocore/httpchecksum.py,169,169,169,2,Bandit|Semgrep,B324|python.security.weak-hash,2,ALT-002248|ALT-002254,169,HIGH|WARNING,HIGH,Use of weak SHA1 hash for security. Consider usedforsecurity=False || Weak MD5 or SHA1 hash construction detected.,        self._checksum = sha1(),PENDING,PENDING,PENDING,PENDING
FND-000174,R011,paramiko/paramiko,142f593e40ad767c5e3556cbace66dc84589620c,"HTTP, Networking & Cloud",Primary_Core_Benchmark,weak-hash,CWE-327,paramiko/hostkeys.py,299,299,299,2,Bandit|Semgrep,B324|python.security.weak-hash,2,ALT-000280|ALT-000285,299,HIGH|WARNING,HIGH,Use of weak SHA1 hash for security. Consider usedforsecurity=False || Weak MD5 or SHA1 hash construction detected.,        assert len(salt) == sha1().digest_size,PENDING,PENDING,PENDING,PENDING
FND-000618,R045,sqlmapproject/sqlmap,1ee368f78a73ccc1c193af32d4e70c1244be5865,"Security, Cryptography & Auth",Primary_Core_Benchmark,weak-hash,CWE-327,extra/dbwire/firebird.py,171,171,171,2,Bandit|Semgrep,B324|python.security.weak-hash,2,ALT-001063|ALT-001218,171,HIGH|WARNING,HIGH,Use of weak SHA1 hash for security. Consider usedforsecurity=False || Weak MD5 or SHA1 hash construction detected.,    h = hashlib.sha1(),PENDING,PENDING,PENDING,PENDING
FND-000727,R045,sqlmapproject/sqlmap,1ee368f78a73ccc1c193af32d4e70c1244be5865,"Security, Cryptography & Auth",Primary_Core_Benchmark,weak-hash,CWE-327,lib/utils/hashdb.py,97,97,97,2,Bandit|Semgrep,B324|python.security.weak-hash,2,ALT-001168|ALT-001275,97,HIGH|WARNING,HIGH,Use of weak MD5 hash for security. Consider usedforsecurity=False || Weak MD5 or SHA1 hash construction detected.,"        retVal = struct.unpack(""<Q"", hashlib.md5(key).digest()[:8])[0] & 0x7fffffffffffffff",PENDING,PENDING,PENDING,PENDING
FND-000622,R045,sqlmapproject/sqlmap,1ee368f78a73ccc1c193af32d4e70c1244be5865,"Security, Cryptography & Auth",Primary_Core_Benchmark,weak-hash,CWE-327,extra/dbwire/postgres.py,243,243,243,2,Bandit|Semgrep,B324|python.security.weak-hash,2,ALT-001067|ALT-001222,243,HIGH|WARNING,HIGH,Use of weak MD5 hash for security. Consider usedforsecurity=False || Weak MD5 or SHA1 hash construction detected.,"            inner = hashlib.md5((password or """").encode(""utf-8"") + (user or """").encode(""utf-8"")).hexdigest()",PENDING,PENDING,PENDING,PENDING
FND-000710,R045,sqlmapproject/sqlmap,1ee368f78a73ccc1c193af32d4e70c1244be5865,"Security, Cryptography & Auth",Primary_Core_Benchmark,weak-hash,CWE-327,lib/utils/hash.py,115,115,115,2,Bandit|Semgrep,B324|python.security.weak-hash,4,ALT-001148|ALT-001149|ALT-001255|ALT-001256,115,HIGH|WARNING,HIGH,Use of weak SHA1 hash for security. Consider usedforsecurity=False || Weak MD5 or SHA1 hash construction detected.,"    retVal = ""*%s"" % sha1(sha1(password).digest()).hexdigest()",PENDING,PENDING,PENDING,PENDING
FND-001055,R064,twisted/twisted,ac919a6d1b2f91b7dea806bacfae99abab5291d4,"HTTP, Networking & Cloud",Supplementary_Holdout_Pool,weak-hash,CWE-327,src/twisted/mail/pop3.py,75,75,75,2,Bandit|Semgrep,B324|python.security.weak-hash,2,ALT-001830|ALT-001866,75,HIGH|WARNING,HIGH,Use of weak MD5 hash for security. Consider usedforsecurity=False || Weak MD5 or SHA1 hash construction detected.,        myDigest = md5(seed).hexdigest(),PENDING,PENDING,PENDING,PENDING
FND-000720,R045,sqlmapproject/sqlmap,1ee368f78a73ccc1c193af32d4e70c1244be5865,"Security, Cryptography & Auth",Primary_Core_Benchmark,weak-hash,CWE-327,lib/utils/hash.py,452,452,452,2,Bandit|Semgrep,B324|python.security.weak-hash,2,ALT-001160|ALT-001267,452,HIGH|WARNING,HIGH,Use of weak MD5 hash for security. Consider usedforsecurity=False || Weak MD5 or SHA1 hash construction detected.,    final = md5(ctx).digest(),PENDING,PENDING,PENDING,PENDING
FND-001110,R072,hypothesisworks/hypothesis,a8dcd7422a325926693b5464f73349e361562b7c,"CLI, Tooling & Systems",Supplementary_Holdout_Pool,weak-hash,CWE-327,hypothesis/src/hypothesis/extra/_patching.py,339,339,339,2,Bandit|Semgrep,B324|python.security.weak-hash,2,ALT-001950|ALT-002011,339,HIGH|WARNING,HIGH,Use of weak SHA1 hash for security. Consider usedforsecurity=False || Weak MD5 or SHA1 hash construction detected.,    hash8 = hashlib.sha1(cleaned.encode()).hexdigest()[:8],PENDING,PENDING,PENDING,PENDING
FND-000167,R008,cherrypy/cherrypy,1f75bc9eed8e0e385f64f368bd69f58d96fb8c2b,Web Frameworks & APIs,Primary_Core_Benchmark,weak-hash,CWE-327,cherrypy/lib/auth_digest.py,38,38,38,2,Bandit|Semgrep,B324|python.security.weak-hash,2,ALT-000267|ALT-000273,38,HIGH|WARNING,HIGH,Use of weak MD5 hash for security. Consider usedforsecurity=False || Weak MD5 or SHA1 hash construction detected.,"    return md5(ntob(s, 'utf-8')).hexdigest()",PENDING,PENDING,PENDING,PENDING
FND-000168,R008,cherrypy/cherrypy,1f75bc9eed8e0e385f64f368bd69f58d96fb8c2b,Web Frameworks & APIs,Primary_Core_Benchmark,weak-hash,CWE-327,cherrypy/lib/cptools.py,55,55,55,2,Bandit|Semgrep,B324|python.security.weak-hash,2,ALT-000268|ALT-000274,55,HIGH|WARNING,HIGH,Use of weak MD5 hash for security. Consider usedforsecurity=False || Weak MD5 or SHA1 hash construction detected.,"        etag = '""%s""' % md5(etag).hexdigest()",PENDING,PENDING,PENDING,PENDING
FND-000722,R045,sqlmapproject/sqlmap,1ee368f78a73ccc1c193af32d4e70c1244be5865,"Security, Cryptography & Auth",Primary_Core_Benchmark,weak-hash,CWE-327,lib/utils/hash.py,605,605,605,2,Bandit|Semgrep,B324|python.security.weak-hash,2,ALT-001162|ALT-001269,605,HIGH|WARNING,HIGH,Use of weak MD5 hash for security. Consider usedforsecurity=False || Weak MD5 or SHA1 hash construction detected.,"    return ""%s:%s"" % (md5(getBytes(password) + getBytes(salt)).hexdigest(), salt)",PENDING,PENDING,PENDING,PENDING
FND-000942,R054,pallets/jinja,5ef70112a1ff19c05324ff889dd30405b1002044,Web Frameworks & APIs,Supplementary_Holdout_Pool,weak-hash,CWE-327,src/jinja2/bccache.py,152,152,152,2,Bandit|Semgrep,B324|python.security.weak-hash,2,ALT-001612|ALT-001618,152,HIGH|WARNING,HIGH,Use of weak SHA1 hash for security. Consider usedforsecurity=False || Weak MD5 or SHA1 hash construction detected.,"        hash = sha1(name.encode(""utf-8""))",PENDING,PENDING,PENDING,PENDING
FND-001173,R085,lepture/authlib,c529a61af40e3efe05286140e00fbdced07d7987,"Security, Cryptography & Auth",Supplementary_Holdout_Pool,weak-hash,CWE-327,authlib/oauth1/rfc5849/client_auth.py,150,150,150,2,Bandit|Semgrep,B324|python.security.weak-hash,2,ALT-002077|ALT-002078,150,HIGH|WARNING,HIGH,Use of weak SHA1 hash for security. Consider usedforsecurity=False || Weak MD5 or SHA1 hash construction detected.,            oauth_body_hash = base64.b64encode(hashlib.sha1(body).digest()),PENDING,PENDING,PENDING,PENDING
FND-000156,R006,aio-libs/aiohttp,a5fba5b4d3ce962db5f4c40865fdb270170d7840,Web Frameworks & APIs,Primary_Core_Benchmark,weak-hash,CWE-327,aiohttp/web_ws.py,329,331,329,2,Bandit|Semgrep,B324|python.security.weak-hash,2,ALT-000245|ALT-000250,330,HIGH|WARNING,HIGH,Use of weak SHA1 hash for security. Consider usedforsecurity=False || Weak MD5 or SHA1 hash construction detected.,"        accept_val = base64.b64encode(
            hashlib.sha1(key.encode() + WS_KEY).digest()
        ).decode()",PENDING,PENDING,PENDING,PENDING
FND-001013,R059,scrapy/scrapy,9344d60dd1ca211d7ca43ff9f37ac20473b28d88,Web Frameworks & APIs,Supplementary_Holdout_Pool,weak-hash,CWE-327,scrapy/pipelines/images.py,276,276,276,2,Bandit|Semgrep,B324|python.security.weak-hash,2,ALT-001749|ALT-001765,276,HIGH|WARNING,HIGH,Use of weak SHA1 hash for security. Consider usedforsecurity=False || Weak MD5 or SHA1 hash construction detected.,        thumb_guid = hashlib.sha1(to_bytes(request.url)).hexdigest()  # noqa: S324,PENDING,PENDING,PENDING,PENDING
FND-000036,R002,pallets/flask,d318b683471101618febed18996405ad26462110,Web Frameworks & APIs,Primary_Core_Benchmark,weak-hash,CWE-327,src/flask/sessions.py,281,281,281,2,Bandit|Semgrep,B324|python.security.weak-hash,2,ALT-000069|ALT-000072,281,HIGH|WARNING,HIGH,Use of weak SHA1 hash for security. Consider usedforsecurity=False || Weak MD5 or SHA1 hash construction detected.,    return hashlib.sha1(string),PENDING,PENDING,PENDING,PENDING
FND-000155,R006,aio-libs/aiohttp,a5fba5b4d3ce962db5f4c40865fdb270170d7840,Web Frameworks & APIs,Primary_Core_Benchmark,weak-hash,CWE-327,aiohttp/client_middleware_digest_auth.py,332,341,332,2,Bandit|Semgrep,B324|python.security.weak-hash,2,ALT-000244|ALT-000249,332,HIGH|WARNING,HIGH,Use of weak SHA1 hash for security. Consider usedforsecurity=False || Weak MD5 or SHA1 hash construction detected.,"        cnonce = hashlib.sha1(
            b"""".join(
                [
                    str(self._nonce_count).encode(""utf-8""),
                    nonce_bytes,
                    time.ctime().encode(""utf-8""),
                    os.urandom(8),
                ]
            )
        ).hexdigest()[:16]",PENDING,PENDING,PENDING,PENDING
FND-000172,R011,paramiko/paramiko,142f593e40ad767c5e3556cbace66dc84589620c,"HTTP, Networking & Cloud",Primary_Core_Benchmark,weak-hash,CWE-327,paramiko/config.py,446,463,446,2,Bandit|Semgrep,B324|python.security.weak-hash,2,ALT-000278|ALT-000283,449,HIGH|WARNING,HIGH,Use of weak SHA1 hash for security. Consider usedforsecurity=False || Weak MD5 or SHA1 hash construction detected.,"        replacements = {
            # TODO: %%???
            # TODO: sha1 bad / this is offspec from rfc/openssh
            ""%C"": sha1(tohash.encode()).hexdigest(),
            ""%d"": homedir,
            ""%h"": configured_hostname,
            # TODO: %i?
            ""%L"": local_hostname,
            ""%l"": local_fqdn,
            # also this is pseudo buggy when not in Match exec mode so document
            # that. also WHY is that the case?? don't we do all of this late?
            ""%n"": target_hostname,
            ""%p"": port,
            ""%r"": remoteuser,
            # TODO: %T? don't believe this is possible however
            ""%u"": user,
            ""~"": homedir,
        }",PENDING,PENDING,PENDING,PENDING
FND-000152,R004,tornadoweb/tornado,0096f2897c98facdcd9716009ee934a7381af5ef,Web Frameworks & APIs,Primary_Core_Benchmark,weak-hash,CWE-327,tornado/web.py,1757,1757,1757,2,Bandit|Semgrep,B324|python.security.weak-hash,2,ALT-000232|ALT-000241,1757,HIGH|WARNING,HIGH,Use of weak SHA1 hash for security. Consider usedforsecurity=False || Weak MD5 or SHA1 hash construction detected.,        hasher = hashlib.sha1(),PENDING,PENDING,PENDING,PENDING
FND-000038,R003,django/django,9193cb54550727a02fd55dab1b430597a9aa4297,Web Frameworks & APIs,Primary_Core_Benchmark,weak-hash,CWE-327,django/contrib/auth/hashers.py,665,665,665,2,Bandit|Semgrep,B324|python.security.weak-hash,2,ALT-000073|ALT-000141,665,HIGH|WARNING,HIGH,Use of weak MD5 hash for security. Consider usedforsecurity=False || Weak MD5 or SHA1 hash construction detected.,        hash = hashlib.md5(force_bytes(salt) + force_bytes(password)).hexdigest(),PENDING,PENDING,PENDING,PENDING
FND-000623,R045,sqlmapproject/sqlmap,1ee368f78a73ccc1c193af32d4e70c1244be5865,"Security, Cryptography & Auth",Primary_Core_Benchmark,weak-hash,CWE-327,extra/dbwire/postgres.py,244,244,244,2,Bandit|Semgrep,B324|python.security.weak-hash,2,ALT-001068|ALT-001223,244,HIGH|WARNING,HIGH,Use of weak MD5 hash for security. Consider usedforsecurity=False || Weak MD5 or SHA1 hash construction detected.,"            token = b""md5"" + hashlib.md5(inner.encode(""ascii"") + salt).hexdigest().encode(""ascii"")",PENDING,PENDING,PENDING,PENDING
FND-000931,R053,numpy/numpy,43a7a41747f860a09f2c5b9a2fe5a97c7f5f8004,Data Science & ML,Supplementary_Holdout_Pool,hardcoded-temp-path,CWE-377,numpy/lib/_npyio_impl.py,683,752,683,1,Semgrep,python.security.hardcoded-temp-path,2,ALT-001600|ALT-001601,745|746,WARNING,,Hard-coded temporary filesystem path detected.,"    """"""
    Save several arrays into a single file in compressed ``.npz`` format.

    Provide arrays as keyword arguments to store them under the
    corresponding name in the output file: ``savez_compressed(fn, x=x, y=y)``.

    If arrays are specified as positional arguments, i.e.,
    ``savez_compressed(fn, x, y)``, their names will be `arr_0`, `arr_1`, etc.

    Parameters
    ----------
    file : file, str, or pathlib.Path
        Either the filename (string) or an open file (file-like object)
        where the data will be saved. If file is a string or a Path, the
        ``.npz`` extension will be appended to the filename if it is not
        already there.
    args : Arguments, optional
        Arrays to save to the file. Please use keyword arguments (see
        `kwds` below) to assign names to arrays.  Arrays specified as
        args will be named ""arr_0"", ""arr_1"", and so on.
    allow_pickle : bool, optional
        Allow saving object arrays using Python pickles. Reasons for
        disallowing pickles include security (loading pickled data can execute
        arbitrary code) and portability (pickled objects may not be loadable
        on different Python installations, for example if the stored objects
        require libraries that are not available, and not all pickled data is
        compatible between different versions of Python).
        Default: True
    kwds : Keyword arguments, optional
        Arrays to save to the file. Each array will be saved to the
        output file with its corresponding keyword name.

    Returns
    -------
    None

    See Also
    --------
    numpy.save : Save a single array to a binary file in NumPy format.
    numpy.savetxt : Save an array to a file as plain text.
    numpy.savez : Save several arrays into an uncompressed ``.npz`` file format
    numpy.load : Load the files created by savez_compressed.

    Notes
    -----
    The ``.npz`` file format is a zipped archive of files named after the
    variables they contain.  The archive is compressed with
    ``zipfile.ZIP_DEFLATED`` and each file in the archive contains one variable
    in ``.npy`` format. For a description of the ``.npy`` format, see
    :py:mod:`numpy.lib.format`.


    When opening the saved ``.npz`` file with `load` a `~lib.npyio.NpzFile`
    object is returned. This is a dictionary-like object which can be queried
    for its list of arrays (with the ``.files`` attribute), and for the arrays
    themselves.

    Examples
    --------
    >>> import numpy as np
    >>> test_array = np.random.rand(3, 2)
    >>> test_vector = np.random.rand(4)
    >>> np.savez_compressed('/tmp/123', a=test_array, b=test_vector)
    >>> loaded = np.load('/tmp/123.npz')
    >>> print(np.array_equal(test_array, loaded['a']))
    True
    >>> print(np.array_equal(test_vector, loaded['b']))
    True

    """"""",PENDING,PENDING,PENDING,PENDING
FND-000180,R012,boto/boto3,dbcacf0c46b79a0f3f7204367ec423722fd3ce16,"HTTP, Networking & Cloud",Primary_Core_Benchmark,hardcoded-temp-path,CWE-377,boto3/s3/inject.py,279,309,279,1,Semgrep,python.security.hardcoded-temp-path,1,ALT-000291,285,WARNING,,Hard-coded temporary filesystem path detected.,"    """"""Download an S3 object to a file.

    Usage::

        import boto3
        s3 = boto3.resource('s3')
        s3.Bucket('amzn-s3-demo-bucket').download_file('hello.txt', '/tmp/hello.txt')

    Similar behavior as S3Transfer's download_file() method,
    except that parameters are capitalized. Detailed examples can be found at
    :ref:`S3Transfer's Usage <ref_s3transfer_usage>`.

    :type Key: str
    :param Key: The name of the key to download from.

    :type Filename: str
    :param Filename: The path to the file to download to.

    :type ExtraArgs: dict
    :param ExtraArgs: Extra arguments that may be passed to the
        client operation. For allowed download arguments see
        :py:attr:`boto3.s3.transfer.S3Transfer.ALLOWED_DOWNLOAD_ARGS`.

    :type Callback: function
    :param Callback: A method which takes a number of bytes transferred to
        be periodically called during the download.

    :type Config: boto3.s3.transfer.TransferConfig
    :param Config: The transfer configuration to be used when performing the
        transfer.
    """"""",PENDING,PENDING,PENDING,PENDING
FND-000037,R003,django/django,9193cb54550727a02fd55dab1b430597a9aa4297,Web Frameworks & APIs,Primary_Core_Benchmark,hardcoded-temp-path,CWE-377,django/conf/global_settings.py,334,334,334,1,Semgrep,python.security.hardcoded-temp-path,1,ALT-000140,334,WARNING,,Hard-coded temporary filesystem path detected.,"# directory (i.e. ""/tmp"" on *nix systems).",PENDING,PENDING,PENDING,PENDING
FND-000807,R046,Gallopsled/pwntools,1429a134ecf88eb9af70e05bf6c912f45dfde224,"Security, Cryptography & Auth",Primary_Core_Benchmark,hardcoded-temp-path,CWE-377,pwnlib/tubes/ssh.py,1527,1547,1527,1,Semgrep,python.security.hardcoded-temp-path,2,ALT-001359|ALT-001360,1538|1542,WARNING,,Hard-coded temporary filesystem path detected.,"        """"""Downloads a file from the remote server.

        The file is cached in /tmp/pwntools-ssh-cache using a hash of the file, so
        calling the function twice has little overhead.

        Arguments:
            remote(str/bytes): The remote filename to download
            local(str): The local filename to save it to. Default is to infer it from the remote filename.
        
        Examples:

            >>> with open('/tmp/foobar','w+') as f:
            ...     _ = f.write('Hello, world')
            >>> s =  ssh(host='example.pwnme',
            ...         cache=False)
            >>> _ = s.set_working_directory(wd='/tmp')
            >>> _ = s.download_file('foobar', 'barfoo')
            >>> with open('barfoo','r') as f:
            ...     print(f.read())
            Hello, world
        """"""",PENDING,PENDING,PENDING,PENDING
FND-000179,R012,boto/boto3,dbcacf0c46b79a0f3f7204367ec423722fd3ce16,"HTTP, Networking & Cloud",Primary_Core_Benchmark,hardcoded-temp-path,CWE-377,boto3/s3/inject.py,235,265,235,1,Semgrep,python.security.hardcoded-temp-path,1,ALT-000290,241,WARNING,,Hard-coded temporary filesystem path detected.,"    """"""Upload a file to an S3 object.

    Usage::

        import boto3
        s3 = boto3.resource('s3')
        s3.Bucket('amzn-s3-demo-bucket').upload_file('/tmp/hello.txt', 'hello.txt')

    Similar behavior as S3Transfer's upload_file() method,
    except that parameters are capitalized. Detailed examples can be found at
    :ref:`S3Transfer's Usage <ref_s3transfer_usage>`.

    :type Filename: str
    :param Filename: The path to the file to upload.

    :type Key: str
    :param Key: The name of the key to upload to.

    :type ExtraArgs: dict
    :param ExtraArgs: Extra arguments that may be passed to the
        client operation. For allowed upload arguments see
        :py:attr:`boto3.s3.transfer.S3Transfer.ALLOWED_UPLOAD_ARGS`.

    :type Callback: function
    :param Callback: A method which takes a number of bytes transferred to
        be periodically called during the upload.

    :type Config: boto3.s3.transfer.TransferConfig
    :param Config: The transfer configuration to be used when performing the
        transfer.
    """"""",PENDING,PENDING,PENDING,PENDING
FND-000574,R040,celery/celery,07ee451b5313b520ed4f57cfe93d35ac81d0548c,"Databases, Caching & ORM",Primary_Core_Benchmark,hardcoded-temp-path,CWE-377,t/unit/bin/proj/daemon_config.py,3,3,3,2,Bandit|Semgrep,B108|python.security.hardcoded-temp-path,2,ALT-000955|ALT-001003,3,MEDIUM|WARNING,MEDIUM,Hard-coded temporary filesystem path detected. || Probable insecure usage of temp file/directory.,"beat_pidfile = ""/tmp/beat.test.pid""",PENDING,PENDING,PENDING,PENDING
FND-000707,R045,sqlmapproject/sqlmap,1ee368f78a73ccc1c193af32d4e70c1244be5865,"Security, Cryptography & Auth",Primary_Core_Benchmark,hardcoded-temp-path,CWE-377,lib/techniques/ssti/inject.py,834,837,834,2,Bandit|Semgrep,B108|python.security.hardcoded-temp-path,2,ALT-001145|ALT-001253,835,MEDIUM|WARNING,MEDIUM,Hard-coded temporary filesystem path detected. || Probable insecure usage of temp file/directory.,"_FILE_TEMP = {
    ""unix"": (lambda name: ""/tmp/%s"" % name, _FILE_RCE, lambda f: ""rm -f %s"" % f),
    ""windows"": (lambda name: ""%%TEMP%%\\%s"" % name, _FILE_RCE_WINDOWS, lambda f: ""cmd /c del /q %s"" % f),
}",PENDING,PENDING,PENDING,PENDING
FND-000805,R046,Gallopsled/pwntools,1429a134ecf88eb9af70e05bf6c912f45dfde224,"Security, Cryptography & Auth",Primary_Core_Benchmark,hardcoded-temp-path,CWE-377,pwnlib/tubes/ssh.py,1146,1172,1146,1,Semgrep,python.security.hardcoded-temp-path,2,ALT-001354|ALT-001355,1167|1171,WARNING,,Hard-coded temporary filesystem path detected.,"        r""""""system(process, tty = True, cwd = None, env = None, timeout = Timeout.default, raw = True) -> ssh_channel

        Open a new channel with a specific process inside. If `tty` is True,
        then a TTY is requested on the remote server.

        If `raw` is True, terminal control codes are ignored and input is not
        echoed back.

        Return a :class:`pwnlib.tubes.ssh.ssh_channel` object.

        Examples:

            >>> s =  ssh(host='example.pwnme')
            >>> py = s.system('python3 -i')
            >>> _ = py.recvuntil(b'>>> ')
            >>> py.sendline(b'print(2+2)')
            >>> py.sendline(b'exit()')
            >>> print(repr(py.recvline()))
            b'4\n'
            >>> s.system('env | grep -a AAAA', env={'AAAA': b'\x90'}).recvall()
            b'AAAA=\x90\n'
            >>> io = s.system('pwd', cwd='/tmp')
            >>> io.recvall()
            b'/tmp\n'
            >>> io.cwd
            '/tmp'
        """"""",PENDING,PENDING,PENDING,PENDING
FND-000818,R046,Gallopsled/pwntools,1429a134ecf88eb9af70e05bf6c912f45dfde224,"Security, Cryptography & Auth",Primary_Core_Benchmark,hardcoded-temp-path,CWE-377,pwnlib/util/packing.py,1118,1166,1118,1,Semgrep,python.security.hardcoded-temp-path,4,ALT-001375|ALT-001376|ALT-001377|ALT-001378,1160|1161|1163|1164,WARNING,,Hard-coded temporary filesystem path detected.,"    r""""""dd(dst, src, count = 0, skip = 0, seek = 0, truncate = False) -> dst

    Inspired by the command line tool ``dd``, this function copies `count` byte
    values from offset `seek` in `src` to offset `skip` in `dst`.  If `count` is
    0, all of ``src[seek:]`` is copied.

    If `dst` is a mutable type it will be updated.  Otherwise, a new instance of
    the same type will be created.  In either case the result is returned.

    `src` can be an iterable of characters or integers, a string or a
    file object.  If it is an iterable of integers, each integer must be in the
    range [0;255].  If it is a string, its UTF-8 encoding will be used.

    The seek offset of file objects will be preserved.

    Arguments:
        dst: Supported types are :class:`file`, :class:`list`, :class:`tuple`,
             :class:`str` and :class:`bytearray`.
        src: An iterable of byte values (characters or integers), a string or
             a file object.
        count (int): How many bytes to copy.  If `count` is 0 or larger than
                     ``len(src[seek:])``, all bytes until the end of `src` are
                     copied.
        skip (int): Offset in `dst` to copy to.
        seek (int): Offset in `src` to copy from.
        truncate (bool): If :const:`True`, `dst` is truncated at the last copied
                         byte.

    Returns:
        A modified version of `dst`.  If `dst` is a mutable type it will be
        modified in-place.

    Examples:

        >>> dd(tuple('Hello!'), b'?', skip = 5)
        ('H', 'e', 'l', 'l', 'o', b'?')
        >>> dd(list('Hello!'), (63,), skip = 5)
        ['H', 'e', 'l', 'l', 'o', b'?']

    .. doctest::
        :options: +POSIX +TODO

        >>> _ = open('/tmp/foo', 'w').write('A' * 10)
        >>> dd(open('/tmp/foo'), open('/dev/zero'), skip = 3, count = 4).read()
        'AAA\x00\x00\x00\x00AAA'
        >>> _ = open('/tmp/foo', 'w').write('A' * 10)
        >>> dd(open('/tmp/foo'), open('/dev/zero'), skip = 3, count = 4, truncate = True).read()
        'AAA\x00\x00\x00\x00'
    """"""",PENDING,PENDING,PENDING,PENDING
FND-000264,R014,fabric/fabric,ded51893f02c33d2bc7c157624c44a039a952037,"HTTP, Networking & Cloud",Primary_Core_Benchmark,hardcoded-temp-path,CWE-377,fabric/transfer.py,44,111,44,1,Semgrep,python.security.hardcoded-temp-path,1,ALT-000455,75,WARNING,,Hard-coded temporary filesystem path detected.,"        """"""
        Copy a file from wrapped connection's host to the local filesystem.

        :param str remote:
            Remote file to download.

            May be absolute, or relative to the remote working directory.

            .. note::
                Most SFTP servers set the remote working directory to the
                connecting user's home directory, and (unlike most shells) do
                *not* expand tildes (``~``).

                For example, instead of saying ``get(""~/tmp/archive.tgz"")``,
                say ``get(""tmp/archive.tgz"")``.

        :param local:
            Local path to store downloaded file in, or a file-like object.

            **If None or another 'falsey'/empty value is given** (the default),
            the remote file is downloaded to the current working directory (as
            seen by `os.getcwd`) using its remote filename. (This is equivalent
            to giving ``""{basename}""``; see the below subsection on
            interpolation.)

            **If a string is given**, it should be a path to a local directory
            or file and is subject to similar behavior as that seen by common
            Unix utilities or OpenSSH's ``sftp`` or ``scp`` tools.

            For example, if the local path is a directory, the remote path's
            base filename will be added onto it (so ``get('foo/bar/file.txt',
            '/tmp/')`` would result in creation or overwriting of
            ``/tmp/file.txt``).

            This path will be **interpolated** with some useful parameters,
            using `str.format`:

            - The `.Connection` object's ``host``, ``user`` and ``port``
              attributes.
            - The ``basename`` and ``dirname`` of the ``remote`` path, as
              derived by `os.path` (specifically, its ``posixpath`` flavor, so
              that the resulting values are useful on remote POSIX-compatible
              SFTP servers even if the local client is Windows).
            - Thus, for example, ``""/some/path/{user}@{host}/{basename}""`` will
              yield different local paths depending on the properties of both
              the connection and the remote path.

            .. note::
                If nonexistent directories are present in this path (including
                the final path component, if it ends in `os.sep`) they will be
                created automatically using `os.makedirs`.

            **If a file-like object is given**, the contents of the remote file
            are simply written into it.

        :param bool preserve_mode:
            Whether to `os.chmod` the local file so it matches the remote
            file's mode (default: ``True``).

        :returns: A `.Result` object.

        .. versionadded:: 2.0
        .. versionchanged:: 2.6
            Added ``local`` path interpolation of connection & remote file
            attributes.
        .. versionchanged:: 2.6
            Create missing ``local`` directories automatically.
        """"""",PENDING,PENDING,PENDING,PENDING
FND-000796,R046,Gallopsled/pwntools,1429a134ecf88eb9af70e05bf6c912f45dfde224,"Security, Cryptography & Auth",Primary_Core_Benchmark,hardcoded-temp-path,CWE-377,pwnlib/elf/elf.py,1655,1663,1655,1,Semgrep,python.security.hardcoded-temp-path,2,ALT-001342|ALT-001343,1658|1659,WARNING,,Hard-coded temporary filesystem path detected.,"        """"""Save the ELF to a file

        >>> bash = ELF(which('bash'))
        >>> bash.save('/tmp/bash_copy')
        >>> copy = open('/tmp/bash_copy', 'rb')
        >>> bash = open(which('bash'), 'rb')
        >>> bash.read() == copy.read()
        True
        """"""",PENDING,PENDING,PENDING,PENDING
FND-000806,R046,Gallopsled/pwntools,1429a134ecf88eb9af70e05bf6c912f45dfde224,"Security, Cryptography & Auth",Primary_Core_Benchmark,hardcoded-temp-path,CWE-377,pwnlib/tubes/ssh.py,1502,1521,1502,1,Semgrep,python.security.hardcoded-temp-path,3,ALT-001356|ALT-001357|ALT-001358,1510|1514|1518,WARNING,,Hard-coded temporary filesystem path detected.,"        """"""Downloads a file from the remote server and returns it as a string.

        Arguments:
            remote(str): The remote filename to download.


        Examples:

            >>> with open('/tmp/bar','w+') as f:
            ...     _ = f.write('Hello, world')
            >>> s =  ssh(host='example.pwnme',
            ...         cache=False)
            >>> s.download_data('/tmp/bar')
            b'Hello, world'
            >>> s._sftp = None
            >>> s._tried_sftp = True
            >>> s.download_data('/tmp/bar')
            b'Hello, world'

        """"""",PENDING,PENDING,PENDING,PENDING
FND-000248,R013,ansible/ansible,3827d66bfbdc568f58cce57b113131598c46cd5a,"HTTP, Networking & Cloud",Primary_Core_Benchmark,hardcoded-temp-path,CWE-377,lib/ansible/plugins/filter/core.py,551,558,551,1,Semgrep,python.security.hardcoded-temp-path,2,ALT-000435|ALT-000436,554|556,WARNING,,Hard-coded temporary filesystem path detected.,"    """"""Accepts a dict or list of dicts, and a dotted accessor and produces a product
    of the element and the results of the dotted accessor

    >>> obj = [{""name"": ""alice"", ""groups"": [""wheel""], ""authorized"": [""/tmp/alice/onekey.pub""]}]
    >>> subelements(obj, 'groups')
    [({'name': 'alice', 'groups': ['wheel'], 'authorized': ['/tmp/alice/onekey.pub']}, 'wheel')]

    """"""",PENDING,PENDING,PENDING,PENDING
FND-000058,R003,django/django,9193cb54550727a02fd55dab1b430597a9aa4297,Web Frameworks & APIs,Primary_Core_Benchmark,unsafe-deserialization,CWE-502,django/core/cache/backends/db.py,102,102,102,2,Bandit|Semgrep,B301|python.security.unsafe-deserialization,2,ALT-000076|ALT-000159,102,ERROR|MEDIUM,HIGH,"Pickle and modules that wrap it can be unsafe when used to deserialize untrusted data, possible security issue. || Potentially unsafe Python object deserialization detected.","                value = pickle.loads(base64.b64decode(value.encode(), validate=True))",PENDING,PENDING,PENDING,PENDING
FND-000069,R003,django/django,9193cb54550727a02fd55dab1b430597a9aa4297,Web Frameworks & APIs,Primary_Core_Benchmark,unsafe-deserialization,CWE-502,django/core/cache/backends/filebased.py,38,38,38,2,Bandit|Semgrep,B301|python.security.unsafe-deserialization,2,ALT-000087|ALT-000162,38,ERROR|MEDIUM,HIGH,"Pickle and modules that wrap it can be unsafe when used to deserialize untrusted data, possible security issue. || Potentially unsafe Python object deserialization detected.",                    return pickle.loads(zlib.decompress(f.read())),PENDING,PENDING,PENDING,PENDING
FND-000879,R051,scikit-learn/scikit-learn,9bafc1c9cab99aa036aba8207125637c39fd22db,Data Science & ML,Supplementary_Holdout_Pool,unsafe-deserialization,CWE-502,sklearn/utils/estimator_checks.py,4080,4080,4080,2,Bandit|Semgrep,B301|python.security.unsafe-deserialization,2,ALT-001481|ALT-001494,4080,ERROR|MEDIUM,HIGH,"Pickle and modules that wrap it can be unsafe when used to deserialize untrusted data, possible security issue. || Potentially unsafe Python object deserialization detected.",    est = pickle.loads(pickle.dumps(est)),PENDING,PENDING,PENDING,PENDING
FND-001005,R059,scrapy/scrapy,9344d60dd1ca211d7ca43ff9f37ac20473b28d88,Web Frameworks & APIs,Supplementary_Holdout_Pool,unsafe-deserialization,CWE-502,scrapy/extensions/httpcache.py,341,341,341,2,Bandit|Semgrep,B301|python.security.unsafe-deserialization,2,ALT-001741|ALT-001757,341,ERROR|MEDIUM,HIGH,"Pickle and modules that wrap it can be unsafe when used to deserialize untrusted data, possible security issue. || Potentially unsafe Python object deserialization detected.",                data.update(pickle.load(f))  # noqa: S301,PENDING,PENDING,PENDING,PENDING
FND-000928,R053,numpy/numpy,43a7a41747f860a09f2c5b9a2fe5a97c7f5f8004,Data Science & ML,Supplementary_Holdout_Pool,unsafe-deserialization,CWE-502,numpy/lib/_format_impl.py,844,844,844,2,Bandit|Semgrep,B301|python.security.unsafe-deserialization,2,ALT-001559|ALT-001593,844,ERROR|MEDIUM,HIGH,"Pickle and modules that wrap it can be unsafe when used to deserialize untrusted data, possible security issue. || Potentially unsafe Python object deserialization detected.","            array = pickle.load(fp, **pickle_kwargs)",PENDING,PENDING,PENDING,PENDING
FND-001008,R059,scrapy/scrapy,9344d60dd1ca211d7ca43ff9f37ac20473b28d88,Web Frameworks & APIs,Supplementary_Holdout_Pool,unsafe-deserialization,CWE-502,scrapy/extensions/spiderstate.py,44,44,44,2,Bandit|Semgrep,B301|python.security.unsafe-deserialization,2,ALT-001744|ALT-001760,44,ERROR|MEDIUM,HIGH,"Pickle and modules that wrap it can be unsafe when used to deserialize untrusted data, possible security issue. || Potentially unsafe Python object deserialization detected.",                spider.state = pickle.load(f)  # type: ignore[attr-defined]  # noqa: S301,PENDING,PENDING,PENDING,PENDING
FND-000585,R040,celery/celery,07ee451b5313b520ed4f57cfe93d35ac81d0548c,"Databases, Caching & ORM",Primary_Core_Benchmark,unsafe-deserialization,CWE-502,t/unit/tasks/test_result.py,696,696,696,1,Semgrep,python.security.unsafe-deserialization,1,ALT-001014,696,ERROR,,Potentially unsafe Python object deserialization detected.,        assert pickle.loads(pickle.dumps(ts2)) == ts2,PENDING,PENDING,PENDING,PENDING
FND-000070,R003,django/django,9193cb54550727a02fd55dab1b430597a9aa4297,Web Frameworks & APIs,Primary_Core_Benchmark,unsafe-deserialization,CWE-502,django/core/cache/backends/filebased.py,71,71,71,2,Bandit|Semgrep,B301|python.security.unsafe-deserialization,2,ALT-000088|ALT-000163,71,ERROR|MEDIUM,HIGH,"Pickle and modules that wrap it can be unsafe when used to deserialize untrusted data, possible security issue. || Potentially unsafe Python object deserialization detected.",                        previous_value = pickle.loads(zlib.decompress(f.read())),PENDING,PENDING,PENDING,PENDING
FND-000560,R040,celery/celery,07ee451b5313b520ed4f57cfe93d35ac81d0548c,"Databases, Caching & ORM",Primary_Core_Benchmark,unsafe-deserialization,CWE-502,t/unit/app/test_app.py,1165,1165,1165,2,Bandit|Semgrep,B301|python.security.unsafe-deserialization,2,ALT-000941|ALT-000989,1165,ERROR|MEDIUM,HIGH,"Pickle and modules that wrap it can be unsafe when used to deserialize untrusted data, possible security issue. || Potentially unsafe Python object deserialization detected.",        r = loads(dumps(x)),PENDING,PENDING,PENDING,PENDING
FND-000566,R040,celery/celery,07ee451b5313b520ed4f57cfe93d35ac81d0548c,"Databases, Caching & ORM",Primary_Core_Benchmark,unsafe-deserialization,CWE-502,t/unit/app/test_schedules.py,157,157,157,2,Bandit|Semgrep,B301|python.security.unsafe-deserialization,2,ALT-000947|ALT-000995,157,ERROR|MEDIUM,HIGH,"Pickle and modules that wrap it can be unsafe when used to deserialize untrusted data, possible security issue. || Potentially unsafe Python object deserialization detected.",            c = loads(dumps(c)),PENDING,PENDING,PENDING,PENDING
FND-000568,R040,celery/celery,07ee451b5313b520ed4f57cfe93d35ac81d0548c,"Databases, Caching & ORM",Primary_Core_Benchmark,unsafe-deserialization,CWE-502,t/unit/backends/test_database.py,651,651,651,2,Bandit|Semgrep,B301|python.security.unsafe-deserialization,2,ALT-000949|ALT-000997,651,ERROR|MEDIUM,HIGH,"Pickle and modules that wrap it can be unsafe when used to deserialize untrusted data, possible security issue. || Potentially unsafe Python object deserialization detected.",        assert loads(dumps(tb)),PENDING,PENDING,PENDING,PENDING
FND-001059,R064,twisted/twisted,ac919a6d1b2f91b7dea806bacfae99abab5291d4,"HTTP, Networking & Cloud",Supplementary_Holdout_Pool,unsafe-deserialization,CWE-502,src/twisted/mail/relaymanager.py,572,572,572,2,Bandit|Semgrep,B301|python.security.unsafe-deserialization,2,ALT-001834|ALT-001870,572,ERROR|MEDIUM,HIGH,"Pickle and modules that wrap it can be unsafe when used to deserialize untrusted data, possible security issue. || Potentially unsafe Python object deserialization detected.","            from_, to = pickle.load(fp)",PENDING,PENDING,PENDING,PENDING
FND-001039,R063,grpc/grpc,6e5ac36afeb4a13c9d0c62241c91323c1e8ad8a8,"HTTP, Networking & Cloud",Supplementary_Holdout_Pool,unsafe-deserialization,CWE-502,src/python/grpcio_tests/tests_aio/unit/auth_context_test.py,201,201,201,2,Bandit|Semgrep,B301|python.security.unsafe-deserialization,2,ALT-001805|ALT-001814,201,ERROR|MEDIUM,HIGH,"Pickle and modules that wrap it can be unsafe when used to deserialize untrusted data, possible security issue. || Potentially unsafe Python object deserialization detected.",        auth_data = pickle.loads(response),PENDING,PENDING,PENDING,PENDING
FND-000072,R003,django/django,9193cb54550727a02fd55dab1b430597a9aa4297,Web Frameworks & APIs,Primary_Core_Benchmark,unsafe-deserialization,CWE-502,django/core/cache/backends/locmem.py,43,43,43,2,Bandit|Semgrep,B301|python.security.unsafe-deserialization,2,ALT-000090|ALT-000165,43,ERROR|MEDIUM,HIGH,"Pickle and modules that wrap it can be unsafe when used to deserialize untrusted data, possible security issue. || Potentially unsafe Python object deserialization detected.",        return pickle.loads(pickled),PENDING,PENDING,PENDING,PENDING
FND-000545,R040,celery/celery,07ee451b5313b520ed4f57cfe93d35ac81d0548c,"Databases, Caching & ORM",Primary_Core_Benchmark,unsafe-deserialization,CWE-502,celery/backends/database/__init__.py,220,220,220,2,Bandit|Semgrep,B301|python.security.unsafe-deserialization,2,ALT-000934|ALT-000974,220,ERROR|MEDIUM,HIGH,"Pickle and modules that wrap it can be unsafe when used to deserialize untrusted data, possible security issue. || Potentially unsafe Python object deserialization detected.",            return pickle.loads(payload),PENDING,PENDING,PENDING,PENDING
FND-000596,R040,celery/celery,07ee451b5313b520ed4f57cfe93d35ac81d0548c,"Databases, Caching & ORM",Primary_Core_Benchmark,unsafe-deserialization,CWE-502,t/unit/utils/test_pickle.py,25,25,25,1,Semgrep,python.security.unsafe-deserialization,1,ALT-001025,25,ERROR,,Potentially unsafe Python object deserialization detected.,        unpickled = pickle.loads(pickled),PENDING,PENDING,PENDING,PENDING
FND-000159,R007,bottlepy/bottle,457a8fa82f2c96d18c6f5934288387ad83ac12fa,Web Frameworks & APIs,Primary_Core_Benchmark,unsafe-deserialization,CWE-502,bottle.py,1190,1190,1190,2,Bandit|Semgrep,B301|python.security.unsafe-deserialization,2,ALT-000253|ALT-000259,1190,ERROR|MEDIUM,HIGH,"Pickle and modules that wrap it can be unsafe when used to deserialize untrusted data, possible security issue. || Potentially unsafe Python object deserialization detected.",                    dst = pickle.loads(base64.b64decode(msg)),PENDING,PENDING,PENDING,PENDING
FND-000206,R013,ansible/ansible,3827d66bfbdc568f58cce57b113131598c46cd5a,"HTTP, Networking & Cloud",Primary_Core_Benchmark,unsafe-deserialization,CWE-502,lib/ansible/cli/scripts/ansible_connection_cli_stub.py,242,242,242,2,Bandit|Semgrep,B301|python.security.unsafe-deserialization,2,ALT-000322|ALT-000393,242,ERROR|MEDIUM,HIGH,"Pickle and modules that wrap it can be unsafe when used to deserialize untrusted data, possible security issue. || Potentially unsafe Python object deserialization detected.","        pc_data = pickle.loads(init_data, encoding='bytes')",PENDING,PENDING,PENDING,PENDING
FND-000556,R040,celery/celery,07ee451b5313b520ed4f57cfe93d35ac81d0548c,"Databases, Caching & ORM",Primary_Core_Benchmark,unsafe-deserialization,CWE-502,t/unit/app/test_app.py,928,928,928,1,Semgrep,python.security.unsafe-deserialization,1,ALT-000985,928,ERROR,,Potentially unsafe Python object deserialization detected.,        restored = pickle.loads(saved),PENDING,PENDING,PENDING,PENDING
FND-000485,R035,coleifer/peewee,c6328d6c91120b3d04878921a0af64a9ee78c866,"Databases, Caching & ORM",Primary_Core_Benchmark,unsafe-deserialization,CWE-502,playhouse/fields.py,52,52,52,2,Bandit|Semgrep,B301|python.security.unsafe-deserialization,2,ALT-000845|ALT-000852,52,ERROR|MEDIUM,HIGH,"Pickle and modules that wrap it can be unsafe when used to deserialize untrusted data, possible security issue. || Potentially unsafe Python object deserialization detected.",            return pickle.loads(value),PENDING,PENDING,PENDING,PENDING
FND-000170,R008,cherrypy/cherrypy,1f75bc9eed8e0e385f64f368bd69f58d96fb8c2b,Web Frameworks & APIs,Primary_Core_Benchmark,unsafe-deserialization,CWE-502,cherrypy/lib/sessions.py,569,569,569,2,Bandit|Semgrep,B301|python.security.unsafe-deserialization,2,ALT-000270|ALT-000276,569,ERROR|MEDIUM,HIGH,"Pickle and modules that wrap it can be unsafe when used to deserialize untrusted data, possible security issue. || Potentially unsafe Python object deserialization detected.",                return pickle.load(f),PENDING,PENDING,PENDING,PENDING
FND-000425,R025,pydantic/pydantic,c23cb86ef197693fc016437614f174252a3d189a,Data Validation & Serialization,Primary_Core_Benchmark,unsafe-deserialization,CWE-502,pydantic/v1/parse.py,42,42,42,2,Bandit|Semgrep,B301|python.security.unsafe-deserialization,2,ALT-000762|ALT-000774,42,ERROR|MEDIUM,HIGH,"Pickle and modules that wrap it can be unsafe when used to deserialize untrusted data, possible security issue. || Potentially unsafe Python object deserialization detected.",        return pickle.loads(bb),PENDING,PENDING,PENDING,PENDING
FND-000416,R025,pydantic/pydantic,c23cb86ef197693fc016437614f174252a3d189a,Data Validation & Serialization,Primary_Core_Benchmark,subprocess-execution,CWE-78,.github/actions/people/people.py,761,761,761,2,Bandit|Semgrep,B603|python.security.subprocess-execution,2,ALT-000753|ALT-000765,761,LOW|WARNING,HIGH,Subprocess execution should be reviewed for untrusted input. || subprocess call - check for execution of untrusted input.,"    subprocess.run(['git', 'config', 'user.name', 'github-actions'], check=True)",PENDING,PENDING,PENDING,PENDING
FND-000234,R013,ansible/ansible,3827d66bfbdc568f58cce57b113131598c46cd5a,"HTTP, Networking & Cloud",Primary_Core_Benchmark,subprocess-execution,CWE-78,lib/ansible/modules/user.py,1297,1302,1297,2,Bandit|Semgrep,B603|python.security.subprocess-execution,2,ALT-000346|ALT-000422,1297,LOW|WARNING,HIGH,Subprocess execution should be reviewed for untrusted input. || subprocess call - check for execution of untrusted input.,"                p = subprocess.Popen([to_bytes(c) for c in cmd],
                                     stdin=slave_in_fd,
                                     stdout=slave_out_fd,
                                     stderr=slave_err_fd,
                                     preexec_fn=os.setsid,
                                     env=env)",PENDING,PENDING,PENDING,PENDING
FND-001161,R072,hypothesisworks/hypothesis,a8dcd7422a325926693b5464f73349e361562b7c,"CLI, Tooling & Systems",Supplementary_Holdout_Pool,subprocess-execution,CWE-78,tooling/src/hypothesistooling/installers.py,117,117,117,2,Bandit|Semgrep,B603|python.security.subprocess-execution,2,ALT-002001|ALT-002062,117,LOW|WARNING,HIGH,Subprocess execution should be reviewed for untrusted input. || subprocess call - check for execution of untrusted input.,"    subprocess.check_call([STACK, ""install"", ""ShellCheck""])",PENDING,PENDING,PENDING,PENDING
FND-000922,R053,numpy/numpy,43a7a41747f860a09f2c5b9a2fe5a97c7f5f8004,Data Science & ML,Supplementary_Holdout_Pool,code-execution-eval,CWE-78,numpy/f2py/crackfortran.py,2648,2648,2648,2,Bandit|Semgrep,B307|python.security.eval,2,ALT-001554|ALT-001587,2648,ERROR|MEDIUM,HIGH,Use of eval() can evaluate untrusted expressions. || Use of possibly insecure function - consider using safer ast.literal_eval.,"                    l = str(eval(l, {}, params))",PENDING,PENDING,PENDING,PENDING
FND-000145,R004,tornadoweb/tornado,0096f2897c98facdcd9716009ee934a7381af5ef,Web Frameworks & APIs,Primary_Core_Benchmark,subprocess-execution,CWE-78,maint/vm/windows/bootstrap.py,65,66,65,2,Bandit|Semgrep,B603|python.security.subprocess-execution,2,ALT-000225|ALT-000234,65,LOW|WARNING,HIGH,Subprocess execution should be reviewed for untrusted input. || subprocess call - check for execution of untrusted input.,"        subprocess.check_call(['msiexec', '/i', filename,
                               'ALLUSERS=1', '/passive'])",PENDING,PENDING,PENDING,PENDING
FND-000296,R016,certbot/certbot,56ee04928d677d82c6a375a7c7b48e8ce13bb6bc,"HTTP, Networking & Cloud",Primary_Core_Benchmark,subprocess-execution,CWE-78,certbot/src/certbot/_internal/plugins/nginx/configurator.py,1044,1050,1044,2,Bandit|Semgrep,B603|python.security.subprocess-execution,2,ALT-000488|ALT-000545,1044,LOW|WARNING,HIGH,Subprocess execution should be reviewed for untrusted input. || subprocess call - check for execution of untrusted input.,"            proc = subprocess.run(
                [self.conf('ctl'), ""-c"", self.nginx_conf, ""-V""],
                stdout=subprocess.PIPE,
                stderr=subprocess.PIPE,
                universal_newlines=True,
                check=False,
                env=util.env_no_snap_for_external_calls())",PENDING,PENDING,PENDING,PENDING
FND-000469,R033,sqlalchemy/sqlalchemy,de83fa72d787136785624fd8981e1d71e9f427ab,"Databases, Caching & ORM",Primary_Core_Benchmark,code-execution-exec,CWE-78,lib/sqlalchemy/util/langhelpers.py,2157,2157,2157,2,Bandit|Semgrep,B102|python.security.exec,2,ALT-000801|ALT-000831,2157,ERROR|MEDIUM,HIGH,Use of exec detected. || Use of exec() can execute dynamically supplied code.,"    exec(code, env)",PENDING,PENDING,PENDING,PENDING
FND-000035,R002,pallets/flask,d318b683471101618febed18996405ad26462110,Web Frameworks & APIs,Primary_Core_Benchmark,code-execution-exec,CWE-78,src/flask/config.py,209,209,209,2,Bandit|Semgrep,B102|python.security.exec,2,ALT-000068|ALT-000071,209,ERROR|MEDIUM,HIGH,Use of exec detected. || Use of exec() can execute dynamically supplied code.,"                exec(compile(config_file.read(), filename, ""exec""), d.__dict__)",PENDING,PENDING,PENDING,PENDING
FND-000411,R024,pre-commit/pre-commit,a9bba55a3f74068b53f4bd4d831d7e05e34eae6c,"CLI, Tooling & Systems",Primary_Core_Benchmark,subprocess-execution,CWE-78,pre_commit/commands/hook_impl.py,164,164,164,2,Bandit|Semgrep,B603|python.security.subprocess-execution,2,ALT-000736|ALT-000748,164,LOW|WARNING,HIGH,Subprocess execution should be reviewed for untrusted input. || subprocess call - check for execution of untrusted input.,                    source = subprocess.check_output(rev_cmd).decode().strip(),PENDING,PENDING,PENDING,PENDING
FND-001172,R074,dateutil/dateutil,48bd1af97e71baf8e96fce5b663d589caac8f147,Data Validation & Serialization,Supplementary_Holdout_Pool,subprocess-execution,CWE-78,src/dateutil/zoneinfo/rebuild.py,62,62,62,2,Bandit|Semgrep,B603|python.security.subprocess-execution,2,ALT-002074|ALT-002076,62,LOW|WARNING,HIGH,Subprocess execution should be reviewed for untrusted input. || subprocess call - check for execution of untrusted input.,"    check_call([""zic""] + bloat_args + [""-d"", zonedir] + filepaths)",PENDING,PENDING,PENDING,PENDING
FND-000874,R051,scikit-learn/scikit-learn,9bafc1c9cab99aa036aba8207125637c39fd22db,Data Science & ML,Supplementary_Holdout_Pool,code-execution-exec,CWE-78,sklearn/externals/array_api_compat/_internal.py,64,64,64,2,Bandit|Semgrep,B102|python.security.exec,2,ALT-001476|ALT-001489,64,ERROR|MEDIUM,HIGH,Use of exec detected. || Use of exec() can execute dynamically supplied code.,"    exec(f""from {mod.__name__} import *"", objs)",PENDING,PENDING,PENDING,PENDING
FND-001016,R059,scrapy/scrapy,9344d60dd1ca211d7ca43ff9f37ac20473b28d88,Web Frameworks & APIs,Supplementary_Holdout_Pool,code-execution-eval,CWE-78,scrapy/utils/engine.py,35,35,35,2,Bandit|Semgrep,B307|python.security.eval,2,ALT-001752|ALT-001768,35,ERROR|MEDIUM,HIGH,Use of eval() can evaluate untrusted expressions. || Use of possibly insecure function - consider using safer ast.literal_eval.,"            checks += [(test, eval(test))]  # noqa: S307",PENDING,PENDING,PENDING,PENDING
FND-000387,R021,tox-dev/tox,6485a013e46b3cfe8f43002f6aa80e6e390efbfe,"CLI, Tooling & Systems",Primary_Core_Benchmark,subprocess-execution,CWE-78,src/tox/tox_env/python/virtual_env/subprocess_adapter.py,220,220,220,2,Bandit|Semgrep,B603|python.security.subprocess-execution,2,ALT-000690|ALT-000700,220,LOW|WARNING,HIGH,Subprocess execution should be reviewed for untrusted input. || subprocess call - check for execution of untrusted input.,"        result = subprocess.run([str(pip), ""install"", virtualenv_spec], capture_output=True, text=True, check=False)",PENDING,PENDING,PENDING,PENDING
FND-000913,R053,numpy/numpy,43a7a41747f860a09f2c5b9a2fe5a97c7f5f8004,Data Science & ML,Supplementary_Holdout_Pool,code-execution-eval,CWE-78,numpy/f2py/auxfuncs.py,662,662,662,2,Bandit|Semgrep,B307|python.security.eval,2,ALT-001545|ALT-001578,662,ERROR|MEDIUM,HIGH,Use of eval() can evaluate untrusted expressions. || Use of possibly insecure function - consider using safer ast.literal_eval.,"    return eval(f""{l1}:{' or '.join(l2)}"")",PENDING,PENDING,PENDING,PENDING
FND-000366,R020,pytest-dev/pytest,431f3e1f5fd70b9b0f8afa2d20a10421542e5c6a,"CLI, Tooling & Systems",Primary_Core_Benchmark,subprocess-execution,CWE-78,scripts/release.py,82,85,82,2,Bandit|Semgrep,B603|python.security.subprocess-execution,2,ALT-000637|ALT-000668,82,LOW|WARNING,HIGH,Subprocess execution should be reviewed for untrusted input. || subprocess call - check for execution of untrusted input.,"    check_call(
        [""tox"", ""-e"", ""regen""],
        env={**os.environ, ""SETUPTOOLS_SCM_PRETEND_VERSION_FOR_PYTEST"": version},
    )",PENDING,PENDING,PENDING,PENDING
FND-000977,R058,pypa/setuptools,7d531288b7c8708d4cc186213da93eaf5d11833d,"CLI, Tooling & Systems",Supplementary_Holdout_Pool,subprocess-execution,CWE-78,setuptools/_distutils/compilers/C/cygwin.py,341,341,341,2,Bandit|Semgrep,B603|python.security.subprocess-execution,2,ALT-001678|ALT-001706,341,LOW|WARNING,HIGH,Subprocess execution should be reviewed for untrusted input. || subprocess call - check for execution of untrusted input.,    out_string = subprocess.check_output(shlex.split(cc) + ['-dumpmachine']),PENDING,PENDING,PENDING,PENDING
FND-001222,R091,simonw/datasette,bdc973174096cae350ddaa733a10ed8b3ffd970b,"Databases, Caching & ORM",Supplementary_Holdout_Pool,subprocess-shell-true,CWE-78,datasette/publish/cloudrun.py,125,127,125,2,Bandit|Semgrep,B602|python.security.subprocess-shell-true,2,ALT-002149|ALT-002217,125|126,ERROR|LOW,HIGH,"Subprocess execution with shell=True can enable command injection. || subprocess call with shell=True seems safe, but may be changed in the future, consider rewriting without shell","        project = check_output(
            ""gcloud config get-value project"", shell=True, universal_newlines=True
        ).strip()",PENDING,PENDING,PENDING,PENDING
FND-001043,R064,twisted/twisted,ac919a6d1b2f91b7dea806bacfae99abab5291d4,"HTTP, Networking & Cloud",Supplementary_Holdout_Pool,code-execution-exec,CWE-78,src/twisted/conch/recvline.py,90,90,90,2,Bandit|Semgrep,B102|python.security.exec,2,ALT-001818|ALT-001854,90,ERROR|MEDIUM,HIGH,Use of exec detected. || Use of exec() can execute dynamically supplied code.,        exec(execStr),PENDING,PENDING,PENDING,PENDING
FND-000966,R057,pypa/virtualenv,2ef85af47fcae15625ca7ad6f77452d5c78fadb2,"CLI, Tooling & Systems",Supplementary_Holdout_Pool,subprocess-execution,CWE-78,tasks/make_zipapp.py,252,258,252,2,Bandit|Semgrep,B603|python.security.subprocess-execution,2,ALT-001653|ALT-001667,252,LOW|WARNING,HIGH,Subprocess execution should be reviewed for untrusted input. || subprocess call - check for execution of untrusted input.,"    process = subprocess.Popen(
        cmd,
        stdout=subprocess.PIPE,
        stderr=subprocess.PIPE,
        universal_newlines=True,
        encoding=""utf-8"",
    )",PENDING,PENDING,PENDING,PENDING
FND-000019,R001,tiangolo/fastapi,50113da16fec53b66b80d75e80a89296de4fa5a5,Web Frameworks & APIs,Primary_Core_Benchmark,subprocess-execution,CWE-78,scripts/sponsors.py,200,200,200,2,Bandit|Semgrep,B603|python.security.subprocess-execution,2,ALT-000019|ALT-000052,200,LOW|WARNING,HIGH,Subprocess execution should be reviewed for untrusted input. || subprocess call - check for execution of untrusted input.,"    subprocess.run([""git"", ""checkout"", ""-b"", branch_name], check=True)",PENDING,PENDING,PENDING,PENDING
FND-000472,R033,sqlalchemy/sqlalchemy,de83fa72d787136785624fd8981e1d71e9f427ab,"Databases, Caching & ORM",Primary_Core_Benchmark,code-execution-eval,CWE-78,lib/sqlalchemy/util/typing.py,267,267,267,2,Bandit|Semgrep,B307|python.security.eval,2,ALT-000804|ALT-000834,267,ERROR|MEDIUM,HIGH,Use of eval() can evaluate untrusted expressions. || Use of possibly insecure function - consider using safer ast.literal_eval.,"            annotation = eval(expression, base_globals, locals_)",PENDING,PENDING,PENDING,PENDING
FND-000518,R037,mongodb/mongo-python-driver,4dd73032d98146fd97bedfb8434bff2f458bc26f,"Databases, Caching & ORM",Primary_Core_Benchmark,subprocess-execution,CWE-78,pymongo/daemon.py,98,104,98,2,Bandit|Semgrep,B603|python.security.subprocess-execution,2,ALT-000883|ALT-000905,98,LOW|WARNING,HIGH,Subprocess execution should be reviewed for untrusted input. || subprocess call - check for execution of untrusted input.,"                return subprocess.Popen(  # noqa: S603
                    args,
                    close_fds=True,
                    stdin=devnull,
                    stderr=devnull,
                    stdout=devnull,
                )",PENDING,PENDING,PENDING,PENDING
FND-000321,R016,certbot/certbot,56ee04928d677d82c6a375a7c7b48e8ce13bb6bc,"HTTP, Networking & Cloud",Primary_Core_Benchmark,subprocess-execution,CWE-78,tools/venv.py,101,103,101,2,Bandit|Semgrep,B603|python.security.subprocess-execution,2,ALT-000513|ALT-000570,101,LOW|WARNING,HIGH,Subprocess execution should be reviewed for untrusted input. || subprocess call - check for execution of untrusted input.,"            return subprocess.check_output(['py', env_arg, '-c',
                                            'import sys; sys.stdout.write(sys.executable);'],
                                           universal_newlines=True)",PENDING,PENDING,PENDING,PENDING
FND-000376,R020,pytest-dev/pytest,431f3e1f5fd70b9b0f8afa2d20a10421542e5c6a,"CLI, Tooling & Systems",Primary_Core_Benchmark,code-execution-eval,CWE-78,src/_pytest/mark/expression.py,363,363,363,2,Bandit|Semgrep,B307|python.security.eval,2,ALT-000646|ALT-000679,363,ERROR|MEDIUM,HIGH,Use of eval() can evaluate untrusted expressions. || Use of possibly insecure function - consider using safer ast.literal_eval.,"        return bool(eval(self._code, {""__builtins__"": {}}, MatcherAdapter(matcher)))",PENDING,PENDING,PENDING,PENDING
FND-000272,R016,certbot/certbot,56ee04928d677d82c6a375a7c7b48e8ce13bb6bc,"HTTP, Networking & Cloud",Primary_Core_Benchmark,subprocess-execution,CWE-78,certbot-ci/src/certbot_integration_tests/utils/dns_server.py,90,107,90,2,Bandit|Semgrep,B603|python.security.subprocess-execution,2,ALT-000464|ALT-000521,90,LOW|WARNING,HIGH,Subprocess execution should be reviewed for untrusted input. || subprocess call - check for execution of untrusted input.,"        self.process = subprocess.Popen(
            [
                ""docker"",
                ""run"",
                ""--rm"",
                ""-p"",
                ""{}:53/udp"".format(addr_str),
                ""-p"",
                ""{}:53/tcp"".format(addr_str),
                ""-v"",
                ""{}/conf:/etc/bind"".format(self.bind_root),
                ""-v"",
                ""{}/zones:/var/lib/bind"".format(self.bind_root),
                BIND_DOCKER_IMAGE,
            ],
            stdout=self._output,
            stderr=self._output,
        )",PENDING,PENDING,PENDING,PENDING
FND-000399,R022,psf/black,20622e1259c29bda81831962ace1348ba1921c84,"CLI, Tooling & Systems",Primary_Core_Benchmark,code-execution-eval,CWE-78,src/blib2to3/pgen2/conv.py,186,186,186,2,Bandit|Semgrep,B307|python.security.eval,2,ALT-000712|ALT-000724,186,ERROR|MEDIUM,HIGH,Use of eval() can evaluate untrusted expressions. || Use of possibly insecure function - consider using safer ast.literal_eval.,            rawbitset = eval(mo.group(1)),PENDING,PENDING,PENDING,PENDING
FND-000393,R022,psf/black,20622e1259c29bda81831962ace1348ba1921c84,"CLI, Tooling & Systems",Primary_Core_Benchmark,subprocess-execution,CWE-78,action/main.py,159,165,159,2,Bandit|Semgrep,B603|python.security.subprocess-execution,2,ALT-000706|ALT-000718,159,LOW|WARNING,HIGH,Subprocess execution should be reviewed for untrusted input. || subprocess call - check for execution of untrusted input.,"pip_proc = run(
    [str(ENV_BIN / ""python""), ""-m"", ""pip"", ""install"", req],
    stdout=PIPE,
    stderr=STDOUT,
    encoding=""utf-8"",
    cwd=ACTION_PATH,
)",PENDING,PENDING,PENDING,PENDING
FND-000551,R040,celery/celery,07ee451b5313b520ed4f57cfe93d35ac81d0548c,"Databases, Caching & ORM",Primary_Core_Benchmark,subprocess-execution,CWE-78,t/integration/test_worker.py,15,17,15,2,Bandit|Semgrep,B603|python.security.subprocess-execution,2,ALT-000937|ALT-000980,15,LOW|WARNING,HIGH,Subprocess execution should be reviewed for untrusted input. || subprocess call - check for execution of untrusted input.,"        subprocess.check_output(
            [""celery"", ""--config"", ""t.integration.worker_config"", ""worker""],
            stderr=subprocess.STDOUT)",PENDING,PENDING,PENDING,PENDING
FND-000823,R046,Gallopsled/pwntools,1429a134ecf88eb9af70e05bf6c912f45dfde224,"Security, Cryptography & Auth",Primary_Core_Benchmark,code-execution-exec,CWE-78,travis/coverage_chdir.py,12,12,12,2,Bandit|Semgrep,B102|python.security.exec,2,ALT-001319|ALT-001383,12,ERROR|MEDIUM,HIGH,Use of exec detected. || Use of exec() can execute dynamically supplied code.,"exec(code, globals())",PENDING,PENDING,PENDING,PENDING
FND-000135,R003,django/django,9193cb54550727a02fd55dab1b430597a9aa4297,Web Frameworks & APIs,Primary_Core_Benchmark,subprocess-execution,CWE-78,scripts/archive_eol_stable_branches.py,18,20,18,2,Bandit|Semgrep,B603|python.security.subprocess-execution,2,ALT-000130|ALT-000215,18,LOW|WARNING,HIGH,Subprocess execution should be reviewed for untrusted input. || subprocess call - check for execution of untrusted input.,"            result = subprocess.check_output(
                cmd, cwd=cwd, env=environ, stderr=subprocess.STDOUT
            )",PENDING,PENDING,PENDING,PENDING
FND-000359,R020,pytest-dev/pytest,431f3e1f5fd70b9b0f8afa2d20a10421542e5c6a,"CLI, Tooling & Systems",Primary_Core_Benchmark,subprocess-execution,CWE-78,scripts/prepare-release-pr.py,122,125,122,2,Bandit|Semgrep,B603|python.security.subprocess-execution,2,ALT-000630|ALT-000661,122,LOW|WARNING,HIGH,Subprocess execution should be reviewed for untrusted input. || subprocess call - check for execution of untrusted input.,"    run(
        [""git"", ""push"", ""origin"", f""HEAD:{release_branch}"", ""--force""],
        check=True,
    )",PENDING,PENDING,PENDING,PENDING
FND-000973,R058,pypa/setuptools,7d531288b7c8708d4cc186213da93eaf5d11833d,"CLI, Tooling & Systems",Supplementary_Holdout_Pool,subprocess-execution,CWE-78,exercises.py,6,6,6,2,Bandit|Semgrep,B603|python.security.subprocess-execution,2,ALT-001674|ALT-001702,6,LOW|WARNING,HIGH,Subprocess execution should be reviewed for untrusted input. || subprocess call - check for execution of untrusted input.,"    subprocess.check_call([sys.executable, '-c', 'pass'])",PENDING,PENDING,PENDING,PENDING
FND-000843,R050,pypa/pip,ee09c40be785948a56b6321f336901b4e6f39ab2,"Security, Cryptography & Auth",Primary_Core_Benchmark,subprocess-execution,CWE-78,src/pip/_internal/network/auth.py,171,176,171,2,Bandit|Semgrep,B603|python.security.subprocess-execution,2,ALT-001416|ALT-001446,171,LOW|WARNING,HIGH,Subprocess execution should be reviewed for untrusted input. || subprocess call - check for execution of untrusted input.,"        subprocess.run(
            [self.keyring, ""set"", service_name, username],
            input=f""{password}{os.linesep}"".encode(),
            env=env,
            check=True,
        )",PENDING,PENDING,PENDING,PENDING
FND-000685,R045,sqlmapproject/sqlmap,1ee368f78a73ccc1c193af32d4e70c1244be5865,"Security, Cryptography & Auth",Primary_Core_Benchmark,subprocess-shell-true,CWE-78,lib/core/update.py,138,138,138,2,Bandit|Semgrep,B602|python.security.subprocess-shell-true,2,ALT-001123|ALT-001249,138,ERROR|HIGH,HIGH,"Subprocess execution with shell=True can enable command injection. || subprocess call with shell=True identified, security issue.","            process = subprocess.Popen(""git checkout . && git pull %s HEAD"" % GIT_REPOSITORY, shell=True, stdout=subprocess.PIPE, stderr=subprocess.STDOUT, cwd=paths.SQLMAP_ROOT_PATH)",PENDING,PENDING,PENDING,PENDING
FND-001166,R072,hypothesisworks/hypothesis,a8dcd7422a325926693b5464f73349e361562b7c,"CLI, Tooling & Systems",Supplementary_Holdout_Pool,subprocess-execution,CWE-78,whole_repo_tests/types/test_mypy.py,45,56,45,2,Bandit|Semgrep,B603|python.security.subprocess-execution,2,ALT-002006|ALT-002067,45,LOW|WARNING,HIGH,Subprocess execution should be reviewed for untrusted input. || subprocess call - check for execution of untrusted input.,"    proc = subprocess.run(
        [
            tool_path(""mypy""),
            ""--cache-dir"",
            f"".mypy_caches/{worker_id}"",
            *extra_args,
            str(fname),
        ],
        encoding=""utf-8"",
        capture_output=True,
        text=True,
    )",PENDING,PENDING,PENDING,PENDING
FND-000354,R020,pytest-dev/pytest,431f3e1f5fd70b9b0f8afa2d20a10421542e5c6a,"CLI, Tooling & Systems",Primary_Core_Benchmark,subprocess-execution,CWE-78,scripts/prepare-release-pr.py,59,59,59,2,Bandit|Semgrep,B603|python.security.subprocess-execution,2,ALT-000625|ALT-000656,59,LOW|WARNING,HIGH,Subprocess execution should be reviewed for untrusted input. || subprocess call - check for execution of untrusted input.,"    check_call([""git"", ""checkout"", f""origin/{base_branch}""])",PENDING,PENDING,PENDING,PENDING
FND-001233,R091,simonw/datasette,bdc973174096cae350ddaa733a10ed8b3ffd970b,"Databases, Caching & ORM",Supplementary_Holdout_Pool,subprocess-execution,CWE-78,datasette/publish/heroku.py,151,151,151,2,Bandit|Semgrep,B603|python.security.subprocess-execution,2,ALT-002160|ALT-002228,151,LOW|WARNING,HIGH,Subprocess execution should be reviewed for untrusted input. || subprocess call - check for execution of untrusted input.,"                call([""heroku"", ""config:set"", ""-a"", app_name, f""{key}={value}""])",PENDING,PENDING,PENDING,PENDING
FND-000332,R017,pallets/click,6aabf099bfdd4c1e75fe8d0e0d4241372b988ab1,"CLI, Tooling & Systems",Primary_Core_Benchmark,subprocess-execution,CWE-78,src/click/_termui_impl.py,856,856,856,2,Bandit|Semgrep,B603|python.security.subprocess-execution,2,ALT-000579|ALT-000587,856,LOW|WARNING,HIGH,Subprocess execution should be reviewed for untrusted input. || subprocess call - check for execution of untrusted input.,"        c = subprocess.Popen([""xdg-open"", url])",PENDING,PENDING,PENDING,PENDING
FND-000908,R053,numpy/numpy,43a7a41747f860a09f2c5b9a2fe5a97c7f5f8004,Data Science & ML,Supplementary_Holdout_Pool,code-execution-eval,CWE-78,numpy/_build_utils/tempita/_tempita.py,320,320,320,2,Bandit|Semgrep,B307|python.security.eval,2,ALT-001540|ALT-001573,320,ERROR|MEDIUM,HIGH,Use of eval() can evaluate untrusted expressions. || Use of possibly insecure function - consider using safer ast.literal_eval.,"                value = eval(code, self.default_namespace, ns)",PENDING,PENDING,PENDING,PENDING
FND-000421,R025,pydantic/pydantic,c23cb86ef197693fc016437614f174252a3d189a,Data Validation & Serialization,Primary_Core_Benchmark,subprocess-execution,CWE-78,.github/actions/people/people.py,773,773,773,2,Bandit|Semgrep,B603|python.security.subprocess-execution,2,ALT-000758|ALT-000770,773,LOW|WARNING,HIGH,Subprocess execution should be reviewed for untrusted input. || subprocess call - check for execution of untrusted input.,"    subprocess.run(['git', 'push', 'origin', branch_name], check=True)",PENDING,PENDING,PENDING,PENDING
FND-000325,R016,certbot/certbot,56ee04928d677d82c6a375a7c7b48e8ce13bb6bc,"HTTP, Networking & Cloud",Primary_Core_Benchmark,subprocess-shell-true,CWE-78,tools/venv.py,137,137,137,1,Bandit,B602,1,ALT-000515,137,HIGH,HIGH,"subprocess call with shell=True identified, security issue.","    return subprocess.check_output(cmd, env=env, shell=shell)",PENDING,PENDING,PENDING,PENDING
FND-000728,R045,sqlmapproject/sqlmap,1ee368f78a73ccc1c193af32d4e70c1244be5865,"Security, Cryptography & Auth",Primary_Core_Benchmark,subprocess-execution,CWE-78,lib/utils/library.py,148,148,148,2,Bandit|Semgrep,B603|python.security.subprocess-execution,2,ALT-001169|ALT-001276,148,LOW|WARNING,HIGH,Subprocess execution should be reviewed for untrusted input. || subprocess call - check for execution of untrusted input.,"        process = subprocess.Popen(argv, **kwargs)",PENDING,PENDING,PENDING,PENDING
FND-001141,R072,hypothesisworks/hypothesis,a8dcd7422a325926693b5464f73349e361562b7c,"CLI, Tooling & Systems",Supplementary_Holdout_Pool,subprocess-execution,CWE-78,tooling/src/hypothesistooling/__main__.py,1143,1143,1143,2,Bandit|Semgrep,B603|python.security.subprocess-execution,2,ALT-001981|ALT-002042,1143,LOW|WARNING,HIGH,Subprocess execution should be reviewed for untrusted input. || subprocess call - check for execution of untrusted input.,"    subprocess.check_call([sys.executable, ""-m"", ""pytest"", *args])",PENDING,PENDING,PENDING,PENDING
FND-000729,R045,sqlmapproject/sqlmap,1ee368f78a73ccc1c193af32d4e70c1244be5865,"Security, Cryptography & Auth",Primary_Core_Benchmark,subprocess-execution,CWE-78,lib/utils/tui.py,728,736,728,2,Bandit|Semgrep,B603|python.security.subprocess-execution,2,ALT-001170|ALT-001277,728|730,LOW|WARNING,HIGH,Subprocess execution should be reviewed for untrusted input. || subprocess call - check for execution of untrusted input.,"            process = subprocess.Popen(
                [sys.executable or ""python"", os.path.join(paths.SQLMAP_ROOT_PATH, ""sqlmap.py""), ""-c"", configFile],
                shell=False,
                stdout=subprocess.PIPE,
                stderr=subprocess.STDOUT,
                stdin=subprocess.PIPE,
                bufsize=1,
                close_fds=not IS_WIN
            )",PENDING,PENDING,PENDING,PENDING
FND-000506,R037,mongodb/mongo-python-driver,4dd73032d98146fd97bedfb8434bff2f458bc26f,"Databases, Caching & ORM",Primary_Core_Benchmark,subprocess-execution,CWE-78,.evergreen/scripts/resync-all-specs.py,49,60,49,2,Bandit|Semgrep,B603|python.security.subprocess-execution,2,ALT-000872|ALT-000893,49,LOW|WARNING,HIGH,Subprocess execution should be reviewed for untrusted input. || subprocess call - check for execution of untrusted input.,"                subprocess.run(  # noqa: S603
                    [  # noqa: S607
                        ""git"",
                        ""apply"",
                        ""-R"",
                        ""--allow-empty"",
                        ""--whitespace=fix"",
                        str(patch),
                    ],
                    check=True,
                    stderr=subprocess.PIPE,
                )",PENDING,PENDING,PENDING,PENDING
FND-000412,R024,pre-commit/pre-commit,a9bba55a3f74068b53f4bd4d831d7e05e34eae6c,"CLI, Tooling & Systems",Primary_Core_Benchmark,subprocess-execution,CWE-78,pre_commit/commands/run.py,317,320,317,2,Bandit|Semgrep,B603|python.security.subprocess-execution,2,ALT-000737|ALT-000749,317,LOW|WARNING,HIGH,Subprocess execution should be reviewed for untrusted input. || subprocess call - check for execution of untrusted input.,"        subprocess.call((
            'git', '--no-pager', 'diff', '--no-ext-diff',
            f'--color={git_color_opt}',
        ))",PENDING,PENDING,PENDING,PENDING
FND-000462,R033,sqlalchemy/sqlalchemy,de83fa72d787136785624fd8981e1d71e9f427ab,"Databases, Caching & ORM",Primary_Core_Benchmark,code-execution-eval,CWE-78,lib/sqlalchemy/orm/clsregistry.py,592,592,592,2,Bandit|Semgrep,B307|python.security.eval,2,ALT-000794|ALT-000828,592,ERROR|MEDIUM,HIGH,Use of eval() can evaluate untrusted expressions. || Use of possibly insecure function - consider using safer ast.literal_eval.,"                x = eval(self.arg, globals(), self._dict)",PENDING,PENDING,PENDING,PENDING
FND-000157,R006,aio-libs/aiohttp,a5fba5b4d3ce962db5f4c40865fdb270170d7840,Web Frameworks & APIs,Primary_Core_Benchmark,subprocess-execution,CWE-78,tools/cleanup_changes.py,38,38,38,2,Bandit|Semgrep,B603|python.security.subprocess-execution,2,ALT-000246|ALT-000251,38,LOW|WARNING,HIGH,Subprocess execution should be reviewed for untrusted input. || subprocess call - check for execution of untrusted input.,"                subprocess.run([""git"", ""rm"", fname])",PENDING,PENDING,PENDING,PENDING
FND-000512,R037,mongodb/mongo-python-driver,4dd73032d98146fd97bedfb8434bff2f458bc26f,"Databases, Caching & ORM",Primary_Core_Benchmark,subprocess-execution,CWE-78,.evergreen/scripts/utils.py,305,305,305,2,Bandit|Semgrep,B603|python.security.subprocess-execution,2,ALT-000878|ALT-000899,305,LOW|WARNING,HIGH,Subprocess execution should be reviewed for untrusted input. || subprocess call - check for execution of untrusted input.,"        subprocess.run(shlex.split(cmd), **kwargs)  # noqa: PLW1510, S603",PENDING,PENDING,PENDING,PENDING
FND-001072,R064,twisted/twisted,ac919a6d1b2f91b7dea806bacfae99abab5291d4,"HTTP, Networking & Cloud",Supplementary_Holdout_Pool,code-execution-eval,CWE-78,src/twisted/web/script.py,93,93,93,2,Bandit|Semgrep,B307|python.security.eval,2,ALT-001847|ALT-001883,93,ERROR|MEDIUM,HIGH,Use of eval() can evaluate untrusted expressions. || Use of possibly insecure function - consider using safer ast.literal_eval.,"    eval(code, glob, glob)",PENDING,PENDING,PENDING,PENDING
FND-000228,R013,ansible/ansible,3827d66bfbdc568f58cce57b113131598c46cd5a,"HTTP, Networking & Cloud",Primary_Core_Benchmark,subprocess-execution,CWE-78,lib/ansible/modules/mount_facts.py,265,265,265,2,Bandit|Semgrep,B603|python.security.subprocess-execution,2,ALT-000342|ALT-000416,265,LOW|WARNING,HIGH,Subprocess execution should be reviewed for untrusted input. || subprocess call - check for execution of untrusted input.,"        lsblk_output = subprocess.check_output(cmd, text=True, timeout=module.params[""timeout""])",PENDING,PENDING,PENDING,PENDING
FND-000847,R050,pypa/pip,ee09c40be785948a56b6321f336901b4e6f39ab2,"Security, Cryptography & Auth",Primary_Core_Benchmark,subprocess-execution,CWE-78,src/pip/_vendor/distlib/util.py,1785,1785,1785,2,Bandit|Semgrep,B603|python.security.subprocess-execution,2,ALT-001420|ALT-001449,1785,LOW|WARNING,HIGH,Subprocess execution should be reviewed for untrusted input. || subprocess call - check for execution of untrusted input.,"        p = subprocess.Popen(cmd, stdout=subprocess.PIPE, stderr=subprocess.PIPE, **kwargs)",PENDING,PENDING,PENDING,PENDING
FND-001204,R091,simonw/datasette,bdc973174096cae350ddaa733a10ed8b3ffd970b,"Databases, Caching & ORM",Supplementary_Holdout_Pool,subprocess-execution,CWE-78,datasette/cli.py,306,306,306,2,Bandit|Semgrep,B603|python.security.subprocess-execution,2,ALT-002125|ALT-002215,306,LOW|WARNING,HIGH,Subprocess execution should be reviewed for untrusted input. || subprocess call - check for execution of untrusted input.,        call(args),PENDING,PENDING,PENDING,PENDING
FND-000801,R046,Gallopsled/pwntools,1429a134ecf88eb9af70e05bf6c912f45dfde224,"Security, Cryptography & Auth",Primary_Core_Benchmark,code-execution-exec,CWE-78,pwnlib/internal/dochelper.py,21,21,21,2,Bandit|Semgrep,B102|python.security.exec,2,ALT-001306|ALT-001349,21,ERROR|MEDIUM,HIGH,Use of exec detected. || Use of exec() can execute dynamically supplied code.,"            exec('\n'.join(self.content), globals())",PENDING,PENDING,PENDING,PENDING
FND-000965,R057,pypa/virtualenv,2ef85af47fcae15625ca7ad6f77452d5c78fadb2,"CLI, Tooling & Systems",Supplementary_Holdout_Pool,subprocess-execution,CWE-78,src/virtualenv/util/subprocess/__init__.py,27,34,27,2,Bandit|Semgrep,B603|python.security.subprocess-execution,2,ALT-001652|ALT-001666,27,LOW|WARNING,HIGH,Subprocess execution should be reviewed for untrusted input. || subprocess call - check for execution of untrusted input.,"        process = subprocess.Popen(
            cmd,
            universal_newlines=True,
            stdin=subprocess.PIPE,
            stderr=subprocess.PIPE,
            stdout=subprocess.PIPE,
            encoding=""utf-8"",
        )",PENDING,PENDING,PENDING,PENDING
FND-000004,R001,tiangolo/fastapi,50113da16fec53b66b80d75e80a89296de4fa5a5,Web Frameworks & APIs,Primary_Core_Benchmark,subprocess-execution,CWE-78,scripts/docs.py,626,630,626,2,Bandit|Semgrep,B603|python.security.subprocess-execution,2,ALT-000004|ALT-000037,626,LOW|WARNING,HIGH,Subprocess execution should be reviewed for untrusted input. || subprocess call - check for execution of untrusted input.,"        format_result = subprocess.run(
            [find_ruff_bin(), ""format"", ""-""],
            input=content_target.encode(""utf-8""),
            capture_output=True,
        )",PENDING,PENDING,PENDING,PENDING
FND-000201,R013,ansible/ansible,3827d66bfbdc568f58cce57b113131598c46cd5a,"HTTP, Networking & Cloud",Primary_Core_Benchmark,subprocess-execution,CWE-78,hacking/update-sanity-requirements.py,62,62,62,2,Bandit|Semgrep,B603|python.security.subprocess-execution,2,ALT-000317|ALT-000388,62,LOW|WARNING,HIGH,Subprocess execution should be reviewed for untrusted input. || subprocess call - check for execution of untrusted input.,"            pip_freeze = subprocess.run(pip + ['freeze'] + freeze_options, env=env, check=True, capture_output=True, text=True)",PENDING,PENDING,PENDING,PENDING
FND-001157,R072,hypothesisworks/hypothesis,a8dcd7422a325926693b5464f73349e361562b7c,"CLI, Tooling & Systems",Supplementary_Holdout_Pool,subprocess-execution,CWE-78,tooling/src/hypothesistooling/installers.py,85,87,85,2,Bandit|Semgrep,B603|python.security.subprocess-execution,2,ALT-001997|ALT-002058,85,LOW|WARNING,HIGH,Subprocess execution should be reviewed for untrusted input. || subprocess call - check for execution of untrusted input.,"        subprocess.check_call(
            [RUSTUP, ""target"", ""add"", *targets, ""--toolchain"", version]
        )",PENDING,PENDING,PENDING,PENDING
FND-000824,R047,spulec/freezegun,92d61b3f5c31942a1039713574487bdcfcdbbfff,"Security, Cryptography & Auth",Primary_Core_Benchmark,subprocess-execution,CWE-78,create_tag.py,16,16,16,2,Bandit|Semgrep,B603|python.security.subprocess-execution,2,ALT-001384|ALT-001385,16,LOW|WARNING,HIGH,Subprocess execution should be reviewed for untrusted input. || subprocess call - check for execution of untrusted input.,"    errno = call(['git', 'tag', '--annotate', version, '--message', 'Version %s' % version])",PENDING,PENDING,PENDING,PENDING
FND-000229,R013,ansible/ansible,3827d66bfbdc568f58cce57b113131598c46cd5a,"HTTP, Networking & Cloud",Primary_Core_Benchmark,subprocess-execution,CWE-78,lib/ansible/modules/mount_facts.py,275,275,275,2,Bandit|Semgrep,B603|python.security.subprocess-execution,2,ALT-000343|ALT-000417,275,LOW|WARNING,HIGH,Subprocess execution should be reviewed for untrusted input. || subprocess call - check for execution of untrusted input.,"        udevadm_output = subprocess.check_output(cmd, text=True, timeout=module.params[""timeout""])",PENDING,PENDING,PENDING,PENDING
FND-000336,R018,textualize/rich,9d8f9a372cc5916fd4781fec207ced7ddac2f08f,"CLI, Tooling & Systems",Primary_Core_Benchmark,subprocess-shell-true,CWE-78,tools/make_width_tables.py,53,53,53,2,Bandit|Semgrep,B602|python.security.subprocess-shell-true,2,ALT-000591|ALT-000594,53,ERROR|HIGH,HIGH,"Subprocess execution with shell=True can enable command injection. || subprocess call with shell=True identified, security issue.","    subprocess.run(f""black {path}"", shell=True)",PENDING,PENDING,PENDING,PENDING
FND-000026,R001,tiangolo/fastapi,50113da16fec53b66b80d75e80a89296de4fa5a5,Web Frameworks & APIs,Primary_Core_Benchmark,subprocess-execution,CWE-78,scripts/topic_repos.py,68,68,68,2,Bandit|Semgrep,B603|python.security.subprocess-execution,2,ALT-000026|ALT-000059,68,LOW|WARNING,HIGH,Subprocess execution should be reviewed for untrusted input. || subprocess call - check for execution of untrusted input.,"    subprocess.run([""git"", ""add"", str(repos_path)], check=True)",PENDING,PENDING,PENDING,PENDING
FND-000225,R013,ansible/ansible,3827d66bfbdc568f58cce57b113131598c46cd5a,"HTTP, Networking & Cloud",Primary_Core_Benchmark,subprocess-execution,CWE-78,lib/ansible/modules/async_wrapper.py,151,160,151,2,Bandit|Semgrep,B603|python.security.subprocess-execution,2,ALT-000341|ALT-000412,151|156,LOW|WARNING,HIGH,Subprocess execution should be reviewed for untrusted input. || subprocess call - check for execution of untrusted input.,"        script = subprocess.Popen(
            cmd,
            stdin=subprocess.PIPE,
            stdout=subprocess.PIPE,
            stderr=subprocess.PIPE,
            shell=False,
            text=True,
            encoding=""utf-8"",
            errors=""surrogateescape"",
        )",PENDING,PENDING,PENDING,PENDING
FND-001171,R074,dateutil/dateutil,48bd1af97e71baf8e96fce5b663d589caac8f147,Data Validation & Serialization,Supplementary_Holdout_Pool,subprocess-execution,CWE-78,src/dateutil/zoneinfo/rebuild.py,52,52,52,2,Bandit|Semgrep,B603|python.security.subprocess-execution,2,ALT-002073|ALT-002075,52,LOW|WARNING,HIGH,Subprocess execution should be reviewed for untrusted input. || subprocess call - check for execution of untrusted input.,"        help_text = check_output([""zic"", ""--help""])",PENDING,PENDING,PENDING,PENDING
FND-001042,R064,twisted/twisted,ac919a6d1b2f91b7dea806bacfae99abab5291d4,"HTTP, Networking & Cloud",Supplementary_Holdout_Pool,code-execution-exec,CWE-78,src/twisted/conch/insults/insults.py,1049,1049,1049,2,Bandit|Semgrep,B102|python.security.exec,2,ALT-001817|ALT-001853,1049,ERROR|MEDIUM,HIGH,Use of exec detected. || Use of exec() can execute dynamically supplied code.,"            exec(ch + "" = _makeSimple(ch, fName)"")",PENDING,PENDING,PENDING,PENDING
FND-000990,R058,pypa/setuptools,7d531288b7c8708d4cc186213da93eaf5d11833d,"CLI, Tooling & Systems",Supplementary_Holdout_Pool,subprocess-execution,CWE-78,setuptools/installer.py,121,121,121,2,Bandit|Semgrep,B603|python.security.subprocess-execution,2,ALT-001690|ALT-001726,121,LOW|WARNING,HIGH,Subprocess execution should be reviewed for untrusted input. || subprocess call - check for execution of untrusted input.,            subprocess.check_call(cmd),PENDING,PENDING,PENDING,PENDING
FND-000817,R046,Gallopsled/pwntools,1429a134ecf88eb9af70e05bf6c912f45dfde224,"Security, Cryptography & Auth",Primary_Core_Benchmark,subprocess-execution,CWE-78,pwnlib/util/misc.py,538,538,538,2,Bandit|Semgrep,B603|python.security.subprocess-execution,2,ALT-001314|ALT-001374,538,LOW|WARNING,HIGH,Subprocess execution should be reviewed for untrusted input. || subprocess call - check for execution of untrusted input.,"            lsout, _ = subprocess.Popen([""kitten"", ""@"", ""ls"", ""--match"", ""id:%d"" % kittyid], stdin=stdin, stdout=stdout, stderr=stderr).communicate()",PENDING,PENDING,PENDING,PENDING
FND-001184,R088,pypa/flit,1da96f9636027b332e4bd1b21d8c47a7f75c98d1,"CLI, Tooling & Systems",Supplementary_Holdout_Pool,subprocess-execution,CWE-78,flit/__init__.py,47,50,47,2,Bandit|Semgrep,B603|python.security.subprocess-execution,2,ALT-002099|ALT-002108,47,LOW|WARNING,HIGH,Subprocess execution should be reviewed for untrusted input. || subprocess call - check for execution of untrusted input.,"        return subprocess.check_output(
            [resolved_python, ""-c"", ""import sys; print(sys.executable)""],
            universal_newlines=True,
        ).strip()",PENDING,PENDING,PENDING,PENDING
FND-000668,R045,sqlmapproject/sqlmap,1ee368f78a73ccc1c193af32d4e70c1244be5865,"Security, Cryptography & Auth",Primary_Core_Benchmark,subprocess-shell-true,CWE-78,lib/controller/controller.py,781,781,781,2,Bandit|Semgrep,B602|python.security.subprocess-shell-true,2,ALT-001109|ALT-001236,781,ERROR|HIGH,HIGH,"Subprocess execution with shell=True can enable command injection. || subprocess call with shell=True identified, security issue.","                                                    process = subprocess.Popen(conf.alert, shell=True)",PENDING,PENDING,PENDING,PENDING
FND-000603,R041,pyca/cryptography,8891ee468e41eb66bddd8dd684e4a7a07d91e70c,"Security, Cryptography & Auth",Primary_Core_Benchmark,code-execution-exec,CWE-78,src/_cffi_src/utils.py,17,17,17,2,Bandit|Semgrep,B102|python.security.exec,2,ALT-001032|ALT-001037,17,ERROR|MEDIUM,HIGH,Use of exec detected. || Use of exec() can execute dynamically supplied code.,"    exec(f.read(), about)",PENDING,PENDING,PENDING,PENDING
FND-001029,R062,falconry/falcon,eb27592b159fea6678b3c70b16f195b0f990faa9,Web Frameworks & APIs,Supplementary_Holdout_Pool,subprocess-execution,CWE-78,tools/tox_sdist.py,21,21,21,2,Bandit|Semgrep,B603|python.security.subprocess-execution,2,ALT-001781|ALT-001795,21,LOW|WARNING,HIGH,Subprocess execution should be reviewed for untrusted input. || subprocess call - check for execution of untrusted input.,"    subprocess.check_call((sys.executable, 'setup.py', 'sdist'))",PENDING,PENDING,PENDING,PENDING
FND-000013,R001,tiangolo/fastapi,50113da16fec53b66b80d75e80a89296de4fa5a5,Web Frameworks & APIs,Primary_Core_Benchmark,subprocess-execution,CWE-78,scripts/playwright/separate_openapi_schemas/image04.py,25,27,25,2,Bandit|Semgrep,B603|python.security.subprocess-execution,2,ALT-000013|ALT-000046,25,LOW|WARNING,HIGH,Subprocess execution should be reviewed for untrusted input. || subprocess call - check for execution of untrusted input.,"process = subprocess.Popen(
    [""uvicorn"", ""docs_src.separate_openapi_schemas.tutorial001:app""]
)",PENDING,PENDING,PENDING,PENDING
FND-000919,R053,numpy/numpy,43a7a41747f860a09f2c5b9a2fe5a97c7f5f8004,Data Science & ML,Supplementary_Holdout_Pool,code-execution-eval,CWE-78,numpy/f2py/crackfortran.py,2274,2274,2274,2,Bandit|Semgrep,B307|python.security.eval,2,ALT-001551|ALT-001584,2274,ERROR|MEDIUM,HIGH,Use of eval() can evaluate untrusted expressions. || Use of possibly insecure function - consider using safer ast.literal_eval.,"    r = eval(e, g, l)",PENDING,PENDING,PENDING,PENDING
FND-000850,R050,pypa/pip,ee09c40be785948a56b6321f336901b4e6f39ab2,"Security, Cryptography & Auth",Primary_Core_Benchmark,subprocess-execution,CWE-78,src/pip/_vendor/distro/distro.py,1213,1213,1213,2,Bandit|Semgrep,B603|python.security.subprocess-execution,2,ALT-001423|ALT-001452,1213,LOW|WARNING,HIGH,Subprocess execution should be reviewed for untrusted input. || subprocess call - check for execution of untrusted input.,"            stdout = subprocess.check_output(""oslevel"", stderr=subprocess.DEVNULL)",PENDING,PENDING,PENDING,PENDING
FND-000509,R037,mongodb/mongo-python-driver,4dd73032d98146fd97bedfb8434bff2f458bc26f,"Databases, Caching & ORM",Primary_Core_Benchmark,subprocess-execution,CWE-78,.evergreen/scripts/run_tests.py,210,210,210,2,Bandit|Semgrep,B603|python.security.subprocess-execution,2,ALT-000875|ALT-000896,210,LOW|WARNING,HIGH,Subprocess execution should be reviewed for untrusted input. || subprocess call - check for execution of untrusted input.,"        result = subprocess.run(cmd, check=False)  # noqa: S603",PENDING,PENDING,PENDING,PENDING
FND-000360,R020,pytest-dev/pytest,431f3e1f5fd70b9b0f8afa2d20a10421542e5c6a,"CLI, Tooling & Systems",Primary_Core_Benchmark,subprocess-execution,CWE-78,scripts/prepare-release-pr.py,129,141,129,2,Bandit|Semgrep,B603|python.security.subprocess-execution,2,ALT-000631|ALT-000662,129,LOW|WARNING,HIGH,Subprocess execution should be reviewed for untrusted input. || subprocess call - check for execution of untrusted input.,"    run(
        [
            ""gh"",
            ""pr"",
            ""create"",
            f""--base={base_branch}"",
            f""--head={release_branch}"",
            f""--title=Release {version}"",
            f""--body={body}"",
            ""--draft"",
        ],
        check=True,
    )",PENDING,PENDING,PENDING,PENDING
FND-000010,R001,tiangolo/fastapi,50113da16fec53b66b80d75e80a89296de4fa5a5,Web Frameworks & APIs,Primary_Core_Benchmark,subprocess-execution,CWE-78,scripts/playwright/separate_openapi_schemas/image01.py,25,27,25,2,Bandit|Semgrep,B603|python.security.subprocess-execution,2,ALT-000010|ALT-000043,25,LOW|WARNING,HIGH,Subprocess execution should be reviewed for untrusted input. || subprocess call - check for execution of untrusted input.,"process = subprocess.Popen(
    [""uvicorn"", ""docs_src.separate_openapi_schemas.tutorial001:app""]
)",PENDING,PENDING,PENDING,PENDING
FND-001188,R088,pypa/flit,1da96f9636027b332e4bd1b21d8c47a7f75c98d1,"CLI, Tooling & Systems",Supplementary_Holdout_Pool,subprocess-execution,CWE-78,flit/install.py,369,369,369,1,Semgrep,python.security.subprocess-execution,1,ALT-002111,369,WARNING,,Subprocess execution should be reviewed for untrusted input.,"        check_call(cmd, shell=shell)",PENDING,PENDING,PENDING,PENDING
FND-000600,R041,pyca/cryptography,8891ee468e41eb66bddd8dd684e4a7a07d91e70c,"Security, Cryptography & Auth",Primary_Core_Benchmark,subprocess-execution,CWE-78,.github/bin/bump_dependency.py,10,12,10,2,Bandit|Semgrep,B603|python.security.subprocess-execution,2,ALT-001029|ALT-001034,10,LOW|WARNING,HIGH,Subprocess execution should be reviewed for untrusted input. || subprocess call - check for execution of untrusted input.,"    output = subprocess.check_output(
        [""git"", ""ls-remote"", repo_url, f""refs/heads/{branch}""], text=True
    )",PENDING,PENDING,PENDING,PENDING
FND-000792,R046,Gallopsled/pwntools,1429a134ecf88eb9af70e05bf6c912f45dfde224,"Security, Cryptography & Auth",Primary_Core_Benchmark,subprocess-execution,CWE-78,pwnlib/commandline/version.py,22,22,22,2,Bandit|Semgrep,B603|python.security.subprocess-execution,2,ALT-001301|ALT-001335,22,LOW|WARNING,HIGH,Subprocess execution should be reviewed for untrusted input. || subprocess call - check for execution of untrusted input.,"		gitver = subprocess.check_output(['git', '-C', git_root, 'log', '-1', '--format=%h (%cr)'])",PENDING,PENDING,PENDING,PENDING
FND-000889,R052,pandas-dev/pandas,c26625d6e79fe8f11dd00184a3c32b5cc68d70cc,Data Science & ML,Supplementary_Holdout_Pool,subprocess-execution,CWE-78,pandas/io/clipboard/__init__.py,241,241,241,2,Bandit|Semgrep,B603|python.security.subprocess-execution,2,ALT-001503|ALT-001527,241,LOW|WARNING,HIGH,Subprocess execution should be reviewed for untrusted input. || subprocess call - check for execution of untrusted input.,"            subprocess.check_call(args, close_fds=True)",PENDING,PENDING,PENDING,PENDING
FND-001143,R072,hypothesisworks/hypothesis,a8dcd7422a325926693b5464f73349e361562b7c,"CLI, Tooling & Systems",Supplementary_Holdout_Pool,subprocess-execution,CWE-78,tooling/src/hypothesistooling/git.py,18,20,18,2,Bandit|Semgrep,B603|python.security.subprocess-execution,2,ALT-001983|ALT-002044,19,LOW|WARNING,HIGH,Subprocess execution should be reviewed for untrusted input. || subprocess call - check for execution of untrusted input.,"    result = [
        t.decode(""ascii"") for t in subprocess.check_output([""git"", ""tag""]).split(b""\n"")
    ]",PENDING,PENDING,PENDING,PENDING
FND-000985,R058,pypa/setuptools,7d531288b7c8708d4cc186213da93eaf5d11833d,"CLI, Tooling & Systems",Supplementary_Holdout_Pool,subprocess-execution,CWE-78,setuptools/_vendor/packaging/tags.py,416,427,416,2,Bandit|Semgrep,B603|python.security.subprocess-execution,2,ALT-001686|ALT-001714,416,LOW|WARNING,HIGH,Subprocess execution should be reviewed for untrusted input. || subprocess call - check for execution of untrusted input.,"            version_str = subprocess.run(
                [
                    sys.executable,
                    ""-sS"",
                    ""-c"",
                    ""import platform; print(platform.mac_ver()[0])"",
                ],
                check=True,
                env={""SYSTEM_VERSION_COMPAT"": ""0""},
                stdout=subprocess.PIPE,
                text=True,
            ).stdout",PENDING,PENDING,PENDING,PENDING
FND-000544,R040,celery/celery,07ee451b5313b520ed4f57cfe93d35ac81d0548c,"Databases, Caching & ORM",Primary_Core_Benchmark,subprocess-execution,CWE-78,celery/apps/multi.py,219,219,219,2,Bandit|Semgrep,B603|python.security.subprocess-execution,2,ALT-000933|ALT-000973,219,LOW|WARNING,HIGH,Subprocess execution should be reviewed for untrusted input. || subprocess call - check for execution of untrusted input.,"        pipe = Popen(argstr, env=env)",PENDING,PENDING,PENDING,PENDING
FND-000249,R013,ansible/ansible,3827d66bfbdc568f58cce57b113131598c46cd5a,"HTTP, Networking & Cloud",Primary_Core_Benchmark,subprocess-execution,CWE-78,lib/ansible/plugins/inventory/script.py,357,357,357,2,Bandit|Semgrep,B603|python.security.subprocess-execution,2,ALT-000358|ALT-000437,357,LOW|WARNING,HIGH,Subprocess execution should be reviewed for untrusted input. || subprocess call - check for execution of untrusted input.,"        sp = subprocess.Popen(cmd, stdout=subprocess.PIPE, stderr=subprocess.PIPE)",PENDING,PENDING,PENDING,PENDING
FND-000386,R021,tox-dev/tox,6485a013e46b3cfe8f43002f6aa80e6e390efbfe,"CLI, Tooling & Systems",Primary_Core_Benchmark,subprocess-execution,CWE-78,src/tox/tox_env/python/virtual_env/subprocess_adapter.py,183,189,183,2,Bandit|Semgrep,B603|python.security.subprocess-execution,2,ALT-000689|ALT-000699,183,LOW|WARNING,HIGH,Subprocess execution should be reviewed for untrusted input. || subprocess call - check for execution of untrusted input.,"        result = subprocess.run(
            [str(python), ""-c"", ""from importlib.metadata import version; print(version('virtualenv'))""],
            capture_output=True,
            text=True,
            timeout=30,
            check=False,
        )",PENDING,PENDING,PENDING,PENDING
FND-000146,R004,tornadoweb/tornado,0096f2897c98facdcd9716009ee934a7381af5ef,Web Frameworks & APIs,Primary_Core_Benchmark,subprocess-execution,CWE-78,maint/vm/windows/bootstrap.py,70,70,70,2,Bandit|Semgrep,B603|python.security.subprocess-execution,2,ALT-000226|ALT-000235,70,LOW|WARNING,HIGH,Subprocess execution should be reviewed for untrusted input. || subprocess call - check for execution of untrusted input.,"        subprocess.check_call([sys.executable, filename])",PENDING,PENDING,PENDING,PENDING
FND-000327,R017,pallets/click,6aabf099bfdd4c1e75fe8d0e0d4241372b988ab1,"CLI, Tooling & Systems",Primary_Core_Benchmark,subprocess-execution,CWE-78,src/click/_termui_impl.py,660,660,660,2,Bandit|Semgrep,B603|python.security.subprocess-execution,2,ALT-000574|ALT-000582,660,LOW|WARNING,HIGH,Subprocess execution should be reviewed for untrusted input. || subprocess call - check for execution of untrusted input.,"        subprocess.call([str(cmd_path), *cmd_params, f.name])",PENDING,PENDING,PENDING,PENDING
FND-000297,R016,certbot/certbot,56ee04928d677d82c6a375a7c7b48e8ce13bb6bc,"HTTP, Networking & Cloud",Primary_Core_Benchmark,subprocess-execution,CWE-78,certbot/src/certbot/_internal/plugins/nginx/configurator.py,1296,1298,1296,2,Bandit|Semgrep,B603|python.security.subprocess-execution,2,ALT-000489|ALT-000546,1296,LOW|WARNING,HIGH,Subprocess execution should be reviewed for untrusted input. || subprocess call - check for execution of untrusted input.,"            proc = subprocess.run([nginx_ctl, ""-c"", nginx_conf, ""-s"", ""reload""],
                                  env=util.env_no_snap_for_external_calls(),
                                  stdout=out, stderr=out, check=False)",PENDING,PENDING,PENDING,PENDING
FND-000309,R016,certbot/certbot,56ee04928d677d82c6a375a7c7b48e8ce13bb6bc,"HTTP, Networking & Cloud",Primary_Core_Benchmark,subprocess-execution,CWE-78,tools/finish_release.py,201,201,201,2,Bandit|Semgrep,B603|python.security.subprocess-execution,2,ALT-000501|ALT-000558,201,LOW|WARNING,HIGH,Subprocess execution should be reviewed for untrusted input. || subprocess call - check for execution of untrusted input.,"        process = subprocess.run(cmd, check=True, universal_newlines=True, capture_output=True)",PENDING,PENDING,PENDING,PENDING
FND-001165,R072,hypothesisworks/hypothesis,a8dcd7422a325926693b5464f73349e361562b7c,"CLI, Tooling & Systems",Supplementary_Holdout_Pool,subprocess-execution,CWE-78,tooling/src/hypothesistooling/scripts.py,69,69,69,2,Bandit|Semgrep,B603|python.security.subprocess-execution,2,ALT-002005|ALT-002066,69,LOW|WARNING,HIGH,Subprocess execution should be reviewed for untrusted input. || subprocess call - check for execution of untrusted input.,"    r = subprocess.call([tool_path(name), *args], **kwargs)",PENDING,PENDING,PENDING,PENDING
FND-001227,R091,simonw/datasette,bdc973174096cae350ddaa733a10ed8b3ffd970b,"Databases, Caching & ORM",Supplementary_Holdout_Pool,subprocess-shell-true,CWE-78,datasette/publish/cloudrun.py,275,275,275,2,Bandit|Semgrep,B602|python.security.subprocess-shell-true,2,ALT-002154|ALT-002222,275,ERROR|HIGH,HIGH,"Subprocess execution with shell=True can enable command injection. || subprocess call with shell=True identified, security issue.","            check_call(create_cmd, shell=True)",PENDING,PENDING,PENDING,PENDING
FND-000190,R013,ansible/ansible,3827d66bfbdc568f58cce57b113131598c46cd5a,"HTTP, Networking & Cloud",Primary_Core_Benchmark,subprocess-execution,CWE-78,hacking/create-bulk-issues.py,51,51,51,2,Bandit|Semgrep,B603|python.security.subprocess-execution,2,ALT-000308|ALT-000378,51,LOW|WARNING,HIGH,Subprocess execution should be reviewed for untrusted input. || subprocess call - check for execution of untrusted input.,"            process = subprocess.run(cmd, capture_output=True, check=True, text=True)",PENDING,PENDING,PENDING,PENDING
FND-001033,R063,grpc/grpc,6e5ac36afeb4a13c9d0c62241c91323c1e8ad8a8,"HTTP, Networking & Cloud",Supplementary_Holdout_Pool,subprocess-execution,CWE-78,src/python/grpcio_observability/setup.py,94,99,94,2,Bandit|Semgrep,B603|python.security.subprocess-execution,2,ALT-001799|ALT-001808,94,LOW|WARNING,HIGH,Subprocess execution should be reviewed for untrusted input. || subprocess call - check for execution of untrusted input.,"    cpp_test = subprocess.Popen(
        cxx + [""-x"", ""c++"", ""-std=c++17"", ""-""],
        stdin=PIPE,
        stdout=PIPE,
        stderr=PIPE,
    )",PENDING,PENDING,PENDING,PENDING
FND-000215,R013,ansible/ansible,3827d66bfbdc568f58cce57b113131598c46cd5a,"HTTP, Networking & Cloud",Primary_Core_Benchmark,subprocess-execution,CWE-78,lib/ansible/module_utils/common/respawn.py,48,48,48,2,Bandit|Semgrep,B603|python.security.subprocess-execution,2,ALT-000331|ALT-000402,48,LOW|WARNING,HIGH,Subprocess execution should be reviewed for untrusted input. || subprocess call - check for execution of untrusted input.,"    rc = subprocess.call([interpreter_path, '--'], stdin=stdin_read)",PENDING,PENDING,PENDING,PENDING
FND-000200,R013,ansible/ansible,3827d66bfbdc568f58cce57b113131598c46cd5a,"HTTP, Networking & Cloud",Primary_Core_Benchmark,subprocess-execution,CWE-78,hacking/update-sanity-requirements.py,55,55,55,2,Bandit|Semgrep,B603|python.security.subprocess-execution,2,ALT-000316|ALT-000387,55,LOW|WARNING,HIGH,Subprocess execution should be reviewed for untrusted input. || subprocess call - check for execution of untrusted input.,"            subprocess.run(pip + ['install', '-r', self.source_path], env=env, check=True)",PENDING,PENDING,PENDING,PENDING
FND-001191,R088,pypa/flit,1da96f9636027b332e4bd1b21d8c47a7f75c98d1,"CLI, Tooling & Systems",Supplementary_Holdout_Pool,subprocess-execution,CWE-78,flit/vcs/git.py,7,8,7,2,Bandit|Semgrep,B603|python.security.subprocess-execution,2,ALT-002104|ALT-002113,7,LOW|WARNING,HIGH,Subprocess execution should be reviewed for untrusted input. || subprocess call - check for execution of untrusted input.,"    outb = check_output(['git', 'ls-files', '--recurse-submodules', '-z'],
                        cwd=str(directory))",PENDING,PENDING,PENDING,PENDING
FND-000001,R001,tiangolo/fastapi,50113da16fec53b66b80d75e80a89296de4fa5a5,Web Frameworks & APIs,Primary_Core_Benchmark,subprocess-execution,CWE-78,scripts/docs.py,285,289,285,2,Bandit|Semgrep,B603|python.security.subprocess-execution,2,ALT-000001|ALT-000034,285,LOW|WARNING,HIGH,Subprocess execution should be reviewed for untrusted input. || subprocess call - check for execution of untrusted input.,"    subprocess.run(
        [""zensical"", ""build"", ""--config-file"", config_path.name],
        check=True,
        cwd=config_path.parent,
    )",PENDING,PENDING,PENDING,PENDING
FND-000403,R022,psf/black,20622e1259c29bda81831962ace1348ba1921c84,"CLI, Tooling & Systems",Primary_Core_Benchmark,code-execution-eval,CWE-78,src/blib2to3/pgen2/pgen.py,100,100,100,2,Bandit|Semgrep,B307|python.security.eval,2,ALT-000716|ALT-000728,100,ERROR|MEDIUM,HIGH,Use of eval() can evaluate untrusted expressions. || Use of possibly insecure function - consider using safer ast.literal_eval.,            value = eval(label),PENDING,PENDING,PENDING,PENDING
FND-000980,R058,pypa/setuptools,7d531288b7c8708d4cc186213da93eaf5d11833d,"CLI, Tooling & Systems",Supplementary_Holdout_Pool,code-execution-exec,CWE-78,setuptools/_distutils/core.py,250,250,250,2,Bandit|Semgrep,B102|python.security.exec,2,ALT-001681|ALT-001709,250,ERROR|MEDIUM,HIGH,Use of exec detected. || Use of exec() can execute dynamically supplied code.,"                exec(code, g)  # noqa: S102 # executing the setup script is the point",PENDING,PENDING,PENDING,PENDING
FND-000982,R058,pypa/setuptools,7d531288b7c8708d4cc186213da93eaf5d11833d,"CLI, Tooling & Systems",Supplementary_Holdout_Pool,subprocess-execution,CWE-78,setuptools/_vendor/jaraco/context/__init__.py,206,206,206,2,Bandit|Semgrep,B603|python.security.subprocess-execution,2,ALT-001683|ALT-001711,206,LOW|WARNING,HIGH,Subprocess execution should be reviewed for untrusted input. || subprocess call - check for execution of untrusted input.,"        subprocess.check_call(cmd, stdout=stream, stderr=stream)",PENDING,PENDING,PENDING,PENDING
FND-000239,R013,ansible/ansible,3827d66bfbdc568f58cce57b113131598c46cd5a,"HTTP, Networking & Cloud",Primary_Core_Benchmark,subprocess-execution,CWE-78,lib/ansible/parsing/vault/__init__.py,833,833,833,2,Bandit|Semgrep,B603|python.security.subprocess-execution,2,ALT-000350|ALT-000427,833,LOW|WARNING,HIGH,Subprocess execution should be reviewed for untrusted input. || subprocess call - check for execution of untrusted input.,            subprocess.check_call(cmd),PENDING,PENDING,PENDING,PENDING
FND-000992,R058,pypa/setuptools,7d531288b7c8708d4cc186213da93eaf5d11833d,"CLI, Tooling & Systems",Supplementary_Holdout_Pool,code-execution-eval,CWE-78,setuptools/wheel.py,208,216,208,2,Bandit|Semgrep,B307|python.security.eval,2,ALT-001692|ALT-001728,212,ERROR|MEDIUM,HIGH,Use of eval() can evaluate untrusted expressions. || Use of possibly insecure function - consider using safer ast.literal_eval.,"        extras_require = {
            extra: list(
                map(
                    raw_req,
                    (req for req in reqs if for_extra(req) and eval(req, extra=extra)),
                )
            )
            for extra in extras
        }",PENDING,PENDING,PENDING,PENDING
FND-000341,R019,tiangolo/typer,82b83959d9e900215ed8ff2a56a766ff066e1c75,"CLI, Tooling & Systems",Primary_Core_Benchmark,subprocess-execution,CWE-78,typer/_click/_termui_impl.py,365,365,365,2,Bandit|Semgrep,B603|python.security.subprocess-execution,2,ALT-000599|ALT-000612,365,LOW|WARNING,HIGH,Subprocess execution should be reviewed for untrusted input. || subprocess call - check for execution of untrusted input.,"            return subprocess.Popen(args, stderr=null).wait()",PENDING,PENDING,PENDING,PENDING
FND-000427,R025,pydantic/pydantic,c23cb86ef197693fc016437614f174252a3d189a,Data Validation & Serialization,Primary_Core_Benchmark,subprocess-execution,CWE-78,release/shared.py,8,8,8,2,Bandit|Semgrep,B603|python.security.subprocess-execution,2,ALT-000764|ALT-000776,8,LOW|WARNING,HIGH,Subprocess execution should be reviewed for untrusted input. || subprocess call - check for execution of untrusted input.,"    p = subprocess.run(args, stdout=subprocess.PIPE, check=True, encoding='utf-8')",PENDING,PENDING,PENDING,PENDING
FND-000397,R022,psf/black,20622e1259c29bda81831962ace1348ba1921c84,"CLI, Tooling & Systems",Primary_Core_Benchmark,subprocess-execution,CWE-78,scripts/release.py,78,78,78,2,Bandit|Semgrep,B603|python.security.subprocess-execution,2,ALT-000710|ALT-000722,78,LOW|WARNING,HIGH,Subprocess execution should be reviewed for untrusted input. || subprocess call - check for execution of untrusted input.,"    cp = run([""git"", ""tag""], capture_output=True, check=True, encoding=""utf8"")",PENDING,PENDING,PENDING,PENDING
FND-001156,R072,hypothesisworks/hypothesis,a8dcd7422a325926693b5464f73349e361562b7c,"CLI, Tooling & Systems",Supplementary_Holdout_Pool,subprocess-execution,CWE-78,tooling/src/hypothesistooling/installers.py,80,83,80,2,Bandit|Semgrep,B603|python.security.subprocess-execution,2,ALT-001996|ALT-002057,80,LOW|WARNING,HIGH,Subprocess execution should be reviewed for untrusted input. || subprocess call - check for execution of untrusted input.,"    subprocess.check_call(
        [RUSTUP, ""toolchain"", ""install"", version, ""--profile"", ""minimal""]
        + [arg for component in components for arg in (""--component"", component)]
    )",PENDING,PENDING,PENDING,PENDING
FND-000612,R044,googleapis/google-auth-library-python,2ea24b03436765fa3cf279ce148482ff6332136b,"Security, Cryptography & Auth",Primary_Core_Benchmark,code-execution-exec,CWE-78,setup.py,100,100,100,2,Bandit|Semgrep,B102|python.security.exec,2,ALT-001047|ALT-001057,100,ERROR|MEDIUM,HIGH,Use of exec detected. || Use of exec() can execute dynamically supplied code.,"    exec(fp.read(), version)",PENDING,PENDING,PENDING,PENDING
FND-000591,R040,celery/celery,07ee451b5313b520ed4f57cfe93d35ac81d0548c,"Databases, Caching & ORM",Primary_Core_Benchmark,code-execution-exec,CWE-78,t/unit/utils/test_functional.py,362,362,362,2,Bandit|Semgrep,B102|python.security.exec,2,ALT-000966|ALT-001020,362,ERROR|MEDIUM,HIGH,Use of exec detected. || Use of exec() can execute dynamically supplied code.,"        exec(fun, {}, local)",PENDING,PENDING,PENDING,PENDING
FND-000813,R046,Gallopsled/pwntools,1429a134ecf88eb9af70e05bf6c912f45dfde224,"Security, Cryptography & Auth",Primary_Core_Benchmark,subprocess-execution,CWE-78,pwnlib/util/misc.py,390,391,390,2,Bandit|Semgrep,B603|python.security.subprocess-execution,2,ALT-001310|ALT-001370,390,LOW|WARNING,HIGH,Subprocess execution should be reviewed for untrusted input. || subprocess call - check for execution of untrusted input.,"            subprocess.run((qdbus, konsole_dbus_service, '/konsole/' + name,
                            'org.kde.KMainWindow.activateAction', 'split-view-left-right'), stdout=subprocess.DEVNULL)",PENDING,PENDING,PENDING,PENDING
FND-000916,R053,numpy/numpy,43a7a41747f860a09f2c5b9a2fe5a97c7f5f8004,Data Science & ML,Supplementary_Holdout_Pool,code-execution-eval,CWE-78,numpy/f2py/capi_maps.py,301,301,301,2,Bandit|Semgrep,B307|python.security.eval,2,ALT-001548|ALT-001581,301,ERROR|MEDIUM,HIGH,Use of eval() can evaluate untrusted expressions. || Use of possibly insecure function - consider using safer ast.literal_eval.,            ret['size'] = repr(eval(ret['size'])),PENDING,PENDING,PENDING,PENDING
FND-000263,R013,ansible/ansible,3827d66bfbdc568f58cce57b113131598c46cd5a,"HTTP, Networking & Cloud",Primary_Core_Benchmark,subprocess-execution,CWE-78,packaging/release.py,81,81,81,2,Bandit|Semgrep,B603|python.security.subprocess-execution,2,ALT-000371|ALT-000453,81,LOW|WARNING,HIGH,Subprocess execution should be reviewed for untrusted input. || subprocess call - check for execution of untrusted input.,"        p = subprocess.run(str_args, check=True, text=True, env=str_env, cwd=cwd, capture_output=capture_output)",PENDING,PENDING,PENDING,PENDING
FND-000308,R016,certbot/certbot,56ee04928d677d82c6a375a7c7b48e8ce13bb6bc,"HTTP, Networking & Cloud",Primary_Core_Benchmark,subprocess-execution,CWE-78,tools/finish_release.py,185,185,185,2,Bandit|Semgrep,B603|python.security.subprocess-execution,2,ALT-000500|ALT-000557,185,LOW|WARNING,HIGH,Subprocess execution should be reviewed for untrusted input. || subprocess call - check for execution of untrusted input.,"        process = subprocess.run(cmd, check=True, stdout=subprocess.PIPE, universal_newlines=True)",PENDING,PENDING,PENDING,PENDING
FND-000819,R046,Gallopsled/pwntools,1429a134ecf88eb9af70e05bf6c912f45dfde224,"Security, Cryptography & Auth",Primary_Core_Benchmark,code-execution-eval,CWE-78,pwnlib/util/safeeval.py,82,82,82,2,Bandit|Semgrep,B307|python.security.eval,2,ALT-001315|ALT-001379,82,ERROR|MEDIUM,HIGH,Use of eval() can evaluate untrusted expressions. || Use of possibly insecure function - consider using safer ast.literal_eval.,    return eval(c),PENDING,PENDING,PENDING,PENDING
FND-000684,R045,sqlmapproject/sqlmap,1ee368f78a73ccc1c193af32d4e70c1244be5865,"Security, Cryptography & Auth",Primary_Core_Benchmark,subprocess-shell-true,CWE-78,lib/core/update.py,52,52,52,2,Bandit|Semgrep,B602|python.security.subprocess-shell-true,2,ALT-001122|ALT-001248,52,ERROR|LOW,HIGH,"Subprocess execution with shell=True can enable command injection. || subprocess call with shell=True seems safe, but may be changed in the future, consider rewriting without shell","            process = subprocess.Popen(""pip install -U sqlmap"", shell=True, stdout=subprocess.PIPE, stderr=subprocess.STDOUT, cwd=paths.SQLMAP_ROOT_PATH)",PENDING,PENDING,PENDING,PENDING
FND-000303,R016,certbot/certbot,56ee04928d677d82c6a375a7c7b48e8ce13bb6bc,"HTTP, Networking & Cloud",Primary_Core_Benchmark,subprocess-execution,CWE-78,certbot/src/certbot/util.py,494,499,494,2,Bandit|Semgrep,B603|python.security.subprocess-execution,2,ALT-000495|ALT-000552,494,LOW|WARNING,HIGH,Subprocess execution should be reviewed for untrusted input. || subprocess call - check for execution of untrusted input.,"            proc = subprocess.run(
                [""/usr/bin/sw_vers"", ""-productVersion""],
                stdout=subprocess.PIPE, stderr=subprocess.PIPE,
                check=False, universal_newlines=True,
                env=env_no_snap_for_external_calls(),
            )",PENDING,PENDING,PENDING,PENDING
FND-000079,R003,django/django,9193cb54550727a02fd55dab1b430597a9aa4297,Web Frameworks & APIs,Primary_Core_Benchmark,subprocess-execution,CWE-78,django/core/management/utils.py,24,24,24,2,Bandit|Semgrep,B603|python.security.subprocess-execution,2,ALT-000096|ALT-000173,24,LOW|WARNING,HIGH,Subprocess execution should be reviewed for untrusted input. || subprocess call - check for execution of untrusted input.,"        p = run(args, capture_output=True, close_fds=os.name != ""nt"")",PENDING,PENDING,PENDING,PENDING
FND-000184,R013,ansible/ansible,3827d66bfbdc568f58cce57b113131598c46cd5a,"HTTP, Networking & Cloud",Primary_Core_Benchmark,subprocess-execution,CWE-78,.azure-pipelines/scripts/publish-codecov.py,65,65,65,2,Bandit|Semgrep,B603|python.security.subprocess-execution,2,ALT-000302|ALT-000372,65,LOW|WARNING,HIGH,Subprocess execution should be reviewed for untrusted input. || subprocess call - check for execution of untrusted input.,"        subprocess.run(cmd, check=True)",PENDING,PENDING,PENDING,PENDING
FND-001083,R065,python-trio/trio,69355fc1aff44df4a701ec149a3fd68ac3ab2890,"HTTP, Networking & Cloud",Supplementary_Holdout_Pool,subprocess-execution,CWE-78,src/trio/_tests/test_subprocess.py,605,605,605,2,Bandit|Semgrep,B603|python.security.subprocess-execution,2,ALT-001893|ALT-001903,605,LOW|WARNING,HIGH,Subprocess execution should be reviewed for untrusted input. || subprocess call - check for execution of untrusted input.,"    sleeper = subprocess.Popen([""sleep"", ""3600""])",PENDING,PENDING,PENDING,PENDING
FND-001121,R072,hypothesisworks/hypothesis,a8dcd7422a325926693b5464f73349e361562b7c,"CLI, Tooling & Systems",Supplementary_Holdout_Pool,subprocess-execution,CWE-78,tooling/src/hypothesistooling/__main__.py,710,714,710,2,Bandit|Semgrep,B603|python.security.subprocess-execution,2,ALT-001961|ALT-002022,710,LOW|WARNING,HIGH,Subprocess execution should be reviewed for untrusted input. || subprocess call - check for execution of untrusted input.,"    subprocess.call(
        [""./build.sh"", ""format""],
        cwd=ROOT,
        env={**os.environ, ""FORMAT_ALL"": ""true""},
    )  # exits 1 if changed",PENDING,PENDING,PENDING,PENDING
FND-000390,R021,tox-dev/tox,6485a013e46b3cfe8f43002f6aa80e6e390efbfe,"CLI, Tooling & Systems",Primary_Core_Benchmark,subprocess-execution,CWE-78,tasks/release.py,125,125,125,2,Bandit|Semgrep,B603|python.security.subprocess-execution,2,ALT-000693|ALT-000703,125,LOW|WARNING,HIGH,Subprocess execution should be reviewed for untrusted input. || subprocess call - check for execution of untrusted input.,"        check_call([""pre-commit"", ""run"", ""--files"", str(changelog_path)], cwd=str(ROOT_SRC_DIR))  # ruff:ignore[start-process-with-partial-path]",PENDING,PENDING,PENDING,PENDING
FND-000970,R057,pypa/virtualenv,2ef85af47fcae15625ca7ad6f77452d5c78fadb2,"CLI, Tooling & Systems",Supplementary_Holdout_Pool,subprocess-execution,CWE-78,tasks/upgrade_wheels.py,217,217,217,2,Bandit|Semgrep,B603|python.security.subprocess-execution,2,ALT-001657|ALT-001671,217,LOW|WARNING,HIGH,Subprocess execution should be reviewed for untrusted input. || subprocess call - check for execution of untrusted input.,"    subprocess.run([sys.executable, ""-m"", ""ruff"", ""check"", str(dest_target), ""--fix"", ""--unsafe-fixes""], check=False)",PENDING,PENDING,PENDING,PENDING
FND-000890,R052,pandas-dev/pandas,c26625d6e79fe8f11dd00184a3c32b5cc68d70cc,Data Science & ML,Supplementary_Holdout_Pool,subprocess-execution,CWE-78,pandas/io/clipboard/__init__.py,243,243,243,2,Bandit|Semgrep,B603|python.security.subprocess-execution,2,ALT-001504|ALT-001528,243,LOW|WARNING,HIGH,Subprocess execution should be reviewed for untrusted input. || subprocess call - check for execution of untrusted input.,"            p = subprocess.Popen(args, stdin=subprocess.PIPE, close_fds=True)",PENDING,PENDING,PENDING,PENDING
FND-001193,R088,pypa/flit,1da96f9636027b332e4bd1b21d8c47a7f75c98d1,"CLI, Tooling & Systems",Supplementary_Holdout_Pool,subprocess-execution,CWE-78,flit/vcs/hg.py,24,25,24,2,Bandit|Semgrep,B603|python.security.subprocess-execution,2,ALT-002106|ALT-002115,24,LOW|WARNING,HIGH,Subprocess execution should be reviewed for untrusted input. || subprocess call - check for execution of untrusted input.,"    outb = check_output(['hg', 'status', '--clean', '--added', '--modified', '--no-status'],
                        cwd=str(directory))",PENDING,PENDING,PENDING,PENDING
FND-000426,R025,pydantic/pydantic,c23cb86ef197693fc016437614f174252a3d189a,Data Validation & Serialization,Primary_Core_Benchmark,code-execution-eval,CWE-78,pydantic/v1/utils.py,195,195,195,2,Bandit|Semgrep,B307|python.security.eval,2,ALT-000763|ALT-000775,195,ERROR|MEDIUM,HIGH,Use of eval() can evaluate untrusted expressions. || Use of possibly insecure function - consider using safer ast.literal_eval.,        eval('__IPYTHON__'),PENDING,PENDING,PENDING,PENDING
FND-000774,R045,sqlmapproject/sqlmap,1ee368f78a73ccc1c193af32d4e70c1244be5865,"Security, Cryptography & Auth",Primary_Core_Benchmark,subprocess-execution,CWE-78,thirdparty/bottle/bottle.py,3924,3924,3924,2,Bandit|Semgrep,B603|python.security.subprocess-execution,2,ALT-001215|ALT-001283,3924,LOW|WARNING,HIGH,Subprocess execution should be reviewed for untrusted input. || subprocess call - check for execution of untrusted input.,"                p = subprocess.Popen(args, env=environ)",PENDING,PENDING,PENDING,PENDING
FND-000205,R013,ansible/ansible,3827d66bfbdc568f58cce57b113131598c46cd5a,"HTTP, Networking & Cloud",Primary_Core_Benchmark,subprocess-execution,CWE-78,lib/ansible/cli/__init__.py,622,622,622,2,Bandit|Semgrep,B603|python.security.subprocess-execution,2,ALT-000321|ALT-000392,622,LOW|WARNING,HIGH,Subprocess execution should be reviewed for untrusted input. || subprocess call - check for execution of untrusted input.,"                p = subprocess.Popen(cmd, stdout=subprocess.PIPE, stderr=subprocess.PIPE)",PENDING,PENDING,PENDING,PENDING
FND-000144,R003,django/django,9193cb54550727a02fd55dab1b430597a9aa4297,Web Frameworks & APIs,Primary_Core_Benchmark,subprocess-execution,CWE-78,scripts/prepare_commit_msg.py,28,28,28,2,Bandit|Semgrep,B603|python.security.subprocess-execution,2,ALT-000139|ALT-000224,28,LOW|WARNING,HIGH,Subprocess execution should be reviewed for untrusted input. || subprocess call - check for execution of untrusted input.,"    return subprocess.run(cmd, capture_output=True, text=True).stdout.strip()",PENDING,PENDING,PENDING,PENDING
FND-000993,R058,pypa/setuptools,7d531288b7c8708d4cc186213da93eaf5d11833d,"CLI, Tooling & Systems",Supplementary_Holdout_Pool,subprocess-execution,CWE-78,tools/build_launchers.py,77,77,77,2,Bandit|Semgrep,B603|python.security.subprocess-execution,2,ALT-001693|ALT-001729,77,LOW|WARNING,HIGH,Subprocess execution should be reviewed for untrusted input. || subprocess call - check for execution of untrusted input.,"    subprocess.check_call(cmd, cwd=build_arena)",PENDING,PENDING,PENDING,PENDING
FND-001019,R062,falconry/falcon,eb27592b159fea6678b3c70b16f195b0f990faa9,Web Frameworks & APIs,Supplementary_Holdout_Pool,code-execution-eval,CWE-78,falcon/bench/bench.py,222,222,222,2,Bandit|Semgrep,B307|python.security.eval,2,ALT-001771|ALT-001785,222,ERROR|MEDIUM,HIGH,Use of eval() can evaluate untrusted expressions. || Use of possibly insecure function - consider using safer ast.literal_eval.,"    app = eval('create.{0}(BODY, HEADERS)'.format(function))",PENDING,PENDING,PENDING,PENDING
FND-000011,R001,tiangolo/fastapi,50113da16fec53b66b80d75e80a89296de4fa5a5,Web Frameworks & APIs,Primary_Core_Benchmark,subprocess-execution,CWE-78,scripts/playwright/separate_openapi_schemas/image02.py,26,28,26,2,Bandit|Semgrep,B603|python.security.subprocess-execution,2,ALT-000011|ALT-000044,26,LOW|WARNING,HIGH,Subprocess execution should be reviewed for untrusted input. || subprocess call - check for execution of untrusted input.,"process = subprocess.Popen(
    [""uvicorn"", ""docs_src.separate_openapi_schemas.tutorial001:app""]
)",PENDING,PENDING,PENDING,PENDING
FND-000186,R013,ansible/ansible,3827d66bfbdc568f58cce57b113131598c46cd5a,"HTTP, Networking & Cloud",Primary_Core_Benchmark,subprocess-execution,CWE-78,hacking/azp/incidental.py,319,319,319,2,Bandit|Semgrep,B603|python.security.subprocess-execution,2,ALT-000304|ALT-000374,319,LOW|WARNING,HIGH,Subprocess execution should be reviewed for untrusted input. || subprocess call - check for execution of untrusted input.,        subprocess.check_call(self.analyze_cmd + ['combine'] + input_paths + [output_path]),PENDING,PENDING,PENDING,PENDING
FND-000314,R016,certbot/certbot,56ee04928d677d82c6a375a7c7b48e8ce13bb6bc,"HTTP, Networking & Cloud",Primary_Core_Benchmark,subprocess-execution,CWE-78,tools/snap/build_remote_single.py,151,151,151,2,Bandit|Semgrep,B603|python.security.subprocess-execution,2,ALT-000506|ALT-000563,151,LOW|WARNING,HIGH,Subprocess execution should be reviewed for untrusted input. || subprocess call - check for execution of untrusted input.,"        subprocess.run(['git', 'init'], capture_output=True, check=True, cwd=workspace)",PENDING,PENDING,PENDING,PENDING
FND-000265,R014,fabric/fabric,ded51893f02c33d2bc7c157624c44a039a952037,"HTTP, Networking & Cloud",Primary_Core_Benchmark,code-execution-exec,CWE-78,setup.py,45,45,45,2,Bandit|Semgrep,B102|python.security.exec,2,ALT-000454|ALT-000456,45,ERROR|MEDIUM,HIGH,Use of exec detected. || Use of exec() can execute dynamically supplied code.,"    exec(fp.read(), None, _locals)",PENDING,PENDING,PENDING,PENDING
FND-001137,R072,hypothesisworks/hypothesis,a8dcd7422a325926693b5464f73349e361562b7c,"CLI, Tooling & Systems",Supplementary_Holdout_Pool,subprocess-execution,CWE-78,tooling/src/hypothesistooling/__main__.py,1113,1113,1113,2,Bandit|Semgrep,B603|python.security.subprocess-execution,2,ALT-001977|ALT-002038,1113,LOW|WARNING,HIGH,Subprocess execution should be reviewed for untrusted input. || subprocess call - check for execution of untrusted input.,"    subprocess.check_call([sys.executable, ""-m"", ""pytest"", *args])",PENDING,PENDING,PENDING,PENDING
FND-000598,R040,celery/celery,07ee451b5313b520ed4f57cfe93d35ac81d0548c,"Databases, Caching & ORM",Primary_Core_Benchmark,subprocess-execution,CWE-78,t/unit/utils/test_platforms.py,174,174,174,2,Bandit|Semgrep,B603|python.security.subprocess-execution,2,ALT-000971|ALT-001027,174,LOW|WARNING,HIGH,Subprocess execution should be reviewed for untrusted input. || subprocess call - check for execution of untrusted input.,"    subprocess.run([sys.executable, '-c', script], check=True, timeout=30)",PENDING,PENDING,PENDING,PENDING
FND-000997,R058,pypa/setuptools,7d531288b7c8708d4cc186213da93eaf5d11833d,"CLI, Tooling & Systems",Supplementary_Holdout_Pool,subprocess-execution,CWE-78,tools/finalize.py,42,42,42,2,Bandit|Semgrep,B603|python.security.subprocess-execution,2,ALT-001697|ALT-001733,42,LOW|WARNING,HIGH,Subprocess execution should be reviewed for untrusted input. || subprocess call - check for execution of untrusted input.,"    subprocess.check_output(['git', 'add', changelog_fn])",PENDING,PENDING,PENDING,PENDING
FND-000287,R016,certbot/certbot,56ee04928d677d82c6a375a7c7b48e8ce13bb6bc,"HTTP, Networking & Cloud",Primary_Core_Benchmark,subprocess-execution,CWE-78,certbot-ci/src/snap_integration_tests/dns_tests/test_main.py,45,46,45,2,Bandit|Semgrep,B603|python.security.subprocess-execution,2,ALT-000479|ALT-000536,45,LOW|WARNING,HIGH,Subprocess execution should be reviewed for untrusted input. || subprocess call - check for execution of untrusted input.,"        assert plugin_name in subprocess.check_output(['certbot', 'plugins', '--prepare'],
                                                      universal_newlines=True)",PENDING,PENDING,PENDING,PENDING
FND-001163,R072,hypothesisworks/hypothesis,a8dcd7422a325926693b5464f73349e361562b7c,"CLI, Tooling & Systems",Supplementary_Holdout_Pool,subprocess-execution,CWE-78,tooling/src/hypothesistooling/release.py,291,300,291,2,Bandit|Semgrep,B603|python.security.subprocess-execution,2,ALT-002003|ALT-002064,291,LOW|WARNING,HIGH,Subprocess execution should be reviewed for untrusted input. || subprocess call - check for execution of untrusted input.,"    subprocess.check_call(
        [
            sys.executable,
            ""-m"",
            ""twine"",
            ""upload"",
            ""--skip-existing"",
            os.path.join(DIST, ""*""),
        ]
    )",PENDING,PENDING,PENDING,PENDING
FND-000885,R052,pandas-dev/pandas,c26625d6e79fe8f11dd00184a3c32b5cc68d70cc,Data Science & ML,Supplementary_Holdout_Pool,subprocess-execution,CWE-78,pandas/io/clipboard/__init__.py,182,185,182,2,Bandit|Semgrep,B603|python.security.subprocess-execution,2,ALT-001499|ALT-001523,182,LOW|WARNING,HIGH,Subprocess execution should be reviewed for untrusted input. || subprocess call - check for execution of untrusted input.,"        with subprocess.Popen(
            [""xclip"", ""-selection"", selection], stdin=subprocess.PIPE, close_fds=True
        ) as p:
            p.communicate(input=text.encode(ENCODING))",PENDING,PENDING,PENDING,PENDING
FND-000414,R024,pre-commit/pre-commit,a9bba55a3f74068b53f4bd4d831d7e05e34eae6c,"CLI, Tooling & Systems",Primary_Core_Benchmark,subprocess-execution,CWE-78,pre_commit/util.py,103,103,103,2,Bandit|Semgrep,B603|python.security.subprocess-execution,2,ALT-000739|ALT-000751,103,LOW|WARNING,HIGH,Subprocess execution should be reviewed for untrusted input. || subprocess call - check for execution of untrusted input.,"            proc = subprocess.Popen(cmd, **kwargs)",PENDING,PENDING,PENDING,PENDING
FND-000910,R053,numpy/numpy,43a7a41747f860a09f2c5b9a2fe5a97c7f5f8004,Data Science & ML,Supplementary_Holdout_Pool,code-execution-eval,CWE-78,numpy/_build_utils/tempita/_tempita.py,1098,1098,1098,2,Bandit|Semgrep,B307|python.security.eval,2,ALT-001542|ALT-001575,1098,ERROR|MEDIUM,HIGH,Use of eval() can evaluate untrusted expressions. || Use of possibly insecure function - consider using safer ast.literal_eval.,            value = eval(value),PENDING,PENDING,PENDING,PENDING
FND-000507,R037,mongodb/mongo-python-driver,4dd73032d98146fd97bedfb8434bff2f458bc26f,"Databases, Caching & ORM",Primary_Core_Benchmark,subprocess-execution,CWE-78,.evergreen/scripts/resync-all-specs.py,98,103,98,2,Bandit|Semgrep,B603|python.security.subprocess-execution,2,ALT-000873|ALT-000894,98,LOW|WARNING,HIGH,Subprocess execution should be reviewed for untrusted input. || subprocess call - check for execution of untrusted input.,"    process = subprocess.run(
        [""git"", ""diff"", ""--name-only""],  # noqa: S607
        capture_output=True,
        text=True,
        check=True,
    )",PENDING,PENDING,PENDING,PENDING
FND-000957,R056,pycurl/pycurl,3d008f97dceded3dde9888543c565a63237fee6c,"HTTP, Networking & Cloud",Supplementary_Holdout_Pool,subprocess-execution,CWE-78,setup.py,479,479,479,2,Bandit|Semgrep,B603|python.security.subprocess-execution,2,ALT-001637|ALT-001644,479,LOW|WARNING,HIGH,Subprocess execution should be reviewed for untrusted input. || subprocess call - check for execution of untrusted input.,"            p = subprocess.Popen(['cl.exe'], stdout=subprocess.PIPE, stderr=subprocess.PIPE)",PENDING,PENDING,PENDING,PENDING
FND-000610,R044,googleapis/google-auth-library-python,2ea24b03436765fa3cf279ce148482ff6332136b,"Security, Cryptography & Auth",Primary_Core_Benchmark,subprocess-execution,CWE-78,google/auth/transport/_mtls_helper.py,293,295,293,2,Bandit|Semgrep,B603|python.security.subprocess-execution,2,ALT-001045|ALT-001055,293,LOW|WARNING,HIGH,Subprocess execution should be reviewed for untrusted input. || subprocess call - check for execution of untrusted input.,"        process = subprocess.Popen(
            command, stdout=subprocess.PIPE, stderr=subprocess.PIPE
        )",PENDING,PENDING,PENDING,PENDING
FND-000391,R021,tox-dev/tox,6485a013e46b3cfe8f43002f6aa80e6e390efbfe,"CLI, Tooling & Systems",Primary_Core_Benchmark,subprocess-execution,CWE-78,tasks/release.py,146,152,146,2,Bandit|Semgrep,B603|python.security.subprocess-execution,2,ALT-000694|ALT-000704,146,LOW|WARNING,HIGH,Subprocess execution should be reviewed for untrusted input. || subprocess call - check for execution of untrusted input.,"        result = run(
            [""gh"", ""release"", ""create"", version_str, ""--title"", f""v{version_str}"", ""--generate-notes""],  # ruff:ignore[start-process-with-partial-path]
            cwd=str(ROOT_SRC_DIR),
            capture_output=True,
            text=True,
            check=True,
        )",PENDING,PENDING,PENDING,PENDING
FND-001000,R058,pypa/setuptools,7d531288b7c8708d4cc186213da93eaf5d11833d,"CLI, Tooling & Systems",Supplementary_Holdout_Pool,subprocess-execution,CWE-78,tools/generate_validation_code.py,27,27,27,2,Bandit|Semgrep,B603|python.security.subprocess-execution,2,ALT-001700|ALT-001736,27,LOW|WARNING,HIGH,Subprocess execution should be reviewed for untrusted input. || subprocess call - check for execution of untrusted input.,    subprocess.check_call(cmd),PENDING,PENDING,PENDING,PENDING
FND-000782,R046,Gallopsled/pwntools,1429a134ecf88eb9af70e05bf6c912f45dfde224,"Security, Cryptography & Auth",Primary_Core_Benchmark,subprocess-execution,CWE-78,pwnlib/commandline/elfdiff.py,22,22,22,2,Bandit|Semgrep,B603|python.security.subprocess-execution,2,ALT-001291|ALT-001325,22,LOW|WARNING,HIGH,Subprocess execution should be reviewed for untrusted input. || subprocess call - check for execution of untrusted input.,"    try: return check_output(['diff',a,b], universal_newlines=True)",PENDING,PENDING,PENDING,PENDING
FND-000978,R058,pypa/setuptools,7d531288b7c8708d4cc186213da93eaf5d11833d,"CLI, Tooling & Systems",Supplementary_Holdout_Pool,subprocess-execution,CWE-78,setuptools/_distutils/compilers/C/msvc.py,93,110,93,2,Bandit|Semgrep,B603|python.security.subprocess-execution,2,ALT-001679|ALT-001707,94,LOW|WARNING,HIGH,Subprocess execution should be reviewed for untrusted input. || subprocess call - check for execution of untrusted input.,"            path = (
                subprocess
                .check_output([
                    os.path.join(
                        root, ""Microsoft Visual Studio"", ""Installer"", ""vswhere.exe""
                    ),
                    ""-latest"",
                    ""-prerelease"",
                    ""-requires"",
                    component,
                    ""-property"",
                    ""installationPath"",
                    ""-products"",
                    ""*"",
                ])
                .decode(encoding=""mbcs"", errors=""strict"")
                .strip()
            )",PENDING,PENDING,PENDING,PENDING
FND-000362,R020,pytest-dev/pytest,431f3e1f5fd70b9b0f8afa2d20a10421542e5c6a,"CLI, Tooling & Systems",Primary_Core_Benchmark,subprocess-execution,CWE-78,scripts/release.py,21,21,21,2,Bandit|Semgrep,B603|python.security.subprocess-execution,2,ALT-000633|ALT-000664,21,LOW|WARNING,HIGH,Subprocess execution should be reviewed for untrusted input. || subprocess call - check for execution of untrusted input.,"    stdout = check_output([""git"", ""describe"", ""--abbrev=0"", ""--tags""], encoding=""UTF-8"")",PENDING,PENDING,PENDING,PENDING
FND-001223,R091,simonw/datasette,bdc973174096cae350ddaa733a10ed8b3ffd970b,"Databases, Caching & ORM",Supplementary_Holdout_Pool,subprocess-shell-true,CWE-78,datasette/publish/cloudrun.py,222,227,222,2,Bandit|Semgrep,B602|python.security.subprocess-shell-true,2,ALT-002150|ALT-002218,222|226,ERROR|HIGH,HIGH,"Subprocess execution with shell=True can enable command injection. || subprocess call with shell=True identified, security issue.","            check_call(
                ""gcloud builds submit --tag {}{}"".format(
                    image_id, f"" --timeout {timeout}"" if timeout else """"
                ),
                shell=True,
            )",PENDING,PENDING,PENDING,PENDING
FND-000815,R046,Gallopsled/pwntools,1429a134ecf88eb9af70e05bf6c912f45dfde224,"Security, Cryptography & Auth",Primary_Core_Benchmark,subprocess-execution,CWE-78,pwnlib/util/misc.py,509,509,509,2,Bandit|Semgrep,B603|python.security.subprocess-execution,2,ALT-001312|ALT-001372,509,LOW|WARNING,HIGH,Subprocess execution should be reviewed for untrusted input. || subprocess call - check for execution of untrusted input.,"    p = subprocess.Popen(argv, stdin=stdin, stdout=stdout, stderr=stderr, preexec_fn=preexec_fn)",PENDING,PENDING,PENDING,PENDING
FND-000909,R053,numpy/numpy,43a7a41747f860a09f2c5b9a2fe5a97c7f5f8004,Data Science & ML,Supplementary_Holdout_Pool,code-execution-exec,CWE-78,numpy/_build_utils/tempita/_tempita.py,335,335,335,2,Bandit|Semgrep,B102|python.security.exec,2,ALT-001541|ALT-001574,335,ERROR|MEDIUM,HIGH,Use of exec detected. || Use of exec() can execute dynamically supplied code.,"            exec(code, self.default_namespace, ns)",PENDING,PENDING,PENDING,PENDING
FND-000345,R019,tiangolo/typer,82b83959d9e900215ed8ff2a56a766ff066e1c75,"CLI, Tooling & Systems",Primary_Core_Benchmark,subprocess-execution,CWE-78,typer/_completion_classes.py,73,76,73,2,Bandit|Semgrep,B603|python.security.subprocess-execution,2,ALT-000603|ALT-000616,73,LOW|WARNING,HIGH,Subprocess execution should be reviewed for untrusted input. || subprocess call - check for execution of untrusted input.,"            output = subprocess.run(
                [bash_exe, ""--norc"", ""-c"", 'echo ""${BASH_VERSION}""'],
                stdout=subprocess.PIPE,
            )",PENDING,PENDING,PENDING,PENDING
FND-000284,R016,certbot/certbot,56ee04928d677d82c6a375a7c7b48e8ce13bb6bc,"HTTP, Networking & Cloud",Primary_Core_Benchmark,subprocess-execution,CWE-78,certbot-ci/src/snap_integration_tests/dns_tests/test_main.py,41,41,41,2,Bandit|Semgrep,B603|python.security.subprocess-execution,2,ALT-000476|ALT-000533,41,LOW|WARNING,HIGH,Subprocess execution should be reviewed for untrusted input. || subprocess call - check for execution of untrusted input.,"        subprocess.check_call(['snap', 'install', '--dangerous', dns_snap_path])",PENDING,PENDING,PENDING,PENDING
FND-000793,R046,Gallopsled/pwntools,1429a134ecf88eb9af70e05bf6c912f45dfde224,"Security, Cryptography & Auth",Primary_Core_Benchmark,subprocess-execution,CWE-78,pwnlib/commandline/version.py,23,23,23,2,Bandit|Semgrep,B603|python.security.subprocess-execution,2,ALT-001302|ALT-001336,23,LOW|WARNING,HIGH,Subprocess execution should be reviewed for untrusted input. || subprocess call - check for execution of untrusted input.,"		branch = subprocess.check_output(['git', '-C', git_root, 'rev-parse', '--abbrev-ref', 'HEAD'])",PENDING,PENDING,PENDING,PENDING
FND-000937,R053,numpy/numpy,43a7a41747f860a09f2c5b9a2fe5a97c7f5f8004,Data Science & ML,Supplementary_Holdout_Pool,subprocess-execution,CWE-78,tools/linter.py,26,31,26,2,Bandit|Semgrep,B603|python.security.subprocess-execution,2,ALT-001566|ALT-001607,26,LOW|WARNING,HIGH,Subprocess execution should be reviewed for untrusted input. || subprocess call - check for execution of untrusted input.,"        res = subprocess.run(
            command,
            stdout=subprocess.PIPE,
            cwd=self.repository_root,
            encoding=""utf-8"",
        )",PENDING,PENDING,PENDING,PENDING
FND-000124,R003,django/django,9193cb54550727a02fd55dab1b430597a9aa4297,Web Frameworks & APIs,Primary_Core_Benchmark,dynamic-sql,CWE-89,django/db/backends/sqlite3/schema.py,455,475,455,2,Bandit|Semgrep,B608|python.security.dynamic-sql,2,ALT-000119|ALT-000210,455|456,ERROR|MEDIUM,MEDIUM,Dynamically constructed SQL passed to a database execution call. || Possible SQL injection vector through string-based query construction.,"        self.execute(
            ""INSERT INTO %s (%s) SELECT %s FROM %s""
            % (
                self.quote_name(new_field.remote_field.through._meta.db_table),
                "", "".join(
                    [
                        ""id"",
                        new_field.m2m_column_name(),
                        new_field.m2m_reverse_name(),
                    ]
                ),
                "", "".join(
                    [
                        ""id"",
                        old_field.m2m_column_name(),
                        old_field.m2m_reverse_name(),
                    ]
                ),
                self.quote_name(old_field.remote_field.through._meta.db_table),
            )
        )",PENDING,PENDING,PENDING,PENDING
FND-000044,R003,django/django,9193cb54550727a02fd55dab1b430597a9aa4297,Web Frameworks & APIs,Primary_Core_Benchmark,dynamic-sql,CWE-89,django/contrib/gis/db/backends/spatialite/operations.py,161,161,161,1,Semgrep,python.security.dynamic-sql,1,ALT-000146,161,ERROR,,Dynamically constructed SQL passed to a database execution call.,"            cursor.execute(""SELECT %s"" % func)",PENDING,PENDING,PENDING,PENDING
FND-000085,R003,django/django,9193cb54550727a02fd55dab1b430597a9aa4297,Web Frameworks & APIs,Primary_Core_Benchmark,dynamic-sql,CWE-89,django/db/backends/base/operations.py,113,113,113,1,Bandit,B608,1,ALT-000099,113,MEDIUM,LOW,Possible SQL injection vector through string-based query construction.,"        return f""SELECT {cache_key} FROM %s ORDER BY {cache_key} LIMIT 1 OFFSET %%s""",PENDING,PENDING,PENDING,PENDING
FND-000086,R003,django/django,9193cb54550727a02fd55dab1b430597a9aa4297,Web Frameworks & APIs,Primary_Core_Benchmark,dynamic-sql,CWE-89,django/db/backends/base/schema.py,559,564,559,1,Semgrep,python.security.dynamic-sql,1,ALT-000179,559,ERROR,,Dynamically constructed SQL passed to a database execution call.,"        self.execute(
            self.sql_delete_table
            % {
                ""table"": self.quote_name(model._meta.db_table),
            }
        )",PENDING,PENDING,PENDING,PENDING
FND-000493,R036,tortoise/tortoise-orm,ffc946ebd2d1715c3cc3196ada2c2da04f6188d4,"Databases, Caching & ORM",Primary_Core_Benchmark,dynamic-sql,CWE-89,tortoise/backends/mysql/client.py,132,134,132,1,Semgrep,python.security.dynamic-sql,1,ALT-000863,132,ERROR,,Dynamically constructed SQL passed to a database execution call.,"                            await cursor.execute(
                                f""SET default_storage_engine='{self.storage_engine}';""
                            )",PENDING,PENDING,PENDING,PENDING
FND-000753,R045,sqlmapproject/sqlmap,1ee368f78a73ccc1c193af32d4e70c1244be5865,"Security, Cryptography & Auth",Primary_Core_Benchmark,dynamic-sql,CWE-89,plugins/dbms/postgresql/filesystem.py,69,69,69,1,Bandit,B608,1,ALT-001194,69,MEDIUM,LOW,Possible SQL injection vector through string-based query construction.,"        inject.goStacked(""DELETE FROM pg_largeobject WHERE loid=%d"" % self.oid)",PENDING,PENDING,PENDING,PENDING
FND-000527,R038,psycopg/psycopg2,3a6d9d6ddc6b53eaa80b712f5fa6b23abbdc38db,"Databases, Caching & ORM",Primary_Core_Benchmark,dynamic-sql,CWE-89,lib/_json.py,187,189,187,1,Bandit,B608,1,ALT-000914,188,MEDIUM,MEDIUM,Possible SQL injection vector through string-based query construction.,"    curs.execute(
        ""SELECT t.oid, %s FROM pg_type t WHERE t.typname = %%s;""
        % typarray, (name,))",PENDING,PENDING,PENDING,PENDING
FND-000054,R003,django/django,9193cb54550727a02fd55dab1b430597a9aa4297,Web Frameworks & APIs,Primary_Core_Benchmark,dynamic-sql,CWE-89,django/contrib/postgres/operations.py,203,211,203,1,Semgrep,python.security.dynamic-sql,1,ALT-000156,203,ERROR,,Dynamically constructed SQL passed to a database execution call.,"        schema_editor.execute(
            ""CREATE COLLATION %(name)s (%(args)s)""
            % {
                ""name"": schema_editor.quote_name(self.name),
                ""args"": "", "".join(
                    f""{option}={value}"" for option, value in args.items()
                ),
            }
        )",PENDING,PENDING,PENDING,PENDING
FND-000053,R003,django/django,9193cb54550727a02fd55dab1b430597a9aa4297,Web Frameworks & APIs,Primary_Core_Benchmark,dynamic-sql,CWE-89,django/contrib/postgres/operations.py,51,53,51,1,Semgrep,python.security.dynamic-sql,1,ALT-000155,51,ERROR,,Dynamically constructed SQL passed to a database execution call.,"            schema_editor.execute(
                ""DROP EXTENSION IF EXISTS %s"" % schema_editor.quote_name(self.name)
            )",PENDING,PENDING,PENDING,PENDING
FND-000764,R045,sqlmapproject/sqlmap,1ee368f78a73ccc1c193af32d4e70c1244be5865,"Security, Cryptography & Auth",Primary_Core_Benchmark,dynamic-sql,CWE-89,plugins/generic/entries.py,491,495,491,1,Bandit,B608,1,ALT-001205,491,MEDIUM,LOW,Possible SQL injection vector through string-based query construction.,"                                if not inject.checkBooleanExpression(""(SELECT COUNT(%s) FROM %s)>0"" % (column, kb.dumpTable)):
                                    emptyColumns.append(column)
                                    debugMsg = ""column '%s' of table '%s' will not be "" % (column, kb.dumpTable)
                                    debugMsg += ""dumped as it appears to be empty""
                                    logger.debug(debugMsg)",PENDING,PENDING,PENDING,PENDING
FND-001213,R091,simonw/datasette,bdc973174096cae350ddaa733a10ed8b3ffd970b,"Databases, Caching & ORM",Supplementary_Holdout_Pool,dynamic-sql,CWE-89,datasette/facets.py,336,354,336,1,Bandit,B608,1,ALT-002136,341,MEDIUM,MEDIUM,Possible SQL injection vector through string-based query construction.,"                    first_100 = [
                        v[0]
                        for v in await self.ds.execute(
                            self.database,
                            (
                                f""select {escape_sqlite(column)} from ({self.sql}) ""
                                f""where {escape_sqlite(column)} is not null ""
                                f""and {escape_sqlite(column)} != '' ""
                                f""and json_array_length({escape_sqlite(column)}) > 0 ""
                                ""limit 100""
                            ),
                            self.params,
                            truncate=False,
                            custom_time_limit=self.ds.setting(
                                ""facet_suggest_time_limit_ms""
                            ),
                            log_sql_errors=False,
                        )
                    ]",PENDING,PENDING,PENDING,PENDING
FND-000097,R003,django/django,9193cb54550727a02fd55dab1b430597a9aa4297,Web Frameworks & APIs,Primary_Core_Benchmark,dynamic-sql,CWE-89,django/db/backends/oracle/base.py,337,341,337,1,Bandit,B608,1,ALT-000105,338,MEDIUM,MEDIUM,Possible SQL injection vector through string-based query construction.,"                cursor.execute(
                    ""SELECT 1 FROM DUAL WHERE DUMMY %s""
                    % self._standard_operators[""contains""],
                    [""X""],
                )",PENDING,PENDING,PENDING,PENDING
FND-000768,R045,sqlmapproject/sqlmap,1ee368f78a73ccc1c193af32d4e70c1244be5865,"Security, Cryptography & Auth",Primary_Core_Benchmark,dynamic-sql,CWE-89,plugins/generic/filesystem.py,123,123,123,1,Bandit,B608,1,ALT-001209,123,MEDIUM,LOW,Possible SQL injection vector through string-based query construction.,"                sqlQueries.append(""INSERT INTO %s(%s) VALUES (%s)"" % (self.fileTblName, self.tblField, fcEncodedLine))",PENDING,PENDING,PENDING,PENDING
FND-000093,R003,django/django,9193cb54550727a02fd55dab1b430597a9aa4297,Web Frameworks & APIs,Primary_Core_Benchmark,dynamic-sql,CWE-89,django/db/backends/mysql/introspection.py,159,161,159,2,Bandit|Semgrep,B608|python.security.dynamic-sql,2,ALT-000103|ALT-000187,159|160,ERROR|MEDIUM,MEDIUM,Dynamically constructed SQL passed to a database execution call. || Possible SQL injection vector through string-based query construction.,"        cursor.execute(
            ""SELECT * FROM %s LIMIT 1"" % self.connection.ops.quote_name(table_name)
        )",PENDING,PENDING,PENDING,PENDING
FND-000669,R045,sqlmapproject/sqlmap,1ee368f78a73ccc1c193af32d4e70c1244be5865,"Security, Cryptography & Auth",Primary_Core_Benchmark,dynamic-sql,CWE-89,lib/core/agent.py,1166,1166,1166,1,Bandit,B608,1,ALT-001110,1166,MEDIUM,LOW,Possible SQL injection vector through string-based query construction.,"                        replacement = ""SELECT x.z FROM (%s)x WHERE x.y-1=%d"" % (_, num)",PENDING,PENDING,PENDING,PENDING
FND-000477,R035,coleifer/peewee,c6328d6c91120b3d04878921a0af64a9ee78c866,"Databases, Caching & ORM",Primary_Core_Benchmark,dynamic-sql,CWE-89,peewee.py,4293,4293,4293,1,Semgrep,python.security.dynamic-sql,1,ALT-000848,4293,ERROR,,Dynamically constructed SQL passed to a database execution call.,"            cursor.execute('PRAGMA %s = %s;' % (pragma, value))",PENDING,PENDING,PENDING,PENDING
FND-000665,R045,sqlmapproject/sqlmap,1ee368f78a73ccc1c193af32d4e70c1244be5865,"Security, Cryptography & Auth",Primary_Core_Benchmark,dynamic-sql,CWE-89,extra/vulnserver/vulnserver.py,1202,1202,1202,2,Bandit|Semgrep,B608|python.security.dynamic-sql,2,ALT-001106|ALT-001233,1202,ERROR|MEDIUM,MEDIUM,Dynamically constructed SQL passed to a database execution call. || Possible SQL injection vector through string-based query construction.,"        _cursor.execute(""SELECT id, name, surname FROM users WHERE id=%s"" % id_)",PENDING,PENDING,PENDING,PENDING
FND-000636,R045,sqlmapproject/sqlmap,1ee368f78a73ccc1c193af32d4e70c1244be5865,"Security, Cryptography & Auth",Primary_Core_Benchmark,dynamic-sql,CWE-89,extra/esperanto/enumeration.py,137,137,137,1,Bandit,B608,1,ALT-001077,137,MEDIUM,LOW,Possible SQL injection vector through string-based query construction.,"                expr = ""(SELECT MIN(%s) FROM %s%s%s%s)"" % (col, src, where, conj, beyond)",PENDING,PENDING,PENDING,PENDING
FND-000192,R013,ansible/ansible,3827d66bfbdc568f58cce57b113131598c46cd5a,"HTTP, Networking & Cloud",Primary_Core_Benchmark,dynamic-sql,CWE-89,hacking/report.py,199,199,199,1,Semgrep,python.security.dynamic-sql,1,ALT-000380,199,ERROR,,Dynamically constructed SQL passed to a database execution call.,    cursor.execute('DROP TABLE IF EXISTS %s' % name),PENDING,PENDING,PENDING,PENDING
FND-001211,R091,simonw/datasette,bdc973174096cae350ddaa733a10ed8b3ffd970b,"Databases, Caching & ORM",Supplementary_Holdout_Pool,dynamic-sql,CWE-89,datasette/facets.py,226,232,226,1,Bandit,B608,1,ALT-002134,226,MEDIUM,LOW,Possible SQL injection vector through string-based query construction.,"            facet_sql = """"""
                select {col} as value, count(*) as count from (
                    {sql}
                )
                where {col} is not null
                group by {col} order by count desc, value limit {limit}
            """""".format(col=escape_sqlite(column), sql=self.sql, limit=facet_size + 1)",PENDING,PENDING,PENDING,PENDING
FND-001270,R091,simonw/datasette,bdc973174096cae350ddaa733a10ed8b3ffd970b,"Databases, Caching & ORM",Supplementary_Holdout_Pool,dynamic-sql,CWE-89,datasette/views/execute_write.py,133,138,133,1,Bandit,B608,1,ALT-002192,135,MEDIUM,LOW,Possible SQL injection vector through string-based query construction.,"    return ""\n"".join(
        (
            f""delete from {_quote_identifier(table)}"",
            f""where {_quote_identifier(where_column)} = :{names[where_column]}"",
        )
    )",PENDING,PENDING,PENDING,PENDING
FND-000698,R045,sqlmapproject/sqlmap,1ee368f78a73ccc1c193af32d4e70c1244be5865,"Security, Cryptography & Auth",Primary_Core_Benchmark,dynamic-sql,CWE-89,lib/techniques/error/use.py,396,400,396,1,Bandit,B608,1,ALT-001136,396,MEDIUM,LOW,Possible SQL injection vector through string-based query construction.,"                        if _oneShotErrorUse(""SELECT COUNT(%s) FROM %s"" % (field, kb.dumpTable)) == '0':
                            emptyFields.append(field)
                            debugMsg = ""column '%s' of table '%s' will not be "" % (field, kb.dumpTable)
                            debugMsg += ""dumped as it appears to be empty""
                            logger.debug(debugMsg)",PENDING,PENDING,PENDING,PENDING
FND-000648,R045,sqlmapproject/sqlmap,1ee368f78a73ccc1c193af32d4e70c1244be5865,"Security, Cryptography & Auth",Primary_Core_Benchmark,dynamic-sql,CWE-89,extra/esperanto/enumeration.py,588,588,588,1,Bandit,B608,1,ALT-001089,588,MEDIUM,LOW,Possible SQL injection vector through string-based query construction.,"                    res = self.extractResult(""(SELECT %s FROM %s WHERE %s)"" % (payload, qtable, where), codes=_HEX_PAYLOAD_CODES)",PENDING,PENDING,PENDING,PENDING
FND-001241,R091,simonw/datasette,bdc973174096cae350ddaa733a10ed8b3ffd970b,"Databases, Caching & ORM",Supplementary_Holdout_Pool,dynamic-sql,CWE-89,datasette/utils/__init__.py,877,883,877,1,Semgrep,python.security.dynamic-sql,1,ALT-002232,880,ERROR,,Dynamically constructed SQL passed to a database execution call.,"        return [
            # Treat hidden as 0 for all columns.
            Column(*(list(r) + [0]))
            for r in conn.execute(
                f""PRAGMA table_info({escape_sqlite(table)});""
            ).fetchall()
        ]",PENDING,PENDING,PENDING,PENDING
FND-000131,R003,django/django,9193cb54550727a02fd55dab1b430597a9aa4297,Web Frameworks & APIs,Primary_Core_Benchmark,dynamic-sql,CWE-89,django/db/models/sql/compiler.py,2277,2277,2277,1,Bandit,B608,1,ALT-000126,2277,MEDIUM,LOW,Possible SQL injection vector through string-based query construction.,"        sql = ""SELECT %s FROM (%s) subquery"" % (sql, inner_query_sql)",PENDING,PENDING,PENDING,PENDING
FND-000762,R045,sqlmapproject/sqlmap,1ee368f78a73ccc1c193af32d4e70c1244be5865,"Security, Cryptography & Auth",Primary_Core_Benchmark,dynamic-sql,CWE-89,plugins/generic/databases.py,1052,1052,1052,1,Bandit,B608,1,ALT-001203,1052,MEDIUM,LOW,Possible SQL injection vector through string-based query construction.,"            query = ""SELECT %s FROM %s"" % (queries[Backend.getIdentifiedDbms()].count.query % '*', safeSQLIdentificatorNaming(table, True))",PENDING,PENDING,PENDING,PENDING
FND-000119,R003,django/django,9193cb54550727a02fd55dab1b430597a9aa4297,Web Frameworks & APIs,Primary_Core_Benchmark,dynamic-sql,CWE-89,django/db/backends/sqlite3/introspection.py,346,348,346,1,Semgrep,python.security.dynamic-sql,1,ALT-000206,346,ERROR,,Dynamically constructed SQL passed to a database execution call.,"        cursor.execute(
            ""PRAGMA index_list(%s)"" % self.connection.ops.quote_name(table_name)
        )",PENDING,PENDING,PENDING,PENDING
FND-001200,R091,simonw/datasette,bdc973174096cae350ddaa733a10ed8b3ffd970b,"Databases, Caching & ORM",Supplementary_Holdout_Pool,dynamic-sql,CWE-89,datasette/app.py,1821,1821,1821,1,Bandit,B608,1,ALT-002123,1821,MEDIUM,LOW,Possible SQL injection vector through string-based query construction.,"                    query = f""SELECT * FROM ({query}) WHERE {keyset_where}""",PENDING,PENDING,PENDING,PENDING
FND-000746,R045,sqlmapproject/sqlmap,1ee368f78a73ccc1c193af32d4e70c1244be5865,"Security, Cryptography & Auth",Primary_Core_Benchmark,dynamic-sql,CWE-89,plugins/dbms/mssqlserver/fingerprint.py,186,186,186,1,Bandit,B608,1,ALT-001187,186,MEDIUM,LOW,Possible SQL injection vector through string-based query construction.,"            query = ""EXISTS(SELECT %s FROM %s WHERE %s "" % (self.tblField, self.fileTblName, self.tblField)",PENDING,PENDING,PENDING,PENDING
FND-001258,R091,simonw/datasette,bdc973174096cae350ddaa733a10ed8b3ffd970b,"Databases, Caching & ORM",Supplementary_Holdout_Pool,dynamic-sql,CWE-89,datasette/utils/internal_db.py,216,218,216,1,Semgrep,python.security.dynamic-sql,1,ALT-002237,216,ERROR,,Dynamically constructed SQL passed to a database execution call.,"            foreign_keys = conn.execute(
                f""PRAGMA foreign_key_list({escape_sqlite(table_name)})""
            ).fetchall()",PENDING,PENDING,PENDING,PENDING
FND-001257,R091,simonw/datasette,bdc973174096cae350ddaa733a10ed8b3ffd970b,"Databases, Caching & ORM",Supplementary_Holdout_Pool,dynamic-sql,CWE-89,datasette/utils/actions_sql.py,808,819,808,1,Bandit,B608,1,ALT-002181,810,MEDIUM,MEDIUM,Possible SQL injection vector through string-based query construction.,"            restriction_row = (
                await db.execute(
                    f""""""
                    SELECT EXISTS(
                        SELECT 1 FROM ({permission_sql.restriction_sql}) AS restriction_rules
                        WHERE (parent IS NULL OR parent = :{parent_param})
                          AND (child IS NULL OR child = :{child_param})
                    ) AS resource_is_in_allowlist
                    """""",
                    params,
                )
            ).first()",PENDING,PENDING,PENDING,PENDING
FND-001205,R091,simonw/datasette,bdc973174096cae350ddaa733a10ed8b3ffd970b,"Databases, Caching & ORM",Supplementary_Holdout_Pool,dynamic-sql,CWE-89,datasette/database.py,608,613,608,1,Bandit,B608,1,ALT-002126,610,MEDIUM,MEDIUM,Possible SQL injection vector through string-based query construction.,"                table_count = (
                    await self.execute(
                        f""select count(*) from (select * from {escape_sqlite(table)} limit {self.count_limit + 1})"",
                        custom_time_limit=limit,
                    )
                ).rows[0][0]",PENDING,PENDING,PENDING,PENDING
FND-000452,R033,sqlalchemy/sqlalchemy,de83fa72d787136785624fd8981e1d71e9f427ab,"Databases, Caching & ORM",Primary_Core_Benchmark,dynamic-sql,CWE-89,lib/sqlalchemy/dialects/sqlite/base.py,3001,3005,3001,1,Bandit,B608,1,ALT-000787,3002,MEDIUM,LOW,Possible SQL injection vector through string-based query construction.,"                s = (
                    ""SELECT sql FROM %(schema)ssqlite_master ""
                    ""WHERE name = ? ""
                    ""AND type = 'index'"" % {""schema"": schema_expr}
                )",PENDING,PENDING,PENDING,PENDING
FND-000678,R045,sqlmapproject/sqlmap,1ee368f78a73ccc1c193af32d4e70c1244be5865,"Security, Cryptography & Auth",Primary_Core_Benchmark,dynamic-sql,CWE-89,lib/core/replication.py,67,67,67,1,Semgrep,python.security.dynamic-sql,1,ALT-001244,67,ERROR,,Dynamically constructed SQL passed to a database execution call.,"                        self.execute('CREATE TABLE ""%s"" (%s)' % (self.name, ','.join('""%s"" %s' % (unsafeSQLIdentificatorNaming(colname), coltype) for colname, coltype in self.columns)))",PENDING,PENDING,PENDING,PENDING
FND-000640,R045,sqlmapproject/sqlmap,1ee368f78a73ccc1c193af32d4e70c1244be5865,"Security, Cryptography & Auth",Primary_Core_Benchmark,dynamic-sql,CWE-89,extra/esperanto/enumeration.py,348,348,348,1,Bandit,B608,1,ALT-001081,348,MEDIUM,LOW,Possible SQL injection vector through string-based query construction.,"        sums = self._ask(""(SELECT SUM(%s) FROM (SELECT %s) t) IS NOT NULL"" % (expr, expr))",PENDING,PENDING,PENDING,PENDING
FND-000486,R035,coleifer/peewee,c6328d6c91120b3d04878921a0af64a9ee78c866,"Databases, Caching & ORM",Primary_Core_Benchmark,dynamic-sql,CWE-89,playhouse/pwasyncio.py,871,871,871,1,Semgrep,python.security.dynamic-sql,1,ALT-000853,871,ERROR,,Dynamically constructed SQL passed to a database execution call.,"            await conn.execute('ATTACH DATABASE ""%s"" AS ""%s""' % (db, name))",PENDING,PENDING,PENDING,PENDING
FND-000060,R003,django/django,9193cb54550727a02fd55dab1b430597a9aa4297,Web Frameworks & APIs,Primary_Core_Benchmark,dynamic-sql,CWE-89,django/core/cache/backends/db.py,150,159,150,1,Bandit,B608,1,ALT-000078,151,MEDIUM,MEDIUM,Possible SQL injection vector through string-based query construction.,"                    cursor.execute(
                        ""SELECT %s, %s FROM %s WHERE %s = %%s""
                        % (
                            quote_name(""cache_key""),
                            quote_name(""expires""),
                            table,
                            quote_name(""cache_key""),
                        ),
                        [key],
                    )",PENDING,PENDING,PENDING,PENDING
FND-001280,R091,simonw/datasette,bdc973174096cae350ddaa733a10ed8b3ffd970b,"Databases, Caching & ORM",Supplementary_Holdout_Pool,dynamic-sql,CWE-89,datasette/views/table.py,1588,1594,1588,1,Bandit,B608,1,ALT-002202,1588,MEDIUM,LOW,Possible SQL injection vector through string-based query construction.,"            fallback_sql = f""""""
                select {select_sql}
                from {escape_sqlite(table_name)}
                where {fallback_where}
                order by {_autocomplete_pk_order_by(pks)}
                limit 10
            """"""",PENDING,PENDING,PENDING,PENDING
FND-000644,R045,sqlmapproject/sqlmap,1ee368f78a73ccc1c193af32d4e70c1244be5865,"Security, Cryptography & Auth",Primary_Core_Benchmark,dynamic-sql,CWE-89,extra/esperanto/enumeration.py,428,428,428,1,Bandit,B608,1,ALT-001085,428,MEDIUM,LOW,Possible SQL injection vector through string-based query construction.,"                total = self.extractInteger(""(SELECT COUNT(*) FROM %s)"" % qtable)",PENDING,PENDING,PENDING,PENDING
FND-000643,R045,sqlmapproject/sqlmap,1ee368f78a73ccc1c193af32d4e70c1244be5865,"Security, Cryptography & Auth",Primary_Core_Benchmark,dynamic-sql,CWE-89,extra/esperanto/enumeration.py,414,416,414,1,Bandit,B608,1,ALT-001084,415,MEDIUM,LOW,Possible SQL injection vector through string-based query construction.,"                if unit == ""int"" and self._comparator == ""gt"" and \
                   not self._ask(""(SELECT MIN(%s) FROM %s)>=0"" % (rid, qtable)):
                    continue",PENDING,PENDING,PENDING,PENDING
FND-000059,R003,django/django,9193cb54550727a02fd55dab1b430597a9aa4297,Web Frameworks & APIs,Primary_Core_Benchmark,dynamic-sql,CWE-89,django/core/cache/backends/db.py,136,136,136,2,Bandit|Semgrep,B608|python.security.dynamic-sql,2,ALT-000077|ALT-000160,136,ERROR|MEDIUM,MEDIUM,Dynamically constructed SQL passed to a database execution call. || Possible SQL injection vector through string-based query construction.,"                cursor.execute(""SELECT COUNT(*) FROM %s"" % table)",PENDING,PENDING,PENDING,PENDING
FND-001220,R091,simonw/datasette,bdc973174096cae350ddaa733a10ed8b3ffd970b,"Databases, Caching & ORM",Supplementary_Holdout_Pool,dynamic-sql,CWE-89,datasette/fixtures.py,46,358,46,1,Bandit,B608,5,ALT-002143|ALT-002144|ALT-002145|ALT-002146|ALT-002147,47|341|347|350|354,MEDIUM,LOW,Possible SQL injection vector through string-based query construction.,"TABLES = (
    """"""
CREATE TABLE simple_primary_key (
  id integer primary key,
  content text
);

CREATE TABLE primary_key_multiple_columns (
  id varchar(30) primary key,
  content text,
  content2 text
);

CREATE TABLE primary_key_multiple_columns_explicit_label (
  id varchar(30) primary key,
  content text,
  content2 text
);

CREATE TABLE compound_primary_key (
  pk1 varchar(30),
  pk2 varchar(30),
  content text,
  PRIMARY KEY (pk1, pk2)
);

INSERT INTO compound_primary_key VALUES ('a', 'b', 'c');
INSERT INTO compound_primary_key VALUES ('a/b', '.c-d', 'c');
INSERT INTO compound_primary_key VALUES ('d', 'e', 'RENDER_CELL_DEMO');

CREATE TABLE compound_three_primary_keys (
  pk1 varchar(30),
  pk2 varchar(30),
  pk3 varchar(30),
  content text,
  PRIMARY KEY (pk1, pk2, pk3)
);
CREATE INDEX idx_compound_three_primary_keys_content ON compound_three_primary_keys(content);

CREATE TABLE foreign_key_references (
  pk varchar(30) primary key,
  foreign_key_with_label integer,
  foreign_key_with_blank_label integer,
  foreign_key_with_no_label varchar(30),
  foreign_key_compound_pk1 varchar(30),
  foreign_key_compound_pk2 varchar(30),
  FOREIGN KEY (foreign_key_with_label) REFERENCES simple_primary_key(id),
  FOREIGN KEY (foreign_key_with_blank_label) REFERENCES simple_primary_key(id),
  FOREIGN KEY (foreign_key_with_no_label) REFERENCES primary_key_multiple_columns(id)
  FOREIGN KEY (foreign_key_compound_pk1, foreign_key_compound_pk2) REFERENCES compound_primary_key(pk1, pk2)
);

CREATE TABLE sortable (
  pk1 varchar(30),
  pk2 varchar(30),
  content text,
  sortable integer,
  sortable_with_nulls real,
  sortable_with_nulls_2 real,
  text text,
  PRIMARY KEY (pk1, pk2)
);

CREATE TABLE no_primary_key (
  content text,
  a text,
  b text,
  c text
);

CREATE TABLE [123_starts_with_digits] (
  content text
);

CREATE VIEW paginated_view AS
    SELECT
        content,
        '- ' || content || ' -' AS content_extra
    FROM no_primary_key;

CREATE TABLE ""Table With Space In Name"" (
  pk varchar(30) primary key,
  content text
);

CREATE TABLE ""table/with/slashes.csv"" (
  pk varchar(30) primary key,
  content text
);

CREATE TABLE ""complex_foreign_keys"" (
  pk varchar(30) primary key,
  f1 integer,
  f2 integer,
  f3 integer,
  FOREIGN KEY (""f1"") REFERENCES [simple_primary_key](id),
  FOREIGN KEY (""f2"") REFERENCES [simple_primary_key](id),
  FOREIGN KEY (""f3"") REFERENCES [simple_primary_key](id)
);

CREATE TABLE ""custom_foreign_key_label"" (
  pk varchar(30) primary key,
  foreign_key_with_custom_label text,
  FOREIGN KEY (""foreign_key_with_custom_label"") REFERENCES [primary_key_multiple_columns_explicit_label](id)
);

CREATE TABLE tags (
    tag TEXT PRIMARY KEY
);

CREATE TABLE searchable (
  pk integer primary key,
  text1 text,
  text2 text,
  [name with . and spaces] text
);

CREATE TABLE searchable_tags (
    searchable_id integer,
    tag text,
    PRIMARY KEY (searchable_id, tag),
    FOREIGN KEY (searchable_id) REFERENCES searchable(pk),
    FOREIGN KEY (tag) REFERENCES tags(tag)
);

INSERT INTO searchable VALUES (1, 'barry cat', 'terry dog', 'panther');
INSERT INTO searchable VALUES (2, 'terry dog', 'sara weasel', 'puma');

INSERT INTO tags VALUES (""canine"");
INSERT INTO tags VALUES (""feline"");

INSERT INTO searchable_tags (searchable_id, tag) VALUES
    (1, ""feline""),
    (2, ""canine"")
;

CREATE VIRTUAL TABLE ""searchable_fts""
    USING FTS5 (text1, text2, [name with . and spaces], content=""searchable"", content_rowid=""pk"");
INSERT INTO ""searchable_fts"" (searchable_fts) VALUES ('rebuild');

CREATE TABLE [select] (
  [group] text,
  [having] text,
  [and] text,
  [json] text
);
INSERT INTO [select] VALUES ('group', 'having', 'and',
    '{""href"": ""http://example.com/"", ""label"":""Example""}'
);

CREATE TABLE infinity (
    value REAL
);
INSERT INTO infinity VALUES
    (1e999),
    (-1e999),
    (1.5)
;

CREATE TABLE facet_cities (
    id integer primary key,
    name text
);
INSERT INTO facet_cities (id, name) VALUES
    (1, 'San Francisco'),
    (2, 'Los Angeles'),
    (3, 'Detroit'),
    (4, 'Memnonia')
;

CREATE TABLE facetable (
    pk integer primary key,
    created text,
    planet_int integer,
    on_earth integer,
    state text,
    _city_id integer,
    _neighborhood text,
    tags text,
    complex_array text,
    distinct_some_null,
    n text,
    FOREIGN KEY (""_city_id"") REFERENCES [facet_cities](id)
);
INSERT INTO facetable
    (created, planet_int, on_earth, state, _city_id, _neighborhood, tags, complex_array, distinct_some_null, n)
VALUES
    (""2019-01-14 08:00:00"", 1, 1, 'CA', 1, 'Mission', '[""tag1"", ""tag2""]', '[{""foo"": ""bar""}]', 'one', 'n1'),
    (""2019-01-14 08:00:00"", 1, 1, 'CA', 1, 'Dogpatch', '[""tag1"", ""tag3""]', '[]', 'two', 'n2'),
    (""2019-01-14 08:00:00"", 1, 1, 'CA', 1, 'SOMA', '[]', '[]', null, null),
    (""2019-01-14 08:00:00"", 1, 1, 'CA', 1, 'Tenderloin', '[]', '[]', null, null),
    (""2019-01-15 08:00:00"", 1, 1, 'CA', 1, 'Bernal Heights', '[]', '[]', null, null),
    (""2019-01-15 08:00:00"", 1, 1, 'CA', 1, 'Hayes Valley', '[]', '[]', null, null),
    (""2019-01-15 08:00:00"", 1, 1, 'CA', 2, 'Hollywood', '[]', '[]', null, null),
    (""2019-01-15 08:00:00"", 1, 1, 'CA', 2, 'Downtown', '[]', '[]', null, null),
    (""2019-01-16 08:00:00"", 1, 1, 'CA', 2, 'Los Feliz', '[]', '[]', null, null),
    (""2019-01-16 08:00:00"", 1, 1, 'CA', 2, 'Koreatown', '[]', '[]', null, null),
    (""2019-01-16 08:00:00"", 1, 1, 'MI', 3, 'Downtown', '[]', '[]', null, null),
    (""2019-01-17 08:00:00"", 1, 1, 'MI', 3, 'Greektown', '[]', '[]', null, null),
    (""2019-01-17 08:00:00"", 1, 1, 'MI', 3, 'Corktown', '[]', '[]', null, null),
    (""2019-01-17 08:00:00"", 1, 1, 'MI', 3, 'Mexicantown', '[]', '[]', null, null),
    (""2019-01-17 08:00:00"", 2, 0, 'MC', 4, 'Arcadia Planitia', '[]', '[]', null, null)
;

CREATE TABLE binary_data (
    data BLOB
);

-- Many 2 Many demo: roadside attractions!

CREATE TABLE roadside_attractions (
    pk integer primary key,
    name text,
    address text,
    url text,
    latitude real,
    longitude real
);
INSERT INTO roadside_attractions VALUES (
    1, ""The Mystery Spot"", ""465 Mystery Spot Road, Santa Cruz, CA 95065"", ""https://www.mysteryspot.com/"",
    37.0167, -122.0024
);
INSERT INTO roadside_attractions VALUES (
    2, ""Winchester Mystery House"", ""525 South Winchester Boulevard, San Jose, CA 95128"", ""https://winchestermysteryhouse.com/"",
    37.3184, -121.9511
);
INSERT INTO roadside_attractions VALUES (
    3, ""Burlingame Museum of PEZ Memorabilia"", ""214 California Drive, Burlingame, CA 94010"", null,
    37.5793, -122.3442
);
INSERT INTO roadside_attractions VALUES (
    4, ""Bigfoot Discovery Museum"", ""5497 Highway 9, Felton, CA 95018"", ""https://www.bigfootdiscoveryproject.com/"",
    37.0414, -122.0725
);

CREATE TABLE attraction_characteristic (
    pk integer primary key,
    name text
);
INSERT INTO attraction_characteristic VALUES (
    1, ""Museum""
);
INSERT INTO attraction_characteristic VALUES (
    2, ""Paranormal""
);

CREATE TABLE roadside_attraction_characteristics (
    attraction_id INTEGER REFERENCES roadside_attractions(pk),
    characteristic_id INTEGER REFERENCES attraction_characteristic(pk)
);
INSERT INTO roadside_attraction_characteristics VALUES (
    1, 2
);
INSERT INTO roadside_attraction_characteristics VALUES (
    2, 2
);
INSERT INTO roadside_attraction_characteristics VALUES (
    4, 2
);
INSERT INTO roadside_attraction_characteristics VALUES (
    3, 1
);
INSERT INTO roadside_attraction_characteristics VALUES (
    4, 1
);

INSERT INTO simple_primary_key VALUES (1, 'hello');
INSERT INTO simple_primary_key VALUES (2, 'world');
INSERT INTO simple_primary_key VALUES (3, '');
INSERT INTO simple_primary_key VALUES (4, 'RENDER_CELL_DEMO');
INSERT INTO simple_primary_key VALUES (5, 'RENDER_CELL_ASYNC');

INSERT INTO primary_key_multiple_columns VALUES (1, 'hey', 'world');
INSERT INTO primary_key_multiple_columns_explicit_label VALUES (1, 'hey', 'world2');

INSERT INTO foreign_key_references VALUES (1, 1, 3, 1, 'a', 'b');
INSERT INTO foreign_key_references VALUES (2, null, null, null, null, null);

INSERT INTO complex_foreign_keys VALUES (1, 1, 2, 1);
INSERT INTO custom_foreign_key_label VALUES (1, 1);

INSERT INTO [table/with/slashes.csv] VALUES (3, 'hey');

CREATE VIEW simple_view AS
    SELECT content, upper(content) AS upper_content FROM simple_primary_key;

CREATE VIEW searchable_view AS
    SELECT * from searchable;

CREATE VIEW searchable_view_configured_by_metadata AS
    SELECT * from searchable;

""""""
    + ""\n"".join(
        [
            'INSERT INTO no_primary_key VALUES ({i}, ""a{i}"", ""b{i}"", ""c{i}"");'.format(
                i=i + 1
            )
            for i in range(201)
        ]
    )
    + '\nINSERT INTO no_primary_key VALUES (""RENDER_CELL_DEMO"", ""a202"", ""b202"", ""c202"");\n'
    + ""\n"".join(
        [
            f'INSERT INTO compound_three_primary_keys VALUES (""{a}"", ""{b}"", ""{c}"", ""{content}"");'
            for a, b, c, content in generate_compound_rows(1001)
        ]
    )
    + ""\n"".join([""""""INSERT INTO sortable VALUES (
        ""{pk1}"", ""{pk2}"", ""{content}"", {sortable},
        {sortable_with_nulls}, {sortable_with_nulls_2}, ""{text}"");
    """""".format(**row).replace(""None"", ""null"") for row in generate_sortable_rows(201)])
)",PENDING,PENDING,PENDING,PENDING
FND-000494,R036,tortoise/tortoise-orm,ffc946ebd2d1715c3cc3196ada2c2da04f6188d4,"Databases, Caching & ORM",Primary_Core_Benchmark,dynamic-sql,CWE-89,tortoise/backends/mysql/client.py,146,146,146,1,Semgrep,python.security.dynamic-sql,1,ALT-000864,146,ERROR,,Dynamically constructed SQL passed to a database execution call.,"                            await cursor.execute(f""SET time_zone='{tz}';"")",PENDING,PENDING,PENDING,PENDING
FND-000116,R003,django/django,9193cb54550727a02fd55dab1b430597a9aa4297,Web Frameworks & APIs,Primary_Core_Benchmark,dynamic-sql,CWE-89,django/db/backends/sqlite3/introspection.py,91,93,91,1,Semgrep,python.security.dynamic-sql,1,ALT-000203,91,ERROR,,Dynamically constructed SQL passed to a database execution call.,"        cursor.execute(
            ""PRAGMA table_xinfo(%s)"" % self.connection.ops.quote_name(table_name)
        )",PENDING,PENDING,PENDING,PENDING
FND-001199,R091,simonw/datasette,bdc973174096cae350ddaa733a10ed8b3ffd970b,"Databases, Caching & ORM",Supplementary_Holdout_Pool,dynamic-sql,CWE-89,datasette/app.py,1545,1545,1545,1,Semgrep,python.security.dynamic-sql,1,ALT-002212,1545,ERROR,,Dynamically constructed SQL passed to a database execution call.,"            conn.execute(f""PRAGMA cache_size=-{self.setting('cache_size_kb')}"")",PENDING,PENDING,PENDING,PENDING
FND-000126,R003,django/django,9193cb54550727a02fd55dab1b430597a9aa4297,Web Frameworks & APIs,Primary_Core_Benchmark,dynamic-sql,CWE-89,django/db/models/functions/text.py,268,278,268,1,Bandit,B608,1,ALT-000121,272,MEDIUM,LOW,Possible SQL injection vector through string-based query construction.,"        sql, params = super().as_sql(
            compiler,
            connection,
            template=(
                ""(SELECT LISTAGG(s) WITHIN GROUP (ORDER BY n DESC) FROM ""
                f""(SELECT LEVEL n, SUBSTR(%(expressions)s, LEVEL, 1) s{suffix} ""
                ""CONNECT BY LEVEL <= LENGTH(%(expressions)s)) ""
                ""GROUP BY %(expressions)s)""
            ),
            **extra_context,
        )",PENDING,PENDING,PENDING,PENDING
FND-000483,R035,coleifer/peewee,c6328d6c91120b3d04878921a0af64a9ee78c866,"Databases, Caching & ORM",Primary_Core_Benchmark,dynamic-sql,CWE-89,peewee.py,9525,9526,9525,1,Bandit,B608,1,ALT-000844,9525,MEDIUM,LOW,Possible SQL injection vector through string-based query construction.,"            raise ValueError('Load() query must select from %s, got %s.' %
                             (rel_model, query.model))",PENDING,PENDING,PENDING,PENDING
FND-000535,R039,encode/databases,ae3fb16f40201d9ed0ed31bea31a289127169568,"Databases, Caching & ORM",Primary_Core_Benchmark,dynamic-sql,CWE-89,databases/backends/asyncmy.py,270,270,270,1,Semgrep,python.security.dynamic-sql,1,ALT-000924,270,ERROR,,Dynamically constructed SQL passed to a database execution call.,"                    await cursor.execute(f""SAVEPOINT {self._savepoint_name}"")",PENDING,PENDING,PENDING,PENDING
FND-000633,R045,sqlmapproject/sqlmap,1ee368f78a73ccc1c193af32d4e70c1244be5865,"Security, Cryptography & Auth",Primary_Core_Benchmark,dynamic-sql,CWE-89,extra/esperanto/__main__.py,629,629,629,1,Bandit,B608,1,ALT-001074,629,MEDIUM,LOW,Possible SQL injection vector through string-based query construction.,"                limit = esp.extractInteger(""(SELECT COUNT(*) FROM %s)"" % esp.qualify(args.tbl, scope)) or 10",PENDING,PENDING,PENDING,PENDING
FND-000528,R038,psycopg/psycopg2,3a6d9d6ddc6b53eaa80b712f5fa6b23abbdc38db,"Databases, Caching & ORM",Primary_Core_Benchmark,dynamic-sql,CWE-89,lib/extras.py,907,911,907,2,Bandit|Semgrep,B608|python.security.dynamic-sql,2,ALT-000915|ALT-000919,907,ERROR|MEDIUM,MEDIUM,Dynamically constructed SQL passed to a database execution call. || Possible SQL injection vector through string-based query construction.,"        curs.execute(f""""""SELECT t.oid, {typarray}
FROM pg_type t JOIN pg_namespace ns
    ON typnamespace = ns.oid
WHERE typname = 'hstore';
"""""")",PENDING,PENDING,PENDING,PENDING
FND-001215,R091,simonw/datasette,bdc973174096cae350ddaa733a10ed8b3ffd970b,"Databases, Caching & ORM",Supplementary_Holdout_Pool,dynamic-sql,CWE-89,datasette/facets.py,471,475,471,1,Bandit,B608,1,ALT-002138,471,MEDIUM,LOW,Possible SQL injection vector through string-based query construction.,"            suggested_facet_sql = """"""
                select date({column}) from (
                    select * from ({sql}) limit 100
                ) where {column} glob ""????-??-*""
            """""".format(column=escape_sqlite(column), sql=self.sql)",PENDING,PENDING,PENDING,PENDING
FND-000051,R003,django/django,9193cb54550727a02fd55dab1b430597a9aa4297,Web Frameworks & APIs,Primary_Core_Benchmark,dynamic-sql,CWE-89,django/contrib/gis/db/backends/spatialite/schema.py,185,195,185,1,Semgrep,python.security.dynamic-sql,1,ALT-000153,185,ERROR,,Dynamically constructed SQL passed to a database execution call.,"                self.execute(
                    self.sql_rename_table
                    % {
                        ""old_table"": self.quote_name(
                            ""idx_%s_%s"" % (old_db_table, field.column)
                        ),
                        ""new_table"": self.quote_name(
                            ""idx_%s_%s"" % (new_db_table, field.column)
                        ),
                    }
                )",PENDING,PENDING,PENDING,PENDING
FND-000455,R033,sqlalchemy/sqlalchemy,de83fa72d787136785624fd8981e1d71e9f427ab,"Databases, Caching & ORM",Primary_Core_Benchmark,dynamic-sql,CWE-89,lib/sqlalchemy/dialects/sqlite/provision.py,122,124,122,1,Semgrep,python.security.dynamic-sql,1,ALT-000821,122,ERROR,,Dynamically constructed SQL passed to a database execution call.,"        dbapi_connection.execute(
            f'ATTACH DATABASE ""{attach_path}"" AS test_schema'
        )",PENDING,PENDING,PENDING,PENDING
FND-000497,R036,tortoise/tortoise-orm,ffc946ebd2d1715c3cc3196ada2c2da04f6188d4,"Databases, Caching & ORM",Primary_Core_Benchmark,dynamic-sql,CWE-89,tortoise/backends/sqlite/client.py,257,257,257,1,Semgrep,python.security.dynamic-sql,1,ALT-000867,257,ERROR,,Dynamically constructed SQL passed to a database execution call.,"        await self._connection.execute(f""SAVEPOINT {self._savepoint}"")",PENDING,PENDING,PENDING,PENDING
FND-001210,R091,simonw/datasette,bdc973174096cae350ddaa733a10ed8b3ffd970b,"Databases, Caching & ORM",Supplementary_Holdout_Pool,dynamic-sql,CWE-89,datasette/facets.py,206,212,206,1,Bandit,B608,1,ALT-002133,209,MEDIUM,MEDIUM,Possible SQL injection vector through string-based query construction.,"            self.row_count = (
                await self.ds.execute(
                    self.database,
                    f""select count(*) from (select * from ({self.sql}) limit {self.suggest_consider})"",
                    self.params,
                )
            ).rows[0][0]",PENDING,PENDING,PENDING,PENDING
FND-000632,R045,sqlmapproject/sqlmap,1ee368f78a73ccc1c193af32d4e70c1244be5865,"Security, Cryptography & Auth",Primary_Core_Benchmark,dynamic-sql,CWE-89,extra/esperanto/__main__.py,307,308,307,1,Bandit,B608,1,ALT-001073,308,MEDIUM,LOW,Possible SQL injection vector through string-based query construction.,"        prep(con, (""IF OBJECT_ID('esp_probe') IS NOT NULL DROP TABLE esp_probe"",
                   ""CREATE TABLE esp_probe (name VARCHAR(64))"", ""INSERT INTO esp_probe VALUES ('%s')"" % SECRET))",PENDING,PENDING,PENDING,PENDING
FND-000752,R045,sqlmapproject/sqlmap,1ee368f78a73ccc1c193af32d4e70c1244be5865,"Security, Cryptography & Auth",Primary_Core_Benchmark,dynamic-sql,CWE-89,plugins/dbms/oracle/fingerprint.py,130,130,130,1,Bandit,B608,1,ALT-001193,130,MEDIUM,LOW,Possible SQL injection vector through string-based query construction.,"                output = inject.checkBooleanExpression(""(SELECT VERSION FROM SYS.PRODUCT_COMPONENT_VERSION WHERE ROWNUM=1) LIKE '%d%%'"" % number)",PENDING,PENDING,PENDING,PENDING
FND-000495,R036,tortoise/tortoise-orm,ffc946ebd2d1715c3cc3196ada2c2da04f6188d4,"Databases, Caching & ORM",Primary_Core_Benchmark,dynamic-sql,CWE-89,tortoise/backends/oracle/client.py,117,117,117,1,Semgrep,python.security.dynamic-sql,1,ALT-000865,117,ERROR,,Dynamically constructed SQL passed to a database execution call.,"            await connection.execute(f'ALTER SESSION SET CURRENT_SCHEMA = ""{client.user}""')",PENDING,PENDING,PENDING,PENDING
FND-000763,R045,sqlmapproject/sqlmap,1ee368f78a73ccc1c193af32d4e70c1244be5865,"Security, Cryptography & Auth",Primary_Core_Benchmark,dynamic-sql,CWE-89,plugins/generic/databases.py,1054,1054,1054,1,Bandit,B608,1,ALT-001204,1054,MEDIUM,LOW,Possible SQL injection vector through string-based query construction.,"            query = ""SELECT %s FROM %s.%s"" % (queries[Backend.getIdentifiedDbms()].count.query % '*', safeSQLIdentificatorNaming(db), safeSQLIdentificatorNaming(table, True))",PENDING,PENDING,PENDING,PENDING
FND-000745,R045,sqlmapproject/sqlmap,1ee368f78a73ccc1c193af32d4e70c1244be5865,"Security, Cryptography & Auth",Primary_Core_Benchmark,dynamic-sql,CWE-89,plugins/dbms/mssqlserver/fingerprint.py,161,161,161,1,Bandit,B608,1,ALT-001186,161,MEDIUM,LOW,Possible SQL injection vector through string-based query construction.,"            query = ""EXISTS(SELECT %s FROM %s WHERE %s "" % (self.tblField, self.fileTblName, self.tblField)",PENDING,PENDING,PENDING,PENDING
FND-000700,R045,sqlmapproject/sqlmap,1ee368f78a73ccc1c193af32d4e70c1244be5865,"Security, Cryptography & Auth",Primary_Core_Benchmark,dynamic-sql,CWE-89,lib/techniques/graphql/inject.py,193,193,193,1,Bandit,B608,1,ALT-001138,193,MEDIUM,LOW,Possible SQL injection vector through string-based query construction.,"    return ""(SELECT %s FROM %s ORDER BY 1 LIMIT %d,1)"" % (body, _mysqlFrom(table), offset)",PENDING,PENDING,PENDING,PENDING
FND-000049,R003,django/django,9193cb54550727a02fd55dab1b430597a9aa4297,Web Frameworks & APIs,Primary_Core_Benchmark,dynamic-sql,CWE-89,django/contrib/gis/db/backends/spatialite/schema.py,161,168,161,1,Semgrep,python.security.dynamic-sql,1,ALT-000151,161,ERROR,,Dynamically constructed SQL passed to a database execution call.,"                self.execute(
                    self.sql_update_geometry_columns
                    % {
                        ""geom_table"": geom_table,
                        ""old_table"": self.quote_name(old_db_table),
                        ""new_table"": self.quote_name(new_db_table),
                    }
                )",PENDING,PENDING,PENDING,PENDING
FND-000094,R003,django/django,9193cb54550727a02fd55dab1b430597a9aa4297,Web Frameworks & APIs,Primary_Core_Benchmark,dynamic-sql,CWE-89,django/db/backends/mysql/introspection.py,349,351,349,1,Semgrep,python.security.dynamic-sql,1,ALT-000188,349,ERROR,,Dynamically constructed SQL passed to a database execution call.,"        cursor.execute(
            ""SHOW INDEX FROM %s"" % self.connection.ops.quote_name(table_name)
        )",PENDING,PENDING,PENDING,PENDING
FND-001287,R091,simonw/datasette,bdc973174096cae350ddaa733a10ed8b3ffd970b,"Databases, Caching & ORM",Supplementary_Holdout_Pool,dynamic-sql,CWE-89,datasette/views/table_extras.py,119,129,119,1,Bandit,B608,1,ALT-002208,122,MEDIUM,LOW,Possible SQL injection vector through string-based query construction.,"        if (
            not context.db.is_mutable
            and context.datasette.inspect_data
            and context.count_sql == f""select count(*) from {context.table_name} ""
        ):
            try:
                count = context.datasette.inspect_data[context.database_name][""tables""][
                    context.table_name
                ][""count""]
            except KeyError:
                pass",PENDING,PENDING,PENDING,PENDING
FND-000109,R003,django/django,9193cb54550727a02fd55dab1b430597a9aa4297,Web Frameworks & APIs,Primary_Core_Benchmark,dynamic-sql,CWE-89,django/db/backends/postgresql/schema.py,208,214,208,1,Semgrep,python.security.dynamic-sql,1,ALT-000197,208,ERROR,,Dynamically constructed SQL passed to a database execution call.,"            self.execute(
                self.sql_drop_indentity
                % {
                    ""table"": self.quote_name(table),
                    ""column"": self.quote_name(strip_quotes(new_field.column)),
                }
            )",PENDING,PENDING,PENDING,PENDING
FND-000480,R035,coleifer/peewee,c6328d6c91120b3d04878921a0af64a9ee78c866,"Databases, Caching & ORM",Primary_Core_Benchmark,dynamic-sql,CWE-89,peewee.py,4475,4476,4475,1,Bandit,B608,1,ALT-000842,4475,MEDIUM,LOW,Possible SQL injection vector through string-based query construction.,"        sql = ('SELECT name, sql FROM ""%s"".sqlite_master WHERE type=? '
               'ORDER BY name') % schema",PENDING,PENDING,PENDING,PENDING
FND-001285,R091,simonw/datasette,bdc973174096cae350ddaa733a10ed8b3ffd970b,"Databases, Caching & ORM",Supplementary_Holdout_Pool,dynamic-sql,CWE-89,datasette/views/table_create_alter.py,238,243,238,1,Bandit,B608,1,ALT-002207,238,MEDIUM,LOW,Possible SQL injection vector through string-based query construction.,"    sql = ""select {} from {} where {} in ({})"".format(
        escape_sqlite(target[""fk_column""]),
        escape_sqlite(target[""fk_table""]),
        escape_sqlite(target[""fk_column""]),
        "", "".join(""?"" for _ in values),
    )",PENDING,PENDING,PENDING,PENDING
FND-001272,R091,simonw/datasette,bdc973174096cae350ddaa733a10ed8b3ffd970b,"Databases, Caching & ORM",Supplementary_Holdout_Pool,dynamic-sql,CWE-89,datasette/views/row.py,645,653,645,1,Bandit,B608,1,ALT-002194,647,MEDIUM,LOW,Possible SQL injection vector through string-based query construction.,"        sql = ""select "" + "", "".join(
            [
                ""(select count(*) from {table} where {column}=:id)"".format(
                    table=escape_sqlite(fk[""other_table""]),
                    column=escape_sqlite(fk[""other_column""]),
                )
                for fk in foreign_keys
            ]
        )",PENDING,PENDING,PENDING,PENDING
FND-000499,R036,tortoise/tortoise-orm,ffc946ebd2d1715c3cc3196ada2c2da04f6188d4,"Databases, Caching & ORM",Primary_Core_Benchmark,dynamic-sql,CWE-89,tortoise/backends/sqlite/client.py,272,272,272,1,Semgrep,python.security.dynamic-sql,1,ALT-000869,272,ERROR,,Dynamically constructed SQL passed to a database execution call.,"        await self._connection.execute(f""RELEASE {self._savepoint}"")",PENDING,PENDING,PENDING,PENDING
FND-000052,R003,django/django,9193cb54550727a02fd55dab1b430597a9aa4297,Web Frameworks & APIs,Primary_Core_Benchmark,dynamic-sql,CWE-89,django/contrib/postgres/operations.py,29,32,29,1,Semgrep,python.security.dynamic-sql,1,ALT-000154,29,ERROR,,Dynamically constructed SQL passed to a database execution call.,"            schema_editor.execute(
                ""CREATE EXTENSION IF NOT EXISTS %s""
                % schema_editor.quote_name(self.name)
            )",PENDING,PENDING,PENDING,PENDING
FND-000666,R045,sqlmapproject/sqlmap,1ee368f78a73ccc1c193af32d4e70c1244be5865,"Security, Cryptography & Auth",Primary_Core_Benchmark,dynamic-sql,CWE-89,extra/vulnserver/vulnserver.py,1678,1678,1678,2,Bandit|Semgrep,B608|python.security.dynamic-sql,2,ALT-001107|ALT-001234,1678,ERROR|MEDIUM,MEDIUM,Dynamically constructed SQL passed to a database execution call. || Possible SQL injection vector through string-based query construction.,"                                _cursor.execute(""SELECT * FROM users WHERE id=%s LIMIT 0, 1"" % base64.b64decode(""%s==="" % self.params[""id""], altchars=self.params.get(""altchars"")).decode())",PENDING,PENDING,PENDING,PENDING
FND-000651,R045,sqlmapproject/sqlmap,1ee368f78a73ccc1c193af32d4e70c1244be5865,"Security, Cryptography & Auth",Primary_Core_Benchmark,dynamic-sql,CWE-89,extra/esperanto/enumeration.py,664,664,664,1,Bandit,B608,1,ALT-001092,664,MEDIUM,LOW,Possible SQL injection vector through string-based query construction.,"                        pv = self.extractInteger(""(SELECT MIN(%s) FROM %s%s)"" % (pageexpr, qtable, where))",PENDING,PENDING,PENDING,PENDING
FND-000463,R033,sqlalchemy/sqlalchemy,de83fa72d787136785624fd8981e1d71e9f427ab,"Databases, Caching & ORM",Primary_Core_Benchmark,dynamic-sql,CWE-89,lib/sqlalchemy/orm/persistence.py,718,722,718,1,Bandit,B608,1,ALT-000795,719,MEDIUM,LOW,Possible SQL injection vector through string-based query construction.,"                raise orm_exc.FlushError(
                    ""Can't delete from table %s ""
                    ""using NULL for primary ""
                    ""key value on column %s"" % (table, col)
                )",PENDING,PENDING,PENDING,PENDING
FND-000897,R052,pandas-dev/pandas,c26625d6e79fe8f11dd00184a3c32b5cc68d70cc,Data Science & ML,Supplementary_Holdout_Pool,dynamic-sql,CWE-89,pandas/io/sql.py,2286,2286,2286,1,Bandit,B608,1,ALT-001511,2286,MEDIUM,LOW,Possible SQL injection vector through string-based query construction.,"            stmt = f""SELECT {select_list} FROM {quoted_schema}.{quoted_table_name}""",PENDING,PENDING,PENDING,PENDING
FND-000533,R039,encode/databases,ae3fb16f40201d9ed0ed31bea31a289127169568,"Databases, Caching & ORM",Primary_Core_Benchmark,dynamic-sql,CWE-89,databases/backends/aiopg.py,287,287,287,1,Semgrep,python.security.dynamic-sql,1,ALT-000922,287,ERROR,,Dynamically constructed SQL passed to a database execution call.,"                await cursor.execute(f""RELEASE SAVEPOINT {self._savepoint_name}"")",PENDING,PENDING,PENDING,PENDING
FND-000089,R003,django/django,9193cb54550727a02fd55dab1b430597a9aa4297,Web Frameworks & APIs,Primary_Core_Benchmark,dynamic-sql,CWE-89,django/db/backends/base/schema.py,751,758,751,1,Semgrep,python.security.dynamic-sql,1,ALT-000182,751,ERROR,,Dynamically constructed SQL passed to a database execution call.,"        self.execute(
            self.sql_retablespace_table
            % {
                ""table"": self.quote_name(model._meta.db_table),
                ""old_tablespace"": self.quote_name(old_db_tablespace),
                ""new_tablespace"": self.quote_name(new_db_tablespace),
            }
        )",PENDING,PENDING,PENDING,PENDING
FND-001284,R091,simonw/datasette,bdc973174096cae350ddaa733a10ed8b3ffd970b,"Databases, Caching & ORM",Supplementary_Holdout_Pool,dynamic-sql,CWE-89,datasette/views/table_create_alter.py,210,214,210,1,Bandit,B608,1,ALT-002206,210,MEDIUM,LOW,Possible SQL injection vector through string-based query construction.,"    sql = ""select {} from {} limit {}"".format(
        "", "".join(escape_sqlite(column) for column in columns),
        escape_sqlite(table_name),
        FOREIGN_KEY_SUGGESTION_ROW_LIMIT,
    )",PENDING,PENDING,PENDING,PENDING
FND-000702,R045,sqlmapproject/sqlmap,1ee368f78a73ccc1c193af32d4e70c1244be5865,"Security, Cryptography & Auth",Primary_Core_Benchmark,dynamic-sql,CWE-89,lib/techniques/graphql/inject.py,203,203,203,1,Bandit,B608,1,ALT-001140,203,MEDIUM,LOW,Possible SQL injection vector through string-based query construction.,"    return ""(SELECT %s FROM %s ORDER BY 1 OFFSET %d ROWS FETCH NEXT 1 ROWS ONLY)"" % (body, _mssqlFrom(table), offset)",PENDING,PENDING,PENDING,PENDING
FND-001249,R091,simonw/datasette,bdc973174096cae350ddaa733a10ed8b3ffd970b,"Databases, Caching & ORM",Supplementary_Holdout_Pool,dynamic-sql,CWE-89,datasette/utils/actions_sql.py,384,386,384,1,Bandit,B608,1,ALT-002172,385,MEDIUM,LOW,Possible SQL injection vector through string-based query construction.,"        restriction_intersect = ""\nINTERSECT\n"".join(
            f""SELECT * FROM ({sql})"" for sql in restriction_sqls
        )",PENDING,PENDING,PENDING,PENDING
FND-000099,R003,django/django,9193cb54550727a02fd55dab1b430597a9aa4297,Web Frameworks & APIs,Primary_Core_Benchmark,dynamic-sql,CWE-89,django/db/backends/oracle/operations.py,72,76,72,1,Bandit,B608,1,ALT-000107,73,MEDIUM,LOW,Possible SQL injection vector through string-based query construction.,"        return (
            f""SELECT {cache_key} ""
            f""FROM %s ""
            f""ORDER BY {cache_key} OFFSET %%s ROWS FETCH FIRST 1 ROWS ONLY""
        )",PENDING,PENDING,PENDING,PENDING
