annotation_row_id,finding_id,repo_id,repository,commit_sha,security_family,cwe_id,filename,statement_start,statement_end,line_number,statement_code,annotator_1_label,annotator_1_rationale,annotator_1_evidence_locations,annotator_2_label,annotator_2_rationale,annotator_2_evidence_locations,pre_adjudication_agreement,adjudicated_label,adjudication_rationale,adjudication_evidence_locations,final_label,final_rationale,final_evidence_locations,final_decision_source
GT-001,FND-000267,R016,certbot/certbot,56ee04928d677d82c6a375a7c7b48e8ce13bb6bc,disabled-cert-validation,CWE-295,acme/src/acme/challenges.py,325,325,325,"            http_response = requests.get(uri, verify=False, timeout=timeout)",FALSE_POSITIVE,"The request is part of ACME HTTP-01 validation. The code deliberately ignores TLS certificate validation while fetching the challenge URI, but authenticity is established by comparing the returned key-authorization value with the expected challenge response. This is not being used as a normal authenticated HTTPS client connection.",acme/src/acme/challenges.py:311-343,FALSE_POSITIVE,"The request is part of ACME HTTP-01 validation. The code deliberately ignores TLS certificate validation while fetching the challenge URI, but authenticity is established by comparing the returned key-authorization value with the expected challenge response. This is not being used as a normal authenticated HTTPS client connection.",acme/src/acme/challenges.py:311-343,true,,,,FALSE_POSITIVE,Independent annotators agreed; original rationales are preserved in the annotator rationale fields.,acme/src/acme/challenges.py:311-343; acme/src/acme/challenges.py:311-343,independent_agreement
GT-002,FND-000273,R016,certbot/certbot,56ee04928d677d82c6a375a7c7b48e8ce13bb6bc,disabled-cert-validation,CWE-295,certbot-ci/src/certbot_integration_tests/utils/misc.py,64,65,64,"            if requests.get(url, verify=False, timeout=10).status_code == 200:
                return",FALSE_POSITIVE,This helper is under Certbot's integration-test package and polls a test endpoint while explicitly suppressing certificate warnings. The disabled verification is confined to the test harness rather than a production trust decision.,certbot-ci/src/certbot_integration_tests/utils/misc.py:50-83,FALSE_POSITIVE,This helper is under Certbot's integration-test package and polls a test endpoint while explicitly suppressing certificate warnings. The disabled verification is confined to the test harness rather than a production trust decision.,certbot-ci/src/certbot_integration_tests/utils/misc.py:50-83,true,,,,FALSE_POSITIVE,Independent annotators agreed; original rationales are preserved in the annotator rationale fields.,certbot-ci/src/certbot_integration_tests/utils/misc.py:50-83; certbot-ci/src/certbot_integration_tests/utils/misc.py:50-83,independent_agreement
GT-003,FND-000294,R016,certbot/certbot,56ee04928d677d82c6a375a7c7b48e8ce13bb6bc,weak-hash,CWE-327,certbot/src/certbot/_internal/account.py,75,75,75,"            hasher = hashlib.new('md5', **cast(Mapping[str, Any], {""usedforsecurity"": False}))",FALSE_POSITIVE,"MD5 is applied to the account public key only to derive a stable local account identifier. The fallback explicitly marks MD5 as not used for security, and the digest is not used to authenticate the account or verify signatures.",certbot/src/certbot/_internal/account.py:61-93,FALSE_POSITIVE,"MD5 is applied to the account public key only to derive a stable local account identifier. The fallback explicitly marks MD5 as not used for security, and the digest is not used to authenticate the account or verify signatures.",certbot/src/certbot/_internal/account.py:61-93,true,,,,FALSE_POSITIVE,Independent annotators agreed; original rationales are preserved in the annotator rationale fields.,certbot/src/certbot/_internal/account.py:61-93; certbot/src/certbot/_internal/account.py:61-93,independent_agreement
GT-004,FND-000266,R015,encode/httpx,b5addb64f0161ff6bfe94c124ef76f6a1fba5254,weak-hash,CWE-327,httpx/_auth.py,309,309,309,        return hashlib.sha1(s).hexdigest()[:16].encode(),FALSE_POSITIVE,"SHA-1 is used only while constructing the HTTP Digest client nonce, and the input includes fresh os.urandom() bytes. The nonce is not a password hash or integrity signature, so collision resistance of SHA-1 is not the security property relied on here.",httpx/_auth.py:295-327,FALSE_POSITIVE,"SHA-1 is used only while constructing the HTTP Digest client nonce, and the input includes fresh os.urandom() bytes. The nonce is not a password hash or integrity signature, so collision resistance of SHA-1 is not the security property relied on here.",httpx/_auth.py:295-327,true,,,,FALSE_POSITIVE,Independent annotators agreed; original rationales are preserved in the annotator rationale fields.,httpx/_auth.py:295-327; httpx/_auth.py:295-327,independent_agreement
GT-005,FND-001048,R064,twisted/twisted,ac919a6d1b2f91b7dea806bacfae99abab5291d4,weak-hash,CWE-327,src/twisted/conch/ssh/transport.py,2028,2030,2028,"        fingerprint = b"":"".join(
            [binascii.hexlify(c) for c in iterbytes(md5(pubKey).digest())]
        )",TRUE_BUG,"The MD5 digest is computed over the SSH server host key and passed as the fingerprint to verifyHostKey during key exchange. That value participates directly in server-identity verification, so this is a security-sensitive use of a weak hash.",src/twisted/conch/ssh/transport.py:2014-2048,UNCERTAIN,"The transport computes an MD5 host-key fingerprint and passes it to verifyHostKey, so the value can be security-relevant. However, repository implementations are mixed: the endpoint/known-hosts path verifies the full host key and ignores this fingerprint, while documentation/examples show callbacks that compare the fingerprint directly. Because the actual security effect depends on the caller's verifyHostKey implementation, the frozen finding does not prove a defect for every real path.",src/twisted/conch/ssh/transport.py:2018-2034; src/twisted/conch/endpoints.py:438-461; docs/conch/examples/sshsimpleclient.py,false,TRUE_BUG,"After joint review, the finding is adjudicated TRUE_BUG. The SSH transport computes an MD5 fingerprint of the server host key and passes it to verifyHostKey() during server-identity verification. Although some Twisted implementations verify the full host key instead, the repository also supports and documents callbacks that compare this MD5 fingerprint directly. Therefore MD5 has a genuine security-sensitive authentication use in the supported verification path.",src/twisted/conch/ssh/transport.py:2018-2034; src/twisted/conch/endpoints.py:438-465; docs/conch/examples/sshsimpleclient.py,TRUE_BUG,"After joint review, the finding is adjudicated TRUE_BUG. The SSH transport computes an MD5 fingerprint of the server host key and passes it to verifyHostKey() during server-identity verification. Although some Twisted implementations verify the full host key instead, the repository also supports and documents callbacks that compare this MD5 fingerprint directly. Therefore MD5 has a genuine security-sensitive authentication use in the supported verification path.",src/twisted/conch/ssh/transport.py:2018-2034; src/twisted/conch/endpoints.py:438-465; docs/conch/examples/sshsimpleclient.py,adjudication
GT-006,FND-000110,R003,django/django,9193cb54550727a02fd55dab1b430597a9aa4297,weak-hash,CWE-327,django/db/backends/sqlite3/_functions.py,414,414,414,    return md5(text.encode()).hexdigest(),FALSE_POSITIVE,"This function exposes SQLite's generic MD5 SQL function for compatibility. The frozen code does not use the digest for passwords, authentication, signatures, or another security decision.",django/db/backends/sqlite3/_functions.py:400-432,FALSE_POSITIVE,"This function exposes SQLite's generic MD5 SQL function for compatibility. The frozen code does not use the digest for passwords, authentication, signatures, or another security decision.",django/db/backends/sqlite3/_functions.py:400-432,true,,,,FALSE_POSITIVE,Independent annotators agreed; original rationales are preserved in the annotator rationale fields.,django/db/backends/sqlite3/_functions.py:400-432; django/db/backends/sqlite3/_functions.py:400-432,independent_agreement
GT-007,FND-001294,R095,boto/botocore,b4c8dd94e3e705217ee084e84dbb6aa747417c8b,weak-hash,CWE-327,botocore/httpchecksum.py,169,169,169,        self._checksum = sha1(),FALSE_POSITIVE,"This class implements a SHA-1 checksum object for HTTP checksum handling. The digest is used as a transport/data checksum, not as a password hash, authentication token, or signature primitive in this code path.",botocore/httpchecksum.py:155-187,FALSE_POSITIVE,"This class implements a SHA-1 checksum object for HTTP checksum handling. The digest is used as a transport/data checksum, not as a password hash, authentication token, or signature primitive in this code path.",botocore/httpchecksum.py:155-187,true,,,,FALSE_POSITIVE,Independent annotators agreed; original rationales are preserved in the annotator rationale fields.,botocore/httpchecksum.py:155-187; botocore/httpchecksum.py:155-187,independent_agreement
GT-008,FND-000174,R011,paramiko/paramiko,142f593e40ad767c5e3556cbace66dc84589620c,weak-hash,CWE-327,paramiko/hostkeys.py,299,299,299,        assert len(salt) == sha1().digest_size,FALSE_POSITIVE,SHA-1 is used inside the OpenSSH-compatible hashed-known-hostname format with a random salt and HMAC. This hides hostnames in known_hosts; it is not the mechanism that verifies the server's host key.,paramiko/hostkeys.py:285-317,FALSE_POSITIVE,SHA-1 is used inside the OpenSSH-compatible hashed-known-hostname format with a random salt and HMAC. This hides hostnames in known_hosts; it is not the mechanism that verifies the server's host key.,paramiko/hostkeys.py:285-317,true,,,,FALSE_POSITIVE,Independent annotators agreed; original rationales are preserved in the annotator rationale fields.,paramiko/hostkeys.py:285-317; paramiko/hostkeys.py:285-317,independent_agreement
GT-009,FND-000618,R045,sqlmapproject/sqlmap,1ee368f78a73ccc1c193af32d4e70c1244be5865,weak-hash,CWE-327,extra/dbwire/firebird.py,171,171,171,    h = hashlib.sha1(),TRUE_BUG,"The Firebird wire client uses SHA-1 inside its SRP authentication calculations, including password-derived values and session/proof material. Because the primitive is used directly in an authentication protocol, this is security-sensitive weak-hash use under the V6 rule.",extra/dbwire/firebird.py:157-189,TRUE_BUG,"The Firebird wire client uses SHA-1 inside its SRP authentication calculations, including password-derived values and session/proof material. Because the primitive is used directly in an authentication protocol, this is security-sensitive weak-hash use under the V6 rule.",extra/dbwire/firebird.py:157-189,true,,,,TRUE_BUG,Independent annotators agreed; original rationales are preserved in the annotator rationale fields.,extra/dbwire/firebird.py:157-189; extra/dbwire/firebird.py:157-189,independent_agreement
GT-010,FND-000727,R045,sqlmapproject/sqlmap,1ee368f78a73ccc1c193af32d4e70c1244be5865,weak-hash,CWE-327,lib/utils/hashdb.py,97,97,97,"        retVal = struct.unpack(""<Q"", hashlib.md5(key).digest()[:8])[0] & 0x7fffffffffffffff",FALSE_POSITIVE,The MD5 digest is truncated and used as an internal key for sqlmap's local session/hash database. It is a cache/index identifier and is not used to authenticate users or protect a security token.,lib/utils/hashdb.py:83-115,FALSE_POSITIVE,The MD5 digest is truncated and used as an internal key for sqlmap's local session/hash database. It is a cache/index identifier and is not used to authenticate users or protect a security token.,lib/utils/hashdb.py:83-115,true,,,,FALSE_POSITIVE,Independent annotators agreed; original rationales are preserved in the annotator rationale fields.,lib/utils/hashdb.py:83-115; lib/utils/hashdb.py:83-115,independent_agreement
GT-011,FND-000622,R045,sqlmapproject/sqlmap,1ee368f78a73ccc1c193af32d4e70c1244be5865,weak-hash,CWE-327,extra/dbwire/postgres.py,243,243,243,"            inner = hashlib.md5((password or """").encode(""utf-8"") + (user or """").encode(""utf-8"")).hexdigest()",TRUE_BUG,"This branch implements PostgreSQL's MD5 password authentication and derives the client authentication token from the password, username, and server salt using MD5. The hash therefore protects an authentication exchange rather than serving as a non-security checksum.",extra/dbwire/postgres.py:229-261,TRUE_BUG,"This branch implements PostgreSQL's MD5 password authentication and derives the client authentication token from the password, username, and server salt using MD5. The hash therefore protects an authentication exchange rather than serving as a non-security checksum.",extra/dbwire/postgres.py:229-261,true,,,,TRUE_BUG,Independent annotators agreed; original rationales are preserved in the annotator rationale fields.,extra/dbwire/postgres.py:229-261; extra/dbwire/postgres.py:229-261,independent_agreement
GT-012,FND-000710,R045,sqlmapproject/sqlmap,1ee368f78a73ccc1c193af32d4e70c1244be5865,weak-hash,CWE-327,lib/utils/hash.py,115,115,115,"    retVal = ""*%s"" % sha1(sha1(password).digest()).hexdigest()",FALSE_POSITIVE,This helper reproduces the MySQL password-hash format so sqlmap can recognize or work with database password hashes. It is security-analysis functionality and is not the repository choosing SHA-1 to protect its own stored credentials.,lib/utils/hash.py:101-133,FALSE_POSITIVE,This helper reproduces the MySQL password-hash format so sqlmap can recognize or work with database password hashes. It is security-analysis functionality and is not the repository choosing SHA-1 to protect its own stored credentials.,lib/utils/hash.py:101-133,true,,,,FALSE_POSITIVE,Independent annotators agreed; original rationales are preserved in the annotator rationale fields.,lib/utils/hash.py:101-133; lib/utils/hash.py:101-133,independent_agreement
GT-013,FND-001055,R064,twisted/twisted,ac919a6d1b2f91b7dea806bacfae99abab5291d4,weak-hash,CWE-327,src/twisted/mail/pop3.py,75,75,75,        myDigest = md5(seed).hexdigest(),TRUE_BUG,The POP3 APOP credential check recomputes MD5 over the challenge and plaintext password and accepts the login when the digest matches. MD5 is therefore part of the actual authentication decision.,src/twisted/mail/pop3.py:61-93,TRUE_BUG,The POP3 APOP credential check recomputes MD5 over the challenge and plaintext password and accepts the login when the digest matches. MD5 is therefore part of the actual authentication decision.,src/twisted/mail/pop3.py:61-93,true,,,,TRUE_BUG,Independent annotators agreed; original rationales are preserved in the annotator rationale fields.,src/twisted/mail/pop3.py:61-93; src/twisted/mail/pop3.py:61-93,independent_agreement
GT-014,FND-000720,R045,sqlmapproject/sqlmap,1ee368f78a73ccc1c193af32d4e70c1244be5865,weak-hash,CWE-327,lib/utils/hash.py,452,452,452,    final = md5(ctx).digest(),FALSE_POSITIVE,The MD5 operations implement a legacy password-hash format inside sqlmap's hash utility/cracking support. The function is reproducing an external format for analysis rather than selecting MD5 as the application's own password-storage scheme.,lib/utils/hash.py:438-470,FALSE_POSITIVE,The MD5 operations implement a legacy password-hash format inside sqlmap's hash utility/cracking support. The function is reproducing an external format for analysis rather than selecting MD5 as the application's own password-storage scheme.,lib/utils/hash.py:438-470,true,,,,FALSE_POSITIVE,Independent annotators agreed; original rationales are preserved in the annotator rationale fields.,lib/utils/hash.py:438-470; lib/utils/hash.py:438-470,independent_agreement
GT-015,FND-001110,R072,hypothesisworks/hypothesis,a8dcd7422a325926693b5464f73349e361562b7c,weak-hash,CWE-327,hypothesis/src/hypothesis/extra/_patching.py,339,339,339,    hash8 = hashlib.sha1(cleaned.encode()).hexdigest()[:8],FALSE_POSITIVE,SHA-1 is used to create an eight-character deterministic name for a saved patch. The digest only names/deduplicates local patch data and does not provide authentication or integrity protection.,hypothesis/src/hypothesis/extra/_patching.py:325-357,FALSE_POSITIVE,SHA-1 is used to create an eight-character deterministic name for a saved patch. The digest only names/deduplicates local patch data and does not provide authentication or integrity protection.,hypothesis/src/hypothesis/extra/_patching.py:325-357,true,,,,FALSE_POSITIVE,Independent annotators agreed; original rationales are preserved in the annotator rationale fields.,hypothesis/src/hypothesis/extra/_patching.py:325-357; hypothesis/src/hypothesis/extra/_patching.py:325-357,independent_agreement
GT-016,FND-000167,R008,cherrypy/cherrypy,1f75bc9eed8e0e385f64f368bd69f58d96fb8c2b,weak-hash,CWE-327,cherrypy/lib/auth_digest.py,38,38,38,"    return md5(ntob(s, 'utf-8')).hexdigest()",TRUE_BUG,"CherryPy's HTTP Digest authentication implementation supports MD5/MD5-sess and derives HA1 from username, realm, and password with MD5. The weak hash is therefore used directly to authenticate users.",cherrypy/lib/auth_digest.py:24-56,TRUE_BUG,"CherryPy's HTTP Digest authentication implementation supports MD5/MD5-sess and derives HA1 from username, realm, and password with MD5. The weak hash is therefore used directly to authenticate users.",cherrypy/lib/auth_digest.py:24-56,true,,,,TRUE_BUG,Independent annotators agreed; original rationales are preserved in the annotator rationale fields.,cherrypy/lib/auth_digest.py:24-56; cherrypy/lib/auth_digest.py:24-56,independent_agreement
GT-017,FND-000168,R008,cherrypy/cherrypy,1f75bc9eed8e0e385f64f368bd69f58d96fb8c2b,weak-hash,CWE-327,cherrypy/lib/cptools.py,55,55,55,"        etag = '""%s""' % md5(etag).hexdigest()",FALSE_POSITIVE,"MD5 is used to generate an HTTP ETag from the response body. This is a cache validator, not a password, token, signature, or other security-sensitive integrity check.",cherrypy/lib/cptools.py:41-73,FALSE_POSITIVE,"MD5 is used to generate an HTTP ETag from the response body. This is a cache validator, not a password, token, signature, or other security-sensitive integrity check.",cherrypy/lib/cptools.py:41-73,true,,,,FALSE_POSITIVE,Independent annotators agreed; original rationales are preserved in the annotator rationale fields.,cherrypy/lib/cptools.py:41-73; cherrypy/lib/cptools.py:41-73,independent_agreement
GT-018,FND-000722,R045,sqlmapproject/sqlmap,1ee368f78a73ccc1c193af32d4e70c1244be5865,weak-hash,CWE-327,lib/utils/hash.py,605,605,605,"    return ""%s:%s"" % (md5(getBytes(password) + getBytes(salt)).hexdigest(), salt)",FALSE_POSITIVE,The flagged MD5 code is another sqlmap helper for reproducing legacy password-hash formats during hash analysis. It does not protect sqlmap's own credentials or authentication state.,lib/utils/hash.py:591-623,FALSE_POSITIVE,The flagged MD5 code is another sqlmap helper for reproducing legacy password-hash formats during hash analysis. It does not protect sqlmap's own credentials or authentication state.,lib/utils/hash.py:591-623,true,,,,FALSE_POSITIVE,Independent annotators agreed; original rationales are preserved in the annotator rationale fields.,lib/utils/hash.py:591-623; lib/utils/hash.py:591-623,independent_agreement
GT-019,FND-000942,R054,pallets/jinja,5ef70112a1ff19c05324ff889dd30405b1002044,weak-hash,CWE-327,src/jinja2/bccache.py,152,152,152,"        hash = sha1(name.encode(""utf-8""))",FALSE_POSITIVE,"SHA-1 is used for Jinja bytecode-cache keys and a source checksum so cached templates can be located and invalidated. Those values are cache metadata, not security credentials or signatures.",src/jinja2/bccache.py:138-170,FALSE_POSITIVE,"SHA-1 is used for Jinja bytecode-cache keys and a source checksum so cached templates can be located and invalidated. Those values are cache metadata, not security credentials or signatures.",src/jinja2/bccache.py:138-170,true,,,,FALSE_POSITIVE,Independent annotators agreed; original rationales are preserved in the annotator rationale fields.,src/jinja2/bccache.py:138-170; src/jinja2/bccache.py:138-170,independent_agreement
GT-020,FND-001173,R085,lepture/authlib,c529a61af40e3efe05286140e00fbdced07d7987,weak-hash,CWE-327,authlib/oauth1/rfc5849/client_auth.py,150,150,150,            oauth_body_hash = base64.b64encode(hashlib.sha1(body).digest()),TRUE_BUG,"The SHA-1 digest is used to construct the OAuth 1 request body hash that is carried as part of signed request metadata. This is a security-sensitive integrity use of a weak hash, not merely a cache identifier.",authlib/oauth1/rfc5849/client_auth.py:136-168,TRUE_BUG,"The SHA-1 digest is used to construct the OAuth 1 request body hash that is carried as part of signed request metadata. This is a security-sensitive integrity use of a weak hash, not merely a cache identifier.",authlib/oauth1/rfc5849/client_auth.py:136-168,true,,,,TRUE_BUG,Independent annotators agreed; original rationales are preserved in the annotator rationale fields.,authlib/oauth1/rfc5849/client_auth.py:136-168; authlib/oauth1/rfc5849/client_auth.py:136-168,independent_agreement
GT-021,FND-000156,R006,aio-libs/aiohttp,a5fba5b4d3ce962db5f4c40865fdb270170d7840,weak-hash,CWE-327,aiohttp/web_ws.py,329,331,329,"        accept_val = base64.b64encode(
            hashlib.sha1(key.encode() + WS_KEY).digest()
        ).decode()",FALSE_POSITIVE,The SHA-1 calculation is the WebSocket handshake's protocol-defined Sec-WebSocket-Accept transformation. It proves protocol handshake compatibility and is not intended to provide cryptographic authentication or data integrity.,aiohttp/web_ws.py:315-349,FALSE_POSITIVE,The SHA-1 calculation is the WebSocket handshake's protocol-defined Sec-WebSocket-Accept transformation. It proves protocol handshake compatibility and is not intended to provide cryptographic authentication or data integrity.,aiohttp/web_ws.py:315-349,true,,,,FALSE_POSITIVE,Independent annotators agreed; original rationales are preserved in the annotator rationale fields.,aiohttp/web_ws.py:315-349; aiohttp/web_ws.py:315-349,independent_agreement
GT-022,FND-001013,R059,scrapy/scrapy,9344d60dd1ca211d7ca43ff9f37ac20473b28d88,weak-hash,CWE-327,scrapy/pipelines/images.py,276,276,276,        thumb_guid = hashlib.sha1(to_bytes(request.url)).hexdigest()  # noqa: S324,FALSE_POSITIVE,The SHA-1 of the image URL is only used to derive a deterministic filename for the downloaded image or thumbnail. No security decision depends on the digest.,scrapy/pipelines/images.py:262-294,FALSE_POSITIVE,The SHA-1 of the image URL is only used to derive a deterministic filename for the downloaded image or thumbnail. No security decision depends on the digest.,scrapy/pipelines/images.py:262-294,true,,,,FALSE_POSITIVE,Independent annotators agreed; original rationales are preserved in the annotator rationale fields.,scrapy/pipelines/images.py:262-294; scrapy/pipelines/images.py:262-294,independent_agreement
GT-023,FND-000036,R002,pallets/flask,d318b683471101618febed18996405ad26462110,weak-hash,CWE-327,src/flask/sessions.py,281,281,281,    return hashlib.sha1(string),TRUE_BUG,"Flask's default secure-cookie session interface uses SHA-1 as the digest method for the HMAC-based session signature. Because the digest contributes directly to session-cookie integrity and authenticity, this is security-sensitive weak-hash use under the codebook.",src/flask/sessions.py:267-299,FALSE_POSITIVE,"SHA-1 is configured as the digest function inside an HMAC-based signed-cookie construction, not as an unhashed password, bare integrity digest, or collision-sensitive signature. The cookie's authenticity still depends on possession of the Flask secret key. A second reviewer can therefore reasonably treat the scanner's generic SHA-1 warning as not demonstrating a practical weak-hash defect in this HMAC context.",src/flask/sessions.py:276-316,false,FALSE_POSITIVE,"After joint review, the finding is adjudicated FALSE_POSITIVE. SHA-1 is configured as the digest function inside an HMAC-based signed-cookie construction using the application's secret key. The relevant security property is keyed message authentication rather than bare SHA-1 collision resistance, and the surrounding Flask code explicitly uses HMAC key derivation. The flagged SHA-1 call therefore does not by itself establish the warned weak-hash defect.",src/flask/sessions.py:276-316,FALSE_POSITIVE,"After joint review, the finding is adjudicated FALSE_POSITIVE. SHA-1 is configured as the digest function inside an HMAC-based signed-cookie construction using the application's secret key. The relevant security property is keyed message authentication rather than bare SHA-1 collision resistance, and the surrounding Flask code explicitly uses HMAC key derivation. The flagged SHA-1 call therefore does not by itself establish the warned weak-hash defect.",src/flask/sessions.py:276-316,adjudication
GT-024,FND-000155,R006,aio-libs/aiohttp,a5fba5b4d3ce962db5f4c40865fdb270170d7840,weak-hash,CWE-327,aiohttp/client_middleware_digest_auth.py,332,341,332,"        cnonce = hashlib.sha1(
            b"""".join(
                [
                    str(self._nonce_count).encode(""utf-8""),
                    nonce_bytes,
                    time.ctime().encode(""utf-8""),
                    os.urandom(8),
                ]
            )
        ).hexdigest()[:16]",FALSE_POSITIVE,"SHA-1 is used only to derive a client nonce from a server nonce, counter, time, and fresh os.urandom() bytes. The actual HTTP Digest response uses the negotiated digest algorithm; this SHA-1 call is not itself the credential hash or signature.",aiohttp/client_middleware_digest_auth.py:318-359,FALSE_POSITIVE,"SHA-1 is used only to derive a client nonce from a server nonce, counter, time, and fresh os.urandom() bytes. The actual HTTP Digest response uses the negotiated digest algorithm; this SHA-1 call is not itself the credential hash or signature.",aiohttp/client_middleware_digest_auth.py:318-359,true,,,,FALSE_POSITIVE,Independent annotators agreed; original rationales are preserved in the annotator rationale fields.,aiohttp/client_middleware_digest_auth.py:318-359; aiohttp/client_middleware_digest_auth.py:318-359,independent_agreement
GT-025,FND-000172,R011,paramiko/paramiko,142f593e40ad767c5e3556cbace66dc84589620c,weak-hash,CWE-327,paramiko/config.py,446,463,446,"        replacements = {
            # TODO: %%???
            # TODO: sha1 bad / this is offspec from rfc/openssh
            ""%C"": sha1(tohash.encode()).hexdigest(),
            ""%d"": homedir,
            ""%h"": configured_hostname,
            # TODO: %i?
            ""%L"": local_hostname,
            ""%l"": local_fqdn,
            # also this is pseudo buggy when not in Match exec mode so document
            # that. also WHY is that the case?? don't we do all of this late?
            ""%n"": target_hostname,
            ""%p"": port,
            ""%r"": remoteuser,
            # TODO: %T? don't believe this is possible however
            ""%u"": user,
            ""~"": homedir,
        }",FALSE_POSITIVE,Paramiko hashes the connection tuple to implement OpenSSH's %C configuration token. The digest produces a deterministic config value and is not used for host-key verification or authentication.,paramiko/config.py:432-481,FALSE_POSITIVE,Paramiko hashes the connection tuple to implement OpenSSH's %C configuration token. The digest produces a deterministic config value and is not used for host-key verification or authentication.,paramiko/config.py:432-481,true,,,,FALSE_POSITIVE,Independent annotators agreed; original rationales are preserved in the annotator rationale fields.,paramiko/config.py:432-481; paramiko/config.py:432-481,independent_agreement
GT-026,FND-000152,R004,tornadoweb/tornado,0096f2897c98facdcd9716009ee934a7381af5ef,weak-hash,CWE-327,tornado/web.py,1757,1757,1757,        hasher = hashlib.sha1(),FALSE_POSITIVE,"Tornado hashes the response body to produce an HTTP ETag. The value is a cache validator, so the code does not rely on SHA-1 for authentication, signatures, or secret protection.",tornado/web.py:1743-1775,FALSE_POSITIVE,"Tornado hashes the response body to produce an HTTP ETag. The value is a cache validator, so the code does not rely on SHA-1 for authentication, signatures, or secret protection.",tornado/web.py:1743-1775,true,,,,FALSE_POSITIVE,Independent annotators agreed; original rationales are preserved in the annotator rationale fields.,tornado/web.py:1743-1775; tornado/web.py:1743-1775,independent_agreement
GT-027,FND-000038,R003,django/django,9193cb54550727a02fd55dab1b430597a9aa4297,weak-hash,CWE-327,django/contrib/auth/hashers.py,665,665,665,        hash = hashlib.md5(force_bytes(salt) + force_bytes(password)).hexdigest(),TRUE_BUG,"This class is explicitly an MD5 password hasher and its encode and verify methods derive and compare password hashes using MD5. The source itself marks the algorithm as not recommended, and the weak primitive is directly protecting stored credentials.",django/contrib/auth/hashers.py:651-683,TRUE_BUG,"This class is explicitly an MD5 password hasher and its encode and verify methods derive and compare password hashes using MD5. The source itself marks the algorithm as not recommended, and the weak primitive is directly protecting stored credentials.",django/contrib/auth/hashers.py:651-683,true,,,,TRUE_BUG,Independent annotators agreed; original rationales are preserved in the annotator rationale fields.,django/contrib/auth/hashers.py:651-683; django/contrib/auth/hashers.py:651-683,independent_agreement
GT-028,FND-000623,R045,sqlmapproject/sqlmap,1ee368f78a73ccc1c193af32d4e70c1244be5865,weak-hash,CWE-327,extra/dbwire/postgres.py,244,244,244,"            token = b""md5"" + hashlib.md5(inner.encode(""ascii"") + salt).hexdigest().encode(""ascii"")",TRUE_BUG,This is the same PostgreSQL MD5-authentication path: the client token is derived from the password and username with MD5 before being sent to the server. It is a direct authentication use of a weak hash.,extra/dbwire/postgres.py:230-262,TRUE_BUG,This is the same PostgreSQL MD5-authentication path: the client token is derived from the password and username with MD5 before being sent to the server. It is a direct authentication use of a weak hash.,extra/dbwire/postgres.py:230-262,true,,,,TRUE_BUG,Independent annotators agreed; original rationales are preserved in the annotator rationale fields.,extra/dbwire/postgres.py:230-262; extra/dbwire/postgres.py:230-262,independent_agreement
GT-029,FND-000931,R053,numpy/numpy,43a7a41747f860a09f2c5b9a2fe5a97c7f5f8004,hardcoded-temp-path,CWE-377,numpy/lib/_npyio_impl.py,683,752,683,"    """"""
    Save several arrays into a single file in compressed ``.npz`` format.

    Provide arrays as keyword arguments to store them under the
    corresponding name in the output file: ``savez_compressed(fn, x=x, y=y)``.

    If arrays are specified as positional arguments, i.e.,
    ``savez_compressed(fn, x, y)``, their names will be `arr_0`, `arr_1`, etc.

    Parameters
    ----------
    file : file, str, or pathlib.Path
        Either the filename (string) or an open file (file-like object)
        where the data will be saved. If file is a string or a Path, the
        ``.npz`` extension will be appended to the filename if it is not
        already there.
    args : Arguments, optional
        Arrays to save to the file. Please use keyword arguments (see
        `kwds` below) to assign names to arrays.  Arrays specified as
        args will be named ""arr_0"", ""arr_1"", and so on.
    allow_pickle : bool, optional
        Allow saving object arrays using Python pickles. Reasons for
        disallowing pickles include security (loading pickled data can execute
        arbitrary code) and portability (pickled objects may not be loadable
        on different Python installations, for example if the stored objects
        require libraries that are not available, and not all pickled data is
        compatible between different versions of Python).
        Default: True
    kwds : Keyword arguments, optional
        Arrays to save to the file. Each array will be saved to the
        output file with its corresponding keyword name.

    Returns
    -------
    None

    See Also
    --------
    numpy.save : Save a single array to a binary file in NumPy format.
    numpy.savetxt : Save an array to a file as plain text.
    numpy.savez : Save several arrays into an uncompressed ``.npz`` file format
    numpy.load : Load the files created by savez_compressed.

    Notes
    -----
    The ``.npz`` file format is a zipped archive of files named after the
    variables they contain.  The archive is compressed with
    ``zipfile.ZIP_DEFLATED`` and each file in the archive contains one variable
    in ``.npy`` format. For a description of the ``.npy`` format, see
    :py:mod:`numpy.lib.format`.


    When opening the saved ``.npz`` file with `load` a `~lib.npyio.NpzFile`
    object is returned. This is a dictionary-like object which can be queried
    for its list of arrays (with the ``.files`` attribute), and for the arrays
    themselves.

    Examples
    --------
    >>> import numpy as np
    >>> test_array = np.random.rand(3, 2)
    >>> test_vector = np.random.rand(4)
    >>> np.savez_compressed('/tmp/123', a=test_array, b=test_vector)
    >>> loaded = np.load('/tmp/123.npz')
    >>> print(np.array_equal(test_array, loaded['a']))
    True
    >>> print(np.array_equal(test_vector, loaded['b']))
    True

    """"""",FALSE_POSITIVE,The /tmp path appears in documentation or example text rather than in executable temporary-file handling. No shared predictable file is created by this statement.,numpy/lib/_npyio_impl.py:669-770,FALSE_POSITIVE,The /tmp path appears in documentation or example text rather than in executable temporary-file handling. No shared predictable file is created by this statement.,numpy/lib/_npyio_impl.py:669-770,true,,,,FALSE_POSITIVE,Independent annotators agreed; original rationales are preserved in the annotator rationale fields.,numpy/lib/_npyio_impl.py:669-770; numpy/lib/_npyio_impl.py:669-770,independent_agreement
GT-030,FND-000180,R012,boto/boto3,dbcacf0c46b79a0f3f7204367ec423722fd3ce16,hardcoded-temp-path,CWE-377,boto3/s3/inject.py,279,309,279,"    """"""Download an S3 object to a file.

    Usage::

        import boto3
        s3 = boto3.resource('s3')
        s3.Bucket('amzn-s3-demo-bucket').download_file('hello.txt', '/tmp/hello.txt')

    Similar behavior as S3Transfer's download_file() method,
    except that parameters are capitalized. Detailed examples can be found at
    :ref:`S3Transfer's Usage <ref_s3transfer_usage>`.

    :type Key: str
    :param Key: The name of the key to download from.

    :type Filename: str
    :param Filename: The path to the file to download to.

    :type ExtraArgs: dict
    :param ExtraArgs: Extra arguments that may be passed to the
        client operation. For allowed download arguments see
        :py:attr:`boto3.s3.transfer.S3Transfer.ALLOWED_DOWNLOAD_ARGS`.

    :type Callback: function
    :param Callback: A method which takes a number of bytes transferred to
        be periodically called during the download.

    :type Config: boto3.s3.transfer.TransferConfig
    :param Config: The transfer configuration to be used when performing the
        transfer.
    """"""",FALSE_POSITIVE,The /tmp/hello.txt value is part of a Boto3 usage example. It does not create a temporary file in the library's runtime path.,boto3/s3/inject.py:265-327,FALSE_POSITIVE,The /tmp/hello.txt value is part of a Boto3 usage example. It does not create a temporary file in the library's runtime path.,boto3/s3/inject.py:265-327,true,,,,FALSE_POSITIVE,Independent annotators agreed; original rationales are preserved in the annotator rationale fields.,boto3/s3/inject.py:265-327; boto3/s3/inject.py:265-327,independent_agreement
GT-031,FND-000037,R003,django/django,9193cb54550727a02fd55dab1b430597a9aa4297,hardcoded-temp-path,CWE-377,django/conf/global_settings.py,334,334,334,"# directory (i.e. ""/tmp"" on *nix systems).",FALSE_POSITIVE,"This is a comment or documentation reference to a temporary-directory default, not executable creation of a predictable shared file.",django/conf/global_settings.py:320-352,FALSE_POSITIVE,"This is a comment or documentation reference to a temporary-directory default, not executable creation of a predictable shared file.",django/conf/global_settings.py:320-352,true,,,,FALSE_POSITIVE,Independent annotators agreed; original rationales are preserved in the annotator rationale fields.,django/conf/global_settings.py:320-352; django/conf/global_settings.py:320-352,independent_agreement
GT-032,FND-000807,R046,Gallopsled/pwntools,1429a134ecf88eb9af70e05bf6c912f45dfde224,hardcoded-temp-path,CWE-377,pwnlib/tubes/ssh.py,1527,1547,1527,"        """"""Downloads a file from the remote server.

        The file is cached in /tmp/pwntools-ssh-cache using a hash of the file, so
        calling the function twice has little overhead.

        Arguments:
            remote(str/bytes): The remote filename to download
            local(str): The local filename to save it to. Default is to infer it from the remote filename.
        
        Examples:

            >>> with open('/tmp/foobar','w+') as f:
            ...     _ = f.write('Hello, world')
            >>> s =  ssh(host='example.pwnme',
            ...         cache=False)
            >>> _ = s.set_working_directory(wd='/tmp')
            >>> _ = s.download_file('foobar', 'barfoo')
            >>> with open('barfoo','r') as f:
            ...     print(f.read())
            Hello, world
        """"""",TRUE_BUG,Pwntools uses a fixed shared directory under the system temporary directory for its SSH download cache. The directory name is predictable and the frozen code does not create a per-user randomized cache root or show a protection that removes cross-user pre-creation or symlink risk.,pwnlib/tubes/ssh.py:1513-1565,TRUE_BUG,Pwntools uses a fixed shared directory under the system temporary directory for its SSH download cache. The directory name is predictable and the frozen code does not create a per-user randomized cache root or show a protection that removes cross-user pre-creation or symlink risk.,pwnlib/tubes/ssh.py:1513-1565,true,,,,TRUE_BUG,Independent annotators agreed; original rationales are preserved in the annotator rationale fields.,pwnlib/tubes/ssh.py:1513-1565; pwnlib/tubes/ssh.py:1513-1565,independent_agreement
GT-033,FND-000179,R012,boto/boto3,dbcacf0c46b79a0f3f7204367ec423722fd3ce16,hardcoded-temp-path,CWE-377,boto3/s3/inject.py,235,265,235,"    """"""Upload a file to an S3 object.

    Usage::

        import boto3
        s3 = boto3.resource('s3')
        s3.Bucket('amzn-s3-demo-bucket').upload_file('/tmp/hello.txt', 'hello.txt')

    Similar behavior as S3Transfer's upload_file() method,
    except that parameters are capitalized. Detailed examples can be found at
    :ref:`S3Transfer's Usage <ref_s3transfer_usage>`.

    :type Filename: str
    :param Filename: The path to the file to upload.

    :type Key: str
    :param Key: The name of the key to upload to.

    :type ExtraArgs: dict
    :param ExtraArgs: Extra arguments that may be passed to the
        client operation. For allowed upload arguments see
        :py:attr:`boto3.s3.transfer.S3Transfer.ALLOWED_UPLOAD_ARGS`.

    :type Callback: function
    :param Callback: A method which takes a number of bytes transferred to
        be periodically called during the upload.

    :type Config: boto3.s3.transfer.TransferConfig
    :param Config: The transfer configuration to be used when performing the
        transfer.
    """"""",FALSE_POSITIVE,"The hard-coded /tmp filename is in an S3 transfer example, not a library-controlled temporary-file creation path.",boto3/s3/inject.py:221-283,FALSE_POSITIVE,"The hard-coded /tmp filename is in an S3 transfer example, not a library-controlled temporary-file creation path.",boto3/s3/inject.py:221-283,true,,,,FALSE_POSITIVE,Independent annotators agreed; original rationales are preserved in the annotator rationale fields.,boto3/s3/inject.py:221-283; boto3/s3/inject.py:221-283,independent_agreement
GT-034,FND-000574,R040,celery/celery,07ee451b5313b520ed4f57cfe93d35ac81d0548c,hardcoded-temp-path,CWE-377,t/unit/bin/proj/daemon_config.py,3,3,3,"beat_pidfile = ""/tmp/beat.test.pid""",FALSE_POSITIVE,The predictable /tmp PID path is test configuration under Celery's unit-test tree. It is not a production temporary-file primitive exposed to other users.,t/unit/bin/proj/daemon_config.py:1-21,FALSE_POSITIVE,The predictable /tmp PID path is test configuration under Celery's unit-test tree. It is not a production temporary-file primitive exposed to other users.,t/unit/bin/proj/daemon_config.py:1-21,true,,,,FALSE_POSITIVE,Independent annotators agreed; original rationales are preserved in the annotator rationale fields.,t/unit/bin/proj/daemon_config.py:1-21; t/unit/bin/proj/daemon_config.py:1-21,independent_agreement
GT-035,FND-000707,R045,sqlmapproject/sqlmap,1ee368f78a73ccc1c193af32d4e70c1244be5865,hardcoded-temp-path,CWE-377,lib/techniques/ssti/inject.py,834,837,834,"_FILE_TEMP = {
    ""unix"": (lambda name: ""/tmp/%s"" % name, _FILE_RCE, lambda f: ""rm -f %s"" % f),
    ""windows"": (lambda name: ""%%TEMP%%\\%s"" % name, _FILE_RCE_WINDOWS, lambda f: ""cmd /c del /q %s"" % f),
}",FALSE_POSITIVE,The SSTI exploit helper writes to a randomly generated remote filename under /tmp and performs best-effort cleanup. The target-side pathname is intentionally part of exploit probing and is not a fixed local shared temp file.,lib/techniques/ssti/inject.py:820-855,FALSE_POSITIVE,The SSTI exploit helper writes to a randomly generated remote filename under /tmp and performs best-effort cleanup. The target-side pathname is intentionally part of exploit probing and is not a fixed local shared temp file.,lib/techniques/ssti/inject.py:820-855,true,,,,FALSE_POSITIVE,Independent annotators agreed; original rationales are preserved in the annotator rationale fields.,lib/techniques/ssti/inject.py:820-855; lib/techniques/ssti/inject.py:820-855,independent_agreement
GT-036,FND-000805,R046,Gallopsled/pwntools,1429a134ecf88eb9af70e05bf6c912f45dfde224,hardcoded-temp-path,CWE-377,pwnlib/tubes/ssh.py,1146,1172,1146,"        r""""""system(process, tty = True, cwd = None, env = None, timeout = Timeout.default, raw = True) -> ssh_channel

        Open a new channel with a specific process inside. If `tty` is True,
        then a TTY is requested on the remote server.

        If `raw` is True, terminal control codes are ignored and input is not
        echoed back.

        Return a :class:`pwnlib.tubes.ssh.ssh_channel` object.

        Examples:

            >>> s =  ssh(host='example.pwnme')
            >>> py = s.system('python3 -i')
            >>> _ = py.recvuntil(b'>>> ')
            >>> py.sendline(b'print(2+2)')
            >>> py.sendline(b'exit()')
            >>> print(repr(py.recvline()))
            b'4\n'
            >>> s.system('env | grep -a AAAA', env={'AAAA': b'\x90'}).recvall()
            b'AAAA=\x90\n'
            >>> io = s.system('pwd', cwd='/tmp')
            >>> io.recvall()
            b'/tmp\n'
            >>> io.cwd
            '/tmp'
        """"""",FALSE_POSITIVE,The /tmp path is shown in pwntools documentation or example code rather than being selected internally as a predictable runtime temporary file.,pwnlib/tubes/ssh.py:1132-1190,FALSE_POSITIVE,The /tmp path is shown in pwntools documentation or example code rather than being selected internally as a predictable runtime temporary file.,pwnlib/tubes/ssh.py:1132-1190,true,,,,FALSE_POSITIVE,Independent annotators agreed; original rationales are preserved in the annotator rationale fields.,pwnlib/tubes/ssh.py:1132-1190; pwnlib/tubes/ssh.py:1132-1190,independent_agreement
GT-037,FND-000818,R046,Gallopsled/pwntools,1429a134ecf88eb9af70e05bf6c912f45dfde224,hardcoded-temp-path,CWE-377,pwnlib/util/packing.py,1118,1166,1118,"    r""""""dd(dst, src, count = 0, skip = 0, seek = 0, truncate = False) -> dst

    Inspired by the command line tool ``dd``, this function copies `count` byte
    values from offset `seek` in `src` to offset `skip` in `dst`.  If `count` is
    0, all of ``src[seek:]`` is copied.

    If `dst` is a mutable type it will be updated.  Otherwise, a new instance of
    the same type will be created.  In either case the result is returned.

    `src` can be an iterable of characters or integers, a string or a
    file object.  If it is an iterable of integers, each integer must be in the
    range [0;255].  If it is a string, its UTF-8 encoding will be used.

    The seek offset of file objects will be preserved.

    Arguments:
        dst: Supported types are :class:`file`, :class:`list`, :class:`tuple`,
             :class:`str` and :class:`bytearray`.
        src: An iterable of byte values (characters or integers), a string or
             a file object.
        count (int): How many bytes to copy.  If `count` is 0 or larger than
                     ``len(src[seek:])``, all bytes until the end of `src` are
                     copied.
        skip (int): Offset in `dst` to copy to.
        seek (int): Offset in `src` to copy from.
        truncate (bool): If :const:`True`, `dst` is truncated at the last copied
                         byte.

    Returns:
        A modified version of `dst`.  If `dst` is a mutable type it will be
        modified in-place.

    Examples:

        >>> dd(tuple('Hello!'), b'?', skip = 5)
        ('H', 'e', 'l', 'l', 'o', b'?')
        >>> dd(list('Hello!'), (63,), skip = 5)
        ['H', 'e', 'l', 'l', 'o', b'?']

    .. doctest::
        :options: +POSIX +TODO

        >>> _ = open('/tmp/foo', 'w').write('A' * 10)
        >>> dd(open('/tmp/foo'), open('/dev/zero'), skip = 3, count = 4).read()
        'AAA\x00\x00\x00\x00AAA'
        >>> _ = open('/tmp/foo', 'w').write('A' * 10)
        >>> dd(open('/tmp/foo'), open('/dev/zero'), skip = 3, count = 4, truncate = True).read()
        'AAA\x00\x00\x00\x00'
    """"""",FALSE_POSITIVE,This /tmp filename occurs in an example demonstrating packing or file use. It does not establish a shared temporary-file sink in production code.,pwnlib/util/packing.py:1104-1184,FALSE_POSITIVE,This /tmp filename occurs in an example demonstrating packing or file use. It does not establish a shared temporary-file sink in production code.,pwnlib/util/packing.py:1104-1184,true,,,,FALSE_POSITIVE,Independent annotators agreed; original rationales are preserved in the annotator rationale fields.,pwnlib/util/packing.py:1104-1184; pwnlib/util/packing.py:1104-1184,independent_agreement
GT-038,FND-000264,R014,fabric/fabric,ded51893f02c33d2bc7c157624c44a039a952037,hardcoded-temp-path,CWE-377,fabric/transfer.py,44,111,44,"        """"""
        Copy a file from wrapped connection's host to the local filesystem.

        :param str remote:
            Remote file to download.

            May be absolute, or relative to the remote working directory.

            .. note::
                Most SFTP servers set the remote working directory to the
                connecting user's home directory, and (unlike most shells) do
                *not* expand tildes (``~``).

                For example, instead of saying ``get(""~/tmp/archive.tgz"")``,
                say ``get(""tmp/archive.tgz"")``.

        :param local:
            Local path to store downloaded file in, or a file-like object.

            **If None or another 'falsey'/empty value is given** (the default),
            the remote file is downloaded to the current working directory (as
            seen by `os.getcwd`) using its remote filename. (This is equivalent
            to giving ``""{basename}""``; see the below subsection on
            interpolation.)

            **If a string is given**, it should be a path to a local directory
            or file and is subject to similar behavior as that seen by common
            Unix utilities or OpenSSH's ``sftp`` or ``scp`` tools.

            For example, if the local path is a directory, the remote path's
            base filename will be added onto it (so ``get('foo/bar/file.txt',
            '/tmp/')`` would result in creation or overwriting of
            ``/tmp/file.txt``).

            This path will be **interpolated** with some useful parameters,
            using `str.format`:

            - The `.Connection` object's ``host``, ``user`` and ``port``
              attributes.
            - The ``basename`` and ``dirname`` of the ``remote`` path, as
              derived by `os.path` (specifically, its ``posixpath`` flavor, so
              that the resulting values are useful on remote POSIX-compatible
              SFTP servers even if the local client is Windows).
            - Thus, for example, ``""/some/path/{user}@{host}/{basename}""`` will
              yield different local paths depending on the properties of both
              the connection and the remote path.

            .. note::
                If nonexistent directories are present in this path (including
                the final path component, if it ends in `os.sep`) they will be
                created automatically using `os.makedirs`.

            **If a file-like object is given**, the contents of the remote file
            are simply written into it.

        :param bool preserve_mode:
            Whether to `os.chmod` the local file so it matches the remote
            file's mode (default: ``True``).

        :returns: A `.Result` object.

        .. versionadded:: 2.0
        .. versionchanged:: 2.6
            Added ``local`` path interpolation of connection & remote file
            attributes.
        .. versionchanged:: 2.6
            Create missing ``local`` directories automatically.
        """"""",FALSE_POSITIVE,The /tmp pathname belongs to Fabric documentation or example usage. The library does not create that predictable file at this finding.,fabric/transfer.py:30-129,FALSE_POSITIVE,The /tmp pathname belongs to Fabric documentation or example usage. The library does not create that predictable file at this finding.,fabric/transfer.py:30-129,true,,,,FALSE_POSITIVE,Independent annotators agreed; original rationales are preserved in the annotator rationale fields.,fabric/transfer.py:30-129; fabric/transfer.py:30-129,independent_agreement
GT-039,FND-000796,R046,Gallopsled/pwntools,1429a134ecf88eb9af70e05bf6c912f45dfde224,hardcoded-temp-path,CWE-377,pwnlib/elf/elf.py,1655,1663,1655,"        """"""Save the ELF to a file

        >>> bash = ELF(which('bash'))
        >>> bash.save('/tmp/bash_copy')
        >>> copy = open('/tmp/bash_copy', 'rb')
        >>> bash = open(which('bash'), 'rb')
        >>> bash.read() == copy.read()
        True
        """"""",FALSE_POSITIVE,The flagged /tmp value is part of an example in the ELF helper documentation and is not a fixed temporary file created by the implementation.,pwnlib/elf/elf.py:1641-1681,FALSE_POSITIVE,The flagged /tmp value is part of an example in the ELF helper documentation and is not a fixed temporary file created by the implementation.,pwnlib/elf/elf.py:1641-1681,true,,,,FALSE_POSITIVE,Independent annotators agreed; original rationales are preserved in the annotator rationale fields.,pwnlib/elf/elf.py:1641-1681; pwnlib/elf/elf.py:1641-1681,independent_agreement
GT-040,FND-000806,R046,Gallopsled/pwntools,1429a134ecf88eb9af70e05bf6c912f45dfde224,hardcoded-temp-path,CWE-377,pwnlib/tubes/ssh.py,1502,1521,1502,"        """"""Downloads a file from the remote server and returns it as a string.

        Arguments:
            remote(str): The remote filename to download.


        Examples:

            >>> with open('/tmp/bar','w+') as f:
            ...     _ = f.write('Hello, world')
            >>> s =  ssh(host='example.pwnme',
            ...         cache=False)
            >>> s.download_data('/tmp/bar')
            b'Hello, world'
            >>> s._sftp = None
            >>> s._tried_sftp = True
            >>> s.download_data('/tmp/bar')
            b'Hello, world'

        """"""",FALSE_POSITIVE,"This is another documentation or example occurrence of a /tmp path in pwntools, with no executable shared-temp creation at the flagged statement.",pwnlib/tubes/ssh.py:1488-1539,FALSE_POSITIVE,"This is another documentation or example occurrence of a /tmp path in pwntools, with no executable shared-temp creation at the flagged statement.",pwnlib/tubes/ssh.py:1488-1539,true,,,,FALSE_POSITIVE,Independent annotators agreed; original rationales are preserved in the annotator rationale fields.,pwnlib/tubes/ssh.py:1488-1539; pwnlib/tubes/ssh.py:1488-1539,independent_agreement
GT-041,FND-000248,R013,ansible/ansible,3827d66bfbdc568f58cce57b113131598c46cd5a,hardcoded-temp-path,CWE-377,lib/ansible/plugins/filter/core.py,551,558,551,"    """"""Accepts a dict or list of dicts, and a dotted accessor and produces a product
    of the element and the results of the dotted accessor

    >>> obj = [{""name"": ""alice"", ""groups"": [""wheel""], ""authorized"": [""/tmp/alice/onekey.pub""]}]
    >>> subelements(obj, 'groups')
    [({'name': 'alice', 'groups': ['wheel'], 'authorized': ['/tmp/alice/onekey.pub']}, 'wheel')]

    """"""",FALSE_POSITIVE,The /tmp string is sample data used by an Ansible filter or test path. It is not a runtime temporary-file destination selected by the module.,lib/ansible/plugins/filter/core.py:537-576,FALSE_POSITIVE,The /tmp string is sample data used by an Ansible filter or test path. It is not a runtime temporary-file destination selected by the module.,lib/ansible/plugins/filter/core.py:537-576,true,,,,FALSE_POSITIVE,Independent annotators agreed; original rationales are preserved in the annotator rationale fields.,lib/ansible/plugins/filter/core.py:537-576; lib/ansible/plugins/filter/core.py:537-576,independent_agreement
GT-042,FND-000058,R003,django/django,9193cb54550727a02fd55dab1b430597a9aa4297,unsafe-deserialization,CWE-502,django/core/cache/backends/db.py,102,102,102,"                value = pickle.loads(base64.b64decode(value.encode(), validate=True))",UNCERTAIN,"The database cache deserializes pickled cache values after reading them from the configured cache table. The frozen repository shows the sink and matching write path, but it does not establish whether an untrusted principal can modify that cache database in deployment, so the required trust boundary cannot be resolved from source alone.",django/core/cache/backends/db.py:84-126,UNCERTAIN,"The database cache deserializes pickled cache values after reading them from the configured cache table. The frozen repository shows the sink and matching write path, but it does not establish whether an untrusted principal can modify that cache database in deployment, so the required trust boundary cannot be resolved from source alone.",django/core/cache/backends/db.py:84-126,true,,,,UNCERTAIN,Independent annotators agreed; original rationales are preserved in the annotator rationale fields.,django/core/cache/backends/db.py:84-126; django/core/cache/backends/db.py:84-126,independent_agreement
GT-043,FND-000069,R003,django/django,9193cb54550727a02fd55dab1b430597a9aa4297,unsafe-deserialization,CWE-502,django/core/cache/backends/filebased.py,38,38,38,                    return pickle.loads(zlib.decompress(f.read())),UNCERTAIN,"The file-based cache loads pickle data directly from the configured cache directory. The code shows that Django writes these files itself, but repository code does not prove the directory cannot be modified or replaced by a less-trusted local principal in deployment.",django/core/cache/backends/filebased.py:20-62,UNCERTAIN,"The file-based cache loads pickle data directly from the configured cache directory. The code shows that Django writes these files itself, but repository code does not prove the directory cannot be modified or replaced by a less-trusted local principal in deployment.",django/core/cache/backends/filebased.py:20-62,true,,,,UNCERTAIN,Independent annotators agreed; original rationales are preserved in the annotator rationale fields.,django/core/cache/backends/filebased.py:20-62; django/core/cache/backends/filebased.py:20-62,independent_agreement
GT-044,FND-000879,R051,scikit-learn/scikit-learn,9bafc1c9cab99aa036aba8207125637c39fd22db,unsafe-deserialization,CWE-502,sklearn/utils/estimator_checks.py,4080,4080,4080,    est = pickle.loads(pickle.dumps(est)),FALSE_POSITIVE,This is a scikit-learn test that pickles an estimator and immediately unpickles the bytes it just created to verify serialization behavior. No external data reaches pickle.loads().,sklearn/utils/estimator_checks.py:4062-4104,FALSE_POSITIVE,This is a scikit-learn test that pickles an estimator and immediately unpickles the bytes it just created to verify serialization behavior. No external data reaches pickle.loads().,sklearn/utils/estimator_checks.py:4062-4104,true,,,,FALSE_POSITIVE,Independent annotators agreed; original rationales are preserved in the annotator rationale fields.,sklearn/utils/estimator_checks.py:4062-4104; sklearn/utils/estimator_checks.py:4062-4104,independent_agreement
GT-045,FND-001005,R059,scrapy/scrapy,9344d60dd1ca211d7ca43ff9f37ac20473b28d88,unsafe-deserialization,CWE-502,scrapy/extensions/httpcache.py,341,341,341,                data.update(pickle.load(f))  # noqa: S301,UNCERTAIN,"Scrapy loads response metadata from a pickle file in its HTTP cache directory. The cache is application-created, but the frozen repository does not establish the deployment permissions or integrity of that directory, so external influence cannot be ruled in or out.",scrapy/extensions/httpcache.py:323-365,UNCERTAIN,"Scrapy loads response metadata from a pickle file in its HTTP cache directory. The cache is application-created, but the frozen repository does not establish the deployment permissions or integrity of that directory, so external influence cannot be ruled in or out.",scrapy/extensions/httpcache.py:323-365,true,,,,UNCERTAIN,Independent annotators agreed; original rationales are preserved in the annotator rationale fields.,scrapy/extensions/httpcache.py:323-365; scrapy/extensions/httpcache.py:323-365,independent_agreement
GT-046,FND-000928,R053,numpy/numpy,43a7a41747f860a09f2c5b9a2fe5a97c7f5f8004,unsafe-deserialization,CWE-502,numpy/lib/_format_impl.py,844,844,844,"            array = pickle.load(fp, **pickle_kwargs)",FALSE_POSITIVE,"NumPy only reaches pickle.load when allow_pickle=True. The surrounding documentation explicitly states that enabling it means the input is trusted, while the default rejects object-array pickles.",numpy/lib/_format_impl.py:826-868,FALSE_POSITIVE,"NumPy only reaches pickle.load when allow_pickle=True. The surrounding documentation explicitly states that enabling it means the input is trusted, while the default rejects object-array pickles.",numpy/lib/_format_impl.py:826-868,true,,,,FALSE_POSITIVE,Independent annotators agreed; original rationales are preserved in the annotator rationale fields.,numpy/lib/_format_impl.py:826-868; numpy/lib/_format_impl.py:826-868,independent_agreement
GT-047,FND-001008,R059,scrapy/scrapy,9344d60dd1ca211d7ca43ff9f37ac20473b28d88,unsafe-deserialization,CWE-502,scrapy/extensions/spiderstate.py,44,44,44,                spider.state = pickle.load(f)  # type: ignore[attr-defined]  # noqa: S301,UNCERTAIN,"SpiderState restores a pickle from the configured job directory. The file is normally written by the same component, but the repository does not define who can modify the job directory between runs, leaving the integrity boundary unresolved.",scrapy/extensions/spiderstate.py:26-68,UNCERTAIN,"SpiderState restores a pickle from the configured job directory. The file is normally written by the same component, but the repository does not define who can modify the job directory between runs, leaving the integrity boundary unresolved.",scrapy/extensions/spiderstate.py:26-68,true,,,,UNCERTAIN,Independent annotators agreed; original rationales are preserved in the annotator rationale fields.,scrapy/extensions/spiderstate.py:26-68; scrapy/extensions/spiderstate.py:26-68,independent_agreement
GT-048,FND-000585,R040,celery/celery,07ee451b5313b520ed4f57cfe93d35ac81d0548c,unsafe-deserialization,CWE-502,t/unit/tasks/test_result.py,696,696,696,        assert pickle.loads(pickle.dumps(ts2)) == ts2,FALSE_POSITIVE,This Celery unit test deserializes an object that was serialized immediately beforehand inside the same test. The pickle bytes are not externally supplied.,t/unit/tasks/test_result.py:678-720,FALSE_POSITIVE,This Celery unit test deserializes an object that was serialized immediately beforehand inside the same test. The pickle bytes are not externally supplied.,t/unit/tasks/test_result.py:678-720,true,,,,FALSE_POSITIVE,Independent annotators agreed; original rationales are preserved in the annotator rationale fields.,t/unit/tasks/test_result.py:678-720; t/unit/tasks/test_result.py:678-720,independent_agreement
GT-049,FND-000070,R003,django/django,9193cb54550727a02fd55dab1b430597a9aa4297,unsafe-deserialization,CWE-502,django/core/cache/backends/filebased.py,71,71,71,                        previous_value = pickle.loads(zlib.decompress(f.read())),UNCERTAIN,"Django's file-cache touch path unpickles the existing cache file before rewriting it. As with the corresponding get path, whether another principal can tamper with the configured cache directory is a deployment property not established by the frozen source.",django/core/cache/backends/filebased.py:53-95,UNCERTAIN,"Django's file-cache touch path unpickles the existing cache file before rewriting it. As with the corresponding get path, whether another principal can tamper with the configured cache directory is a deployment property not established by the frozen source.",django/core/cache/backends/filebased.py:53-95,true,,,,UNCERTAIN,Independent annotators agreed; original rationales are preserved in the annotator rationale fields.,django/core/cache/backends/filebased.py:53-95; django/core/cache/backends/filebased.py:53-95,independent_agreement
GT-050,FND-000560,R040,celery/celery,07ee451b5313b520ed4f57cfe93d35ac81d0548c,unsafe-deserialization,CWE-502,t/unit/app/test_app.py,1165,1165,1165,        r = loads(dumps(x)),FALSE_POSITIVE,The test round-trips a Celery application object through the project's own serializer and immediately loads the generated bytes. There is no less-trusted source for the payload in this path.,t/unit/app/test_app.py:1147-1189,FALSE_POSITIVE,The test round-trips a Celery application object through the project's own serializer and immediately loads the generated bytes. There is no less-trusted source for the payload in this path.,t/unit/app/test_app.py:1147-1189,true,,,,FALSE_POSITIVE,Independent annotators agreed; original rationales are preserved in the annotator rationale fields.,t/unit/app/test_app.py:1147-1189; t/unit/app/test_app.py:1147-1189,independent_agreement
GT-051,FND-000566,R040,celery/celery,07ee451b5313b520ed4f57cfe93d35ac81d0548c,unsafe-deserialization,CWE-502,t/unit/app/test_schedules.py,157,157,157,            c = loads(dumps(c)),FALSE_POSITIVE,This is an internal unit-test round trip for a crontab object. Pickle loads only data produced moments earlier by the same test.,t/unit/app/test_schedules.py:139-181,FALSE_POSITIVE,This is an internal unit-test round trip for a crontab object. Pickle loads only data produced moments earlier by the same test.,t/unit/app/test_schedules.py:139-181,true,,,,FALSE_POSITIVE,Independent annotators agreed; original rationales are preserved in the annotator rationale fields.,t/unit/app/test_schedules.py:139-181; t/unit/app/test_schedules.py:139-181,independent_agreement
GT-052,FND-000568,R040,celery/celery,07ee451b5313b520ed4f57cfe93d35ac81d0548c,unsafe-deserialization,CWE-502,t/unit/backends/test_database.py,651,651,651,        assert loads(dumps(tb)),FALSE_POSITIVE,The database-backend test serializes and restores test-owned state to verify backend behavior. The flagged load is not fed by an external or less-trusted payload.,t/unit/backends/test_database.py:633-675,FALSE_POSITIVE,The database-backend test serializes and restores test-owned state to verify backend behavior. The flagged load is not fed by an external or less-trusted payload.,t/unit/backends/test_database.py:633-675,true,,,,FALSE_POSITIVE,Independent annotators agreed; original rationales are preserved in the annotator rationale fields.,t/unit/backends/test_database.py:633-675; t/unit/backends/test_database.py:633-675,independent_agreement
GT-053,FND-001059,R064,twisted/twisted,ac919a6d1b2f91b7dea806bacfae99abab5291d4,unsafe-deserialization,CWE-502,src/twisted/mail/relaymanager.py,572,572,572,"            from_, to = pickle.load(fp)",UNCERTAIN,"Twisted reads a pickled envelope record from its mail relay queue. The queue is server-managed, but the frozen code at this point does not establish filesystem ownership and permissions strongly enough to prove that a less-trusted local actor cannot replace the record.",src/twisted/mail/relaymanager.py:554-596,FALSE_POSITIVE,"The relay queue unpickles an envelope file that is created by the mail relay itself; remote sender and recipient strings are serialized as data and do not control pickle opcodes. The only remaining attack would require tampering with the server's queue files through a separate local-storage compromise, which this repository path does not establish.",src/twisted/mail/relaymanager.py:545-585,false,UNCERTAIN,"After joint review, the finding remains UNCERTAIN. Twisted unpickles an envelope file from its persistent mail relay queue, and the queue normally creates the corresponding file itself. However, the frozen repository does not establish filesystem ownership, permissions, or an integrity mechanism that proves a less-trusted local principal cannot replace the file. The safety of the pickle boundary therefore depends on deployment guarantees absent from the source.",src/twisted/mail/relaymanager.py:430-478; src/twisted/mail/relaymanager.py:560-580,UNCERTAIN,"After joint review, the finding remains UNCERTAIN. Twisted unpickles an envelope file from its persistent mail relay queue, and the queue normally creates the corresponding file itself. However, the frozen repository does not establish filesystem ownership, permissions, or an integrity mechanism that proves a less-trusted local principal cannot replace the file. The safety of the pickle boundary therefore depends on deployment guarantees absent from the source.",src/twisted/mail/relaymanager.py:430-478; src/twisted/mail/relaymanager.py:560-580,adjudication
GT-054,FND-001039,R063,grpc/grpc,6e5ac36afeb4a13c9d0c62241c91323c1e8ad8a8,unsafe-deserialization,CWE-502,src/python/grpcio_tests/tests_aio/unit/auth_context_test.py,201,201,201,        auth_data = pickle.loads(response),FALSE_POSITIVE,The pickle payload is returned by the local gRPC test server created by the same test and is consumed only inside the test suite. It is not an untrusted production network payload.,src/python/grpcio_tests/tests_aio/unit/auth_context_test.py:183-225,FALSE_POSITIVE,The pickle payload is returned by the local gRPC test server created by the same test and is consumed only inside the test suite. It is not an untrusted production network payload.,src/python/grpcio_tests/tests_aio/unit/auth_context_test.py:183-225,true,,,,FALSE_POSITIVE,Independent annotators agreed; original rationales are preserved in the annotator rationale fields.,src/python/grpcio_tests/tests_aio/unit/auth_context_test.py:183-225; src/python/grpcio_tests/tests_aio/unit/auth_context_test.py:183-225,independent_agreement
GT-055,FND-000072,R003,django/django,9193cb54550727a02fd55dab1b430597a9aa4297,unsafe-deserialization,CWE-502,django/core/cache/backends/locmem.py,43,43,43,        return pickle.loads(pickled),FALSE_POSITIVE,"LocMemCache unpickles bytes held in the same process's in-memory cache, and those bytes are written through the matching set and add methods. There is no external storage boundary at this sink.",django/core/cache/backends/locmem.py:25-67,FALSE_POSITIVE,"LocMemCache unpickles bytes held in the same process's in-memory cache, and those bytes are written through the matching set and add methods. There is no external storage boundary at this sink.",django/core/cache/backends/locmem.py:25-67,true,,,,FALSE_POSITIVE,Independent annotators agreed; original rationales are preserved in the annotator rationale fields.,django/core/cache/backends/locmem.py:25-67; django/core/cache/backends/locmem.py:25-67,independent_agreement
GT-056,FND-000545,R040,celery/celery,07ee451b5313b520ed4f57cfe93d35ac81d0548c,unsafe-deserialization,CWE-502,celery/backends/database/__init__.py,220,220,220,            return pickle.loads(payload),UNCERTAIN,"Celery's database backend can fall back to pickle for legacy stored result rows after decoding fails. The source narrows the fallback to pickle-looking legacy data, but whether an untrusted party can write result rows depends on the configured backend and deployment and is not resolved here.",celery/backends/database/__init__.py:202-244,UNCERTAIN,"Celery's database backend can fall back to pickle for legacy stored result rows after decoding fails. The source narrows the fallback to pickle-looking legacy data, but whether an untrusted party can write result rows depends on the configured backend and deployment and is not resolved here.",celery/backends/database/__init__.py:202-244,true,,,,UNCERTAIN,Independent annotators agreed; original rationales are preserved in the annotator rationale fields.,celery/backends/database/__init__.py:202-244; celery/backends/database/__init__.py:202-244,independent_agreement
GT-057,FND-000596,R040,celery/celery,07ee451b5313b520ed4f57cfe93d35ac81d0548c,unsafe-deserialization,CWE-502,t/unit/utils/test_pickle.py,25,25,25,        unpickled = pickle.loads(pickled),FALSE_POSITIVE,The test serializes a locally created exception and immediately unpickles it to verify compatibility. No external payload is accepted.,t/unit/utils/test_pickle.py:7-49,FALSE_POSITIVE,The test serializes a locally created exception and immediately unpickles it to verify compatibility. No external payload is accepted.,t/unit/utils/test_pickle.py:7-49,true,,,,FALSE_POSITIVE,Independent annotators agreed; original rationales are preserved in the annotator rationale fields.,t/unit/utils/test_pickle.py:7-49; t/unit/utils/test_pickle.py:7-49,independent_agreement
GT-058,FND-000159,R007,bottlepy/bottle,457a8fa82f2c96d18c6f5934288387ad83ac12fa,unsafe-deserialization,CWE-502,bottle.py,1190,1190,1190,                    dst = pickle.loads(base64.b64decode(msg)),FALSE_POSITIVE,Bottle verifies the signed-cookie HMAC before base64-decoding and unpickling the message. An attacker who cannot forge the configured secret cannot substitute arbitrary pickle bytes at this sink.,bottle.py:1172-1214,FALSE_POSITIVE,Bottle verifies the signed-cookie HMAC before base64-decoding and unpickling the message. An attacker who cannot forge the configured secret cannot substitute arbitrary pickle bytes at this sink.,bottle.py:1172-1214,true,,,,FALSE_POSITIVE,Independent annotators agreed; original rationales are preserved in the annotator rationale fields.,bottle.py:1172-1214; bottle.py:1172-1214,independent_agreement
GT-059,FND-000206,R013,ansible/ansible,3827d66bfbdc568f58cce57b113131598c46cd5a,unsafe-deserialization,CWE-502,lib/ansible/cli/scripts/ansible_connection_cli_stub.py,242,242,242,"        pc_data = pickle.loads(init_data, encoding='bytes')",FALSE_POSITIVE,The Ansible connection stub reads the pickle streams from its parent process over stdin as part of the controller-to-child IPC protocol. The source does not expose this deserializer directly to a remote request or arbitrary network peer.,lib/ansible/cli/scripts/ansible_connection_cli_stub.py:224-266,FALSE_POSITIVE,The Ansible connection stub reads the pickle streams from its parent process over stdin as part of the controller-to-child IPC protocol. The source does not expose this deserializer directly to a remote request or arbitrary network peer.,lib/ansible/cli/scripts/ansible_connection_cli_stub.py:224-266,true,,,,FALSE_POSITIVE,Independent annotators agreed; original rationales are preserved in the annotator rationale fields.,lib/ansible/cli/scripts/ansible_connection_cli_stub.py:224-266; lib/ansible/cli/scripts/ansible_connection_cli_stub.py:224-266,independent_agreement
GT-060,FND-000556,R040,celery/celery,07ee451b5313b520ed4f57cfe93d35ac81d0548c,unsafe-deserialization,CWE-502,t/unit/app/test_app.py,928,928,928,        restored = pickle.loads(saved),FALSE_POSITIVE,"This is another Celery unit-test round trip of an application object created by the test itself, not deserialization of external input.",t/unit/app/test_app.py:910-952,FALSE_POSITIVE,"This is another Celery unit-test round trip of an application object created by the test itself, not deserialization of external input.",t/unit/app/test_app.py:910-952,true,,,,FALSE_POSITIVE,Independent annotators agreed; original rationales are preserved in the annotator rationale fields.,t/unit/app/test_app.py:910-952; t/unit/app/test_app.py:910-952,independent_agreement
GT-061,FND-000485,R035,coleifer/peewee,c6328d6c91120b3d04878921a0af64a9ee78c866,unsafe-deserialization,CWE-502,playhouse/fields.py,52,52,52,            return pickle.loads(value),UNCERTAIN,"PickleField deserializes whatever blob is stored in the corresponding database column. The field is intentionally generic, but the library cannot establish whether a particular application's database rows are trusted, so the source alone cannot decide the attacker-control boundary.",playhouse/fields.py:34-76,UNCERTAIN,"PickleField deserializes whatever blob is stored in the corresponding database column. The field is intentionally generic, but the library cannot establish whether a particular application's database rows are trusted, so the source alone cannot decide the attacker-control boundary.",playhouse/fields.py:34-76,true,,,,UNCERTAIN,Independent annotators agreed; original rationales are preserved in the annotator rationale fields.,playhouse/fields.py:34-76; playhouse/fields.py:34-76,independent_agreement
GT-062,FND-000170,R008,cherrypy/cherrypy,1f75bc9eed8e0e385f64f368bd69f58d96fb8c2b,unsafe-deserialization,CWE-502,cherrypy/lib/sessions.py,569,569,569,                return pickle.load(f),UNCERTAIN,"CherryPy file sessions load pickled session state from disk. The session files are server-managed, but the frozen source does not fully establish storage permissions or integrity against a less-trusted local writer.",cherrypy/lib/sessions.py:551-593,UNCERTAIN,"CherryPy file sessions load pickled session state from disk. The session files are server-managed, but the frozen source does not fully establish storage permissions or integrity against a less-trusted local writer.",cherrypy/lib/sessions.py:551-593,true,,,,UNCERTAIN,Independent annotators agreed; original rationales are preserved in the annotator rationale fields.,cherrypy/lib/sessions.py:551-593; cherrypy/lib/sessions.py:551-593,independent_agreement
GT-063,FND-000425,R025,pydantic/pydantic,c23cb86ef197693fc016437614f174252a3d189a,unsafe-deserialization,CWE-502,pydantic/v1/parse.py,42,42,42,        return pickle.loads(bb),FALSE_POSITIVE,Pydantic's parser keeps pickle disabled by default and raises unless allow_pickle=True is explicitly supplied. Reaching pickle.loads therefore requires the caller to opt in to trusted pickle input.,pydantic/v1/parse.py:24-66,FALSE_POSITIVE,Pydantic's parser keeps pickle disabled by default and raises unless allow_pickle=True is explicitly supplied. Reaching pickle.loads therefore requires the caller to opt in to trusted pickle input.,pydantic/v1/parse.py:24-66,true,,,,FALSE_POSITIVE,Independent annotators agreed; original rationales are preserved in the annotator rationale fields.,pydantic/v1/parse.py:24-66; pydantic/v1/parse.py:24-66,independent_agreement
GT-064,FND-000416,R025,pydantic/pydantic,c23cb86ef197693fc016437614f174252a3d189a,subprocess-execution,CWE-78,.github/actions/people/people.py,761,761,761,"    subprocess.run(['git', 'config', 'user.name', 'github-actions'], check=True)",FALSE_POSITIVE,This process launch is in developer or CI tooling rather than an exposed application request path. The invoked tool is `git`. No remote or less-trusted value is shown controlling command structure at this sink.,.github/actions/people/people.py:747-779,FALSE_POSITIVE,"This is build, release, or maintenance tooling invoked by the local developer or CI environment. The invoked tool is `git`. No remote or less-trusted value is shown controlling command structure at this sink.",.github/actions/people/people.py:747-779,true,,,,FALSE_POSITIVE,Independent annotators agreed; original rationales are preserved in the annotator rationale fields.,.github/actions/people/people.py:747-779; .github/actions/people/people.py:747-779,independent_agreement
GT-065,FND-000234,R013,ansible/ansible,3827d66bfbdc568f58cce57b113131598c46cd5a,subprocess-execution,CWE-78,lib/ansible/modules/user.py,1297,1302,1297,"                p = subprocess.Popen([to_bytes(c) for c in cmd],
                                     stdin=slave_in_fd,
                                     stdout=slave_out_fd,
                                     stderr=slave_err_fd,
                                     preexec_fn=os.setsid,
                                     env=env)",FALSE_POSITIVE,"The process is launched without shell command-string interpretation, so variable values remain separate process arguments. The sink receives an already-constructed command or argv from its caller. The frozen call path does not establish attacker control over the executable or argument structure.",lib/ansible/modules/user.py:1283-1320,FALSE_POSITIVE,The surrounding code passes an argument vector to the child process rather than concatenating request data into shell syntax. The sink receives an already-constructed command or argv from its caller. The frozen call path does not establish attacker control over the executable or argument structure.,lib/ansible/modules/user.py:1283-1320,true,,,,FALSE_POSITIVE,Independent annotators agreed; original rationales are preserved in the annotator rationale fields.,lib/ansible/modules/user.py:1283-1320; lib/ansible/modules/user.py:1283-1320,independent_agreement
GT-066,FND-001161,R072,hypothesisworks/hypothesis,a8dcd7422a325926693b5464f73349e361562b7c,subprocess-execution,CWE-78,tooling/src/hypothesistooling/installers.py,117,117,117,"    subprocess.check_call([STACK, ""install"", ""ShellCheck""])",FALSE_POSITIVE,The surrounding code passes an argument vector to the child process rather than concatenating request data into shell syntax. The frozen call path does not establish attacker control over the executable or argument structure.,tooling/src/hypothesistooling/installers.py:103-135,FALSE_POSITIVE,This call uses direct process execution; the dynamic pieces are paths or options supplied by the local caller and do not gain shell semantics. The frozen call path does not establish attacker control over the executable or argument structure.,tooling/src/hypothesistooling/installers.py:103-135,true,,,,FALSE_POSITIVE,Independent annotators agreed; original rationales are preserved in the annotator rationale fields.,tooling/src/hypothesistooling/installers.py:103-135; tooling/src/hypothesistooling/installers.py:103-135,independent_agreement
GT-067,FND-000922,R053,numpy/numpy,43a7a41747f860a09f2c5b9a2fe5a97c7f5f8004,code-execution-eval,CWE-78,numpy/f2py/crackfortran.py,2648,2648,2648,"                    l = str(eval(l, {}, params))",TRUE_BUG,"F2PY evaluates a length or kind expression parsed from Fortran source using Python eval. Passing an empty globals dictionary does not remove Python builtins, and the result is only checked after evaluation, so crafted source text can execute Python expressions before any effective restriction.",numpy/f2py/crackfortran.py:2630-2672,TRUE_BUG,"F2PY evaluates a length or kind expression parsed from Fortran source using Python eval. Passing an empty globals dictionary does not remove Python builtins, and the result is only checked after evaluation, so crafted source text can execute Python expressions before any effective restriction.",numpy/f2py/crackfortran.py:2630-2672,true,,,,TRUE_BUG,Independent annotators agreed; original rationales are preserved in the annotator rationale fields.,numpy/f2py/crackfortran.py:2630-2672; numpy/f2py/crackfortran.py:2630-2672,independent_agreement
GT-068,FND-000145,R004,tornadoweb/tornado,0096f2897c98facdcd9716009ee934a7381af5ef,subprocess-execution,CWE-78,maint/vm/windows/bootstrap.py,65,66,65,"        subprocess.check_call(['msiexec', '/i', filename,
                               'ALLUSERS=1', '/passive'])",FALSE_POSITIVE,"This is build, release, or maintenance tooling invoked by the local developer or CI environment. The invoked tool is `msiexec`. No remote or less-trusted value is shown controlling command structure at this sink.",maint/vm/windows/bootstrap.py:51-84,FALSE_POSITIVE,"The call is part of repository maintenance or packaging automation, where the command and variable arguments come from local project or configuration state. The invoked tool is `msiexec`. No remote or less-trusted value is shown controlling command structure at this sink.",maint/vm/windows/bootstrap.py:51-84,true,,,,FALSE_POSITIVE,Independent annotators agreed; original rationales are preserved in the annotator rationale fields.,maint/vm/windows/bootstrap.py:51-84; maint/vm/windows/bootstrap.py:51-84,independent_agreement
GT-069,FND-000296,R016,certbot/certbot,56ee04928d677d82c6a375a7c7b48e8ce13bb6bc,subprocess-execution,CWE-78,certbot/src/certbot/_internal/plugins/nginx/configurator.py,1044,1050,1044,"            proc = subprocess.run(
                [self.conf('ctl'), ""-c"", self.nginx_conf, ""-V""],
                stdout=subprocess.PIPE,
                stderr=subprocess.PIPE,
                universal_newlines=True,
                check=False,
                env=util.env_no_snap_for_external_calls())",FALSE_POSITIVE,The surrounding code passes an argument vector to the child process rather than concatenating request data into shell syntax. The frozen call path does not establish attacker control over the executable or argument structure.,certbot/src/certbot/_internal/plugins/nginx/configurator.py:1030-1068,FALSE_POSITIVE,This call uses direct process execution; the dynamic pieces are paths or options supplied by the local caller and do not gain shell semantics. The frozen call path does not establish attacker control over the executable or argument structure.,certbot/src/certbot/_internal/plugins/nginx/configurator.py:1030-1068,true,,,,FALSE_POSITIVE,Independent annotators agreed; original rationales are preserved in the annotator rationale fields.,certbot/src/certbot/_internal/plugins/nginx/configurator.py:1030-1068; certbot/src/certbot/_internal/plugins/nginx/configurator.py:1030-1068,independent_agreement
GT-070,FND-000469,R033,sqlalchemy/sqlalchemy,de83fa72d787136785624fd8981e1d71e9f427ab,code-execution-exec,CWE-78,lib/sqlalchemy/util/langhelpers.py,2157,2157,2157,"    exec(code, env)",FALSE_POSITIVE,SQLAlchemy generates a small setter function from an attribute name used by its own internal mapping machinery. The value is not taken from an untrusted runtime input at this call path.,lib/sqlalchemy/util/langhelpers.py:2143-2175,FALSE_POSITIVE,SQLAlchemy generates a small setter function from an attribute name used by its own internal mapping machinery. The value is not taken from an untrusted runtime input at this call path.,lib/sqlalchemy/util/langhelpers.py:2143-2175,true,,,,FALSE_POSITIVE,Independent annotators agreed; original rationales are preserved in the annotator rationale fields.,lib/sqlalchemy/util/langhelpers.py:2143-2175; lib/sqlalchemy/util/langhelpers.py:2143-2175,independent_agreement
GT-071,FND-000035,R002,pallets/flask,d318b683471101618febed18996405ad26462110,code-execution-exec,CWE-78,src/flask/config.py,209,209,209,"                exec(compile(config_file.read(), filename, ""exec""), d.__dict__)",FALSE_POSITIVE,"Flask's from_pyfile intentionally executes the application's Python configuration file selected by the developer. Executing that trusted config file is the documented feature, not an injection sink.",src/flask/config.py:195-227,FALSE_POSITIVE,"Flask's from_pyfile intentionally executes the application's Python configuration file selected by the developer. Executing that trusted config file is the documented feature, not an injection sink.",src/flask/config.py:195-227,true,,,,FALSE_POSITIVE,Independent annotators agreed; original rationales are preserved in the annotator rationale fields.,src/flask/config.py:195-227; src/flask/config.py:195-227,independent_agreement
GT-072,FND-000411,R024,pre-commit/pre-commit,a9bba55a3f74068b53f4bd4d831d7e05e34eae6c,subprocess-execution,CWE-78,pre_commit/commands/hook_impl.py,164,164,164,                    source = subprocess.check_output(rev_cmd).decode().strip(),FALSE_POSITIVE,The surrounding code passes an argument vector to the child process rather than concatenating request data into shell syntax. The frozen call path does not establish attacker control over the executable or argument structure.,pre_commit/commands/hook_impl.py:150-182,FALSE_POSITIVE,This call uses direct process execution; the dynamic pieces are paths or options supplied by the local caller and do not gain shell semantics. The frozen call path does not establish attacker control over the executable or argument structure.,pre_commit/commands/hook_impl.py:150-182,true,,,,FALSE_POSITIVE,Independent annotators agreed; original rationales are preserved in the annotator rationale fields.,pre_commit/commands/hook_impl.py:150-182; pre_commit/commands/hook_impl.py:150-182,independent_agreement
GT-073,FND-001172,R074,dateutil/dateutil,48bd1af97e71baf8e96fce5b663d589caac8f147,subprocess-execution,CWE-78,src/dateutil/zoneinfo/rebuild.py,62,62,62,"    check_call([""zic""] + bloat_args + [""-d"", zonedir] + filepaths)",FALSE_POSITIVE,This call uses direct process execution; the dynamic pieces are paths or options supplied by the local caller and do not gain shell semantics. The invoked tool is `zic`. The frozen call path does not establish attacker control over the executable or argument structure.,src/dateutil/zoneinfo/rebuild.py:48-80,FALSE_POSITIVE,"The process is launched without shell command-string interpretation, so variable values remain separate process arguments. The invoked tool is `zic`. The frozen call path does not establish attacker control over the executable or argument structure.",src/dateutil/zoneinfo/rebuild.py:48-80,true,,,,FALSE_POSITIVE,Independent annotators agreed; original rationales are preserved in the annotator rationale fields.,src/dateutil/zoneinfo/rebuild.py:48-80; src/dateutil/zoneinfo/rebuild.py:48-80,independent_agreement
GT-074,FND-000874,R051,scikit-learn/scikit-learn,9bafc1c9cab99aa036aba8207125637c39fd22db,code-execution-exec,CWE-78,sklearn/externals/array_api_compat/_internal.py,64,64,64,"    exec(f""from {mod.__name__} import *"", objs)",FALSE_POSITIVE,The module has already been imported and clone_module uses its resolved module name to mirror a normal from-module import. The name is not request-controlled code text.,sklearn/externals/array_api_compat/_internal.py:50-82,FALSE_POSITIVE,The module has already been imported and clone_module uses its resolved module name to mirror a normal from-module import. The name is not request-controlled code text.,sklearn/externals/array_api_compat/_internal.py:50-82,true,,,,FALSE_POSITIVE,Independent annotators agreed; original rationales are preserved in the annotator rationale fields.,sklearn/externals/array_api_compat/_internal.py:50-82; sklearn/externals/array_api_compat/_internal.py:50-82,independent_agreement
GT-075,FND-001016,R059,scrapy/scrapy,9344d60dd1ca211d7ca43ff9f37ac20473b28d88,code-execution-eval,CWE-78,scrapy/utils/engine.py,35,35,35,"            checks += [(test, eval(test))]  # noqa: S307",FALSE_POSITIVE,"The expressions being evaluated come from a fixed hard-coded list of Scrapy engine-status checks, not from request or configuration input.",scrapy/utils/engine.py:17-59,FALSE_POSITIVE,"The expressions being evaluated come from a fixed hard-coded list of Scrapy engine-status checks, not from request or configuration input.",scrapy/utils/engine.py:17-59,true,,,,FALSE_POSITIVE,Independent annotators agreed; original rationales are preserved in the annotator rationale fields.,scrapy/utils/engine.py:17-59; scrapy/utils/engine.py:17-59,independent_agreement
GT-076,FND-000387,R021,tox-dev/tox,6485a013e46b3cfe8f43002f6aa80e6e390efbfe,subprocess-execution,CWE-78,src/tox/tox_env/python/virtual_env/subprocess_adapter.py,220,220,220,"        result = subprocess.run([str(pip), ""install"", virtualenv_spec], capture_output=True, text=True, check=False)",FALSE_POSITIVE,This call uses direct process execution; the dynamic pieces are paths or options supplied by the local caller and do not gain shell semantics. The frozen call path does not establish attacker control over the executable or argument structure.,src/tox/tox_env/python/virtual_env/subprocess_adapter.py:206-238,FALSE_POSITIVE,"The process is launched without shell command-string interpretation, so variable values remain separate process arguments. The frozen call path does not establish attacker control over the executable or argument structure.",src/tox/tox_env/python/virtual_env/subprocess_adapter.py:206-238,true,,,,FALSE_POSITIVE,Independent annotators agreed; original rationales are preserved in the annotator rationale fields.,src/tox/tox_env/python/virtual_env/subprocess_adapter.py:206-238; src/tox/tox_env/python/virtual_env/subprocess_adapter.py:206-238,independent_agreement
GT-077,FND-000913,R053,numpy/numpy,43a7a41747f860a09f2c5b9a2fe5a97c7f5f8004,code-execution-eval,CWE-78,numpy/f2py/auxfuncs.py,662,662,662,"    return eval(f""{l1}:{' or '.join(l2)}"")",FALSE_POSITIVE,The lambda source is generated only from the number of locally supplied function objects and fixed variable names such as f0 and f1; user text is not inserted into the expression.,numpy/f2py/auxfuncs.py:644-686,FALSE_POSITIVE,The lambda source is generated only from the number of locally supplied function objects and fixed variable names such as f0 and f1; user text is not inserted into the expression.,numpy/f2py/auxfuncs.py:644-686,true,,,,FALSE_POSITIVE,Independent annotators agreed; original rationales are preserved in the annotator rationale fields.,numpy/f2py/auxfuncs.py:644-686; numpy/f2py/auxfuncs.py:644-686,independent_agreement
GT-078,FND-000366,R020,pytest-dev/pytest,431f3e1f5fd70b9b0f8afa2d20a10421542e5c6a,subprocess-execution,CWE-78,scripts/release.py,82,85,82,"    check_call(
        [""tox"", ""-e"", ""regen""],
        env={**os.environ, ""SETUPTOOLS_SCM_PRETEND_VERSION_FOR_PYTEST"": version},
    )",FALSE_POSITIVE,"The call is part of repository maintenance or packaging automation, where the command and variable arguments come from local project or configuration state. The invoked tool is `tox`. No remote or less-trusted value is shown controlling command structure at this sink.",scripts/release.py:68-103,FALSE_POSITIVE,This process launch is in developer or CI tooling rather than an exposed application request path. The invoked tool is `tox`. No remote or less-trusted value is shown controlling command structure at this sink.,scripts/release.py:68-103,true,,,,FALSE_POSITIVE,Independent annotators agreed; original rationales are preserved in the annotator rationale fields.,scripts/release.py:68-103; scripts/release.py:68-103,independent_agreement
GT-079,FND-000977,R058,pypa/setuptools,7d531288b7c8708d4cc186213da93eaf5d11833d,subprocess-execution,CWE-78,setuptools/_distutils/compilers/C/cygwin.py,341,341,341,    out_string = subprocess.check_output(shlex.split(cc) + ['-dumpmachine']),FALSE_POSITIVE,This process launch is in developer or CI tooling rather than an exposed application request path. No remote or less-trusted value is shown controlling command structure at this sink.,setuptools/_distutils/compilers/C/cygwin.py:327-359,FALSE_POSITIVE,"This is build, release, or maintenance tooling invoked by the local developer or CI environment. No remote or less-trusted value is shown controlling command structure at this sink.",setuptools/_distutils/compilers/C/cygwin.py:327-359,true,,,,FALSE_POSITIVE,Independent annotators agreed; original rationales are preserved in the annotator rationale fields.,setuptools/_distutils/compilers/C/cygwin.py:327-359; setuptools/_distutils/compilers/C/cygwin.py:327-359,independent_agreement
GT-080,FND-001222,R091,simonw/datasette,bdc973174096cae350ddaa733a10ed8b3ffd970b,subprocess-shell-true,CWE-78,datasette/publish/cloudrun.py,125,127,125,"        project = check_output(
            ""gcloud config get-value project"", shell=True, universal_newlines=True
        ).strip()",FALSE_POSITIVE,The command string is a fixed `gcloud config get-value project` invocation used by the local publishing CLI. It contains no attacker-controlled interpolation despite shell=True.,datasette/publish/cloudrun.py:111-145,FALSE_POSITIVE,The command string is a fixed `gcloud config get-value project` invocation used by the local publishing CLI. It contains no attacker-controlled interpolation despite shell=True.,datasette/publish/cloudrun.py:111-145,true,,,,FALSE_POSITIVE,Independent annotators agreed; original rationales are preserved in the annotator rationale fields.,datasette/publish/cloudrun.py:111-145; datasette/publish/cloudrun.py:111-145,independent_agreement
GT-081,FND-001043,R064,twisted/twisted,ac919a6d1b2f91b7dea806bacfae99abab5291d4,code-execution-exec,CWE-78,src/twisted/conch/recvline.py,90,90,90,        exec(execStr),FALSE_POSITIVE,Twisted generates assignments from a fixed tuple of terminal key identifiers and method names defined in the source file. No external string is incorporated.,src/twisted/conch/recvline.py:76-108,FALSE_POSITIVE,Twisted generates assignments from a fixed tuple of terminal key identifiers and method names defined in the source file. No external string is incorporated.,src/twisted/conch/recvline.py:76-108,true,,,,FALSE_POSITIVE,Independent annotators agreed; original rationales are preserved in the annotator rationale fields.,src/twisted/conch/recvline.py:76-108; src/twisted/conch/recvline.py:76-108,independent_agreement
GT-082,FND-000966,R057,pypa/virtualenv,2ef85af47fcae15625ca7ad6f77452d5c78fadb2,subprocess-execution,CWE-78,tasks/make_zipapp.py,252,258,252,"    process = subprocess.Popen(
        cmd,
        stdout=subprocess.PIPE,
        stderr=subprocess.PIPE,
        universal_newlines=True,
        encoding=""utf-8"",
    )",FALSE_POSITIVE,This process launch is in developer or CI tooling rather than an exposed application request path. The sink receives an already-constructed command or argv from its caller. No remote or less-trusted value is shown controlling command structure at this sink.,tasks/make_zipapp.py:238-276,FALSE_POSITIVE,"This is build, release, or maintenance tooling invoked by the local developer or CI environment. The sink receives an already-constructed command or argv from its caller. No remote or less-trusted value is shown controlling command structure at this sink.",tasks/make_zipapp.py:238-276,true,,,,FALSE_POSITIVE,Independent annotators agreed; original rationales are preserved in the annotator rationale fields.,tasks/make_zipapp.py:238-276; tasks/make_zipapp.py:238-276,independent_agreement
GT-083,FND-000019,R001,tiangolo/fastapi,50113da16fec53b66b80d75e80a89296de4fa5a5,subprocess-execution,CWE-78,scripts/sponsors.py,200,200,200,"    subprocess.run([""git"", ""checkout"", ""-b"", branch_name], check=True)",FALSE_POSITIVE,"This is build, release, or maintenance tooling invoked by the local developer or CI environment. The invoked tool is `git`. No remote or less-trusted value is shown controlling command structure at this sink.",scripts/sponsors.py:186-218,FALSE_POSITIVE,"The call is part of repository maintenance or packaging automation, where the command and variable arguments come from local project or configuration state. The invoked tool is `git`. No remote or less-trusted value is shown controlling command structure at this sink.",scripts/sponsors.py:186-218,true,,,,FALSE_POSITIVE,Independent annotators agreed; original rationales are preserved in the annotator rationale fields.,scripts/sponsors.py:186-218; scripts/sponsors.py:186-218,independent_agreement
GT-084,FND-000472,R033,sqlalchemy/sqlalchemy,de83fa72d787136785624fd8981e1d71e9f427ab,code-execution-eval,CWE-78,lib/sqlalchemy/util/typing.py,267,267,267,"            annotation = eval(expression, base_globals, locals_)",FALSE_POSITIVE,"SQLAlchemy evaluates developer-authored type annotation strings in the module and class namespace as part of annotation resolution. The source is application code metadata, not a request-controlled expression.",lib/sqlalchemy/util/typing.py:249-291,FALSE_POSITIVE,"SQLAlchemy evaluates developer-authored type annotation strings in the module and class namespace as part of annotation resolution. The source is application code metadata, not a request-controlled expression.",lib/sqlalchemy/util/typing.py:249-291,true,,,,FALSE_POSITIVE,Independent annotators agreed; original rationales are preserved in the annotator rationale fields.,lib/sqlalchemy/util/typing.py:249-291; lib/sqlalchemy/util/typing.py:249-291,independent_agreement
GT-085,FND-000518,R037,mongodb/mongo-python-driver,4dd73032d98146fd97bedfb8434bff2f458bc26f,subprocess-execution,CWE-78,pymongo/daemon.py,98,104,98,"                return subprocess.Popen(  # noqa: S603
                    args,
                    close_fds=True,
                    stdin=devnull,
                    stderr=devnull,
                    stdout=devnull,
                )",FALSE_POSITIVE,This call uses direct process execution; the dynamic pieces are paths or options supplied by the local caller and do not gain shell semantics. The sink receives an already-constructed command or argv from its caller. The frozen call path does not establish attacker control over the executable or argument structure.,pymongo/daemon.py:84-122,FALSE_POSITIVE,"The process is launched without shell command-string interpretation, so variable values remain separate process arguments. The sink receives an already-constructed command or argv from its caller. The frozen call path does not establish attacker control over the executable or argument structure.",pymongo/daemon.py:84-122,true,,,,FALSE_POSITIVE,Independent annotators agreed; original rationales are preserved in the annotator rationale fields.,pymongo/daemon.py:84-122; pymongo/daemon.py:84-122,independent_agreement
GT-086,FND-000321,R016,certbot/certbot,56ee04928d677d82c6a375a7c7b48e8ce13bb6bc,subprocess-execution,CWE-78,tools/venv.py,101,103,101,"            return subprocess.check_output(['py', env_arg, '-c',
                                            'import sys; sys.stdout.write(sys.executable);'],
                                           universal_newlines=True)",FALSE_POSITIVE,"This is build, release, or maintenance tooling invoked by the local developer or CI environment. The invoked tool is `py`. No remote or less-trusted value is shown controlling command structure at this sink.",tools/venv.py:87-121,FALSE_POSITIVE,"The call is part of repository maintenance or packaging automation, where the command and variable arguments come from local project or configuration state. The invoked tool is `py`. No remote or less-trusted value is shown controlling command structure at this sink.",tools/venv.py:87-121,true,,,,FALSE_POSITIVE,Independent annotators agreed; original rationales are preserved in the annotator rationale fields.,tools/venv.py:87-121; tools/venv.py:87-121,independent_agreement
GT-087,FND-000376,R020,pytest-dev/pytest,431f3e1f5fd70b9b0f8afa2d20a10421542e5c6a,code-execution-eval,CWE-78,src/_pytest/mark/expression.py,363,363,363,"        return bool(eval(self._code, {""__builtins__"": {}}, MatcherAdapter(matcher)))",FALSE_POSITIVE,Pytest first parses the match expression into a restricted AST and evaluates the compiled code with __builtins__ removed and only a MatcherAdapter namespace. The restriction is applied before eval.,src/_pytest/mark/expression.py:345-387,FALSE_POSITIVE,Pytest first parses the match expression into a restricted AST and evaluates the compiled code with __builtins__ removed and only a MatcherAdapter namespace. The restriction is applied before eval.,src/_pytest/mark/expression.py:345-387,true,,,,FALSE_POSITIVE,Independent annotators agreed; original rationales are preserved in the annotator rationale fields.,src/_pytest/mark/expression.py:345-387; src/_pytest/mark/expression.py:345-387,independent_agreement
GT-088,FND-000272,R016,certbot/certbot,56ee04928d677d82c6a375a7c7b48e8ce13bb6bc,subprocess-execution,CWE-78,certbot-ci/src/certbot_integration_tests/utils/dns_server.py,90,107,90,"        self.process = subprocess.Popen(
            [
                ""docker"",
                ""run"",
                ""--rm"",
                ""-p"",
                ""{}:53/udp"".format(addr_str),
                ""-p"",
                ""{}:53/tcp"".format(addr_str),
                ""-v"",
                ""{}/conf:/etc/bind"".format(self.bind_root),
                ""-v"",
                ""{}/zones:/var/lib/bind"".format(self.bind_root),
                BIND_DOCKER_IMAGE,
            ],
            stdout=self._output,
            stderr=self._output,
        )",FALSE_POSITIVE,This call belongs to the project's tests and runs tooling or fixtures selected by the test itself. The invoked tool is `docker`. The frozen path does not show attacker-controlled data changing the executable or command parsing.,certbot-ci/src/certbot_integration_tests/utils/dns_server.py:76-125,FALSE_POSITIVE,This subprocess is exercised from test or integration code and launches a test-controlled command or fixture. The invoked tool is `docker`. The frozen path does not show attacker-controlled data changing the executable or command parsing.,certbot-ci/src/certbot_integration_tests/utils/dns_server.py:76-125,true,,,,FALSE_POSITIVE,Independent annotators agreed; original rationales are preserved in the annotator rationale fields.,certbot-ci/src/certbot_integration_tests/utils/dns_server.py:76-125; certbot-ci/src/certbot_integration_tests/utils/dns_server.py:76-125,independent_agreement
GT-089,FND-000399,R022,psf/black,20622e1259c29bda81831962ace1348ba1921c84,code-execution-eval,CWE-78,src/blib2to3/pgen2/conv.py,186,186,186,            rawbitset = eval(mo.group(1)),FALSE_POSITIVE,"Black evaluates a token that has already matched the parser generator's strict quoted-string format. The input is grammar-table syntax, not arbitrary Python source.",src/blib2to3/pgen2/conv.py:168-210,FALSE_POSITIVE,"Black evaluates a token that has already matched the parser generator's strict quoted-string format. The input is grammar-table syntax, not arbitrary Python source.",src/blib2to3/pgen2/conv.py:168-210,true,,,,FALSE_POSITIVE,Independent annotators agreed; original rationales are preserved in the annotator rationale fields.,src/blib2to3/pgen2/conv.py:168-210; src/blib2to3/pgen2/conv.py:168-210,independent_agreement
GT-090,FND-000393,R022,psf/black,20622e1259c29bda81831962ace1348ba1921c84,subprocess-execution,CWE-78,action/main.py,159,165,159,"pip_proc = run(
    [str(ENV_BIN / ""python""), ""-m"", ""pip"", ""install"", req],
    stdout=PIPE,
    stderr=STDOUT,
    encoding=""utf-8"",
    cwd=ACTION_PATH,
)",FALSE_POSITIVE,The surrounding code passes an argument vector to the child process rather than concatenating request data into shell syntax. The frozen call path does not establish attacker control over the executable or argument structure.,action/main.py:145-183,FALSE_POSITIVE,This call uses direct process execution; the dynamic pieces are paths or options supplied by the local caller and do not gain shell semantics. The frozen call path does not establish attacker control over the executable or argument structure.,action/main.py:145-183,true,,,,FALSE_POSITIVE,Independent annotators agreed; original rationales are preserved in the annotator rationale fields.,action/main.py:145-183; action/main.py:145-183,independent_agreement
GT-091,FND-000551,R040,celery/celery,07ee451b5313b520ed4f57cfe93d35ac81d0548c,subprocess-execution,CWE-78,t/integration/test_worker.py,15,17,15,"        subprocess.check_output(
            [""celery"", ""--config"", ""t.integration.worker_config"", ""worker""],
            stderr=subprocess.STDOUT)",FALSE_POSITIVE,This call belongs to the project's tests and runs tooling or fixtures selected by the test itself. The invoked tool is `celery`. The frozen path does not show attacker-controlled data changing the executable or command parsing.,t/integration/test_worker.py:1-35,FALSE_POSITIVE,This subprocess is exercised from test or integration code and launches a test-controlled command or fixture. The invoked tool is `celery`. The frozen path does not show attacker-controlled data changing the executable or command parsing.,t/integration/test_worker.py:1-35,true,,,,FALSE_POSITIVE,Independent annotators agreed; original rationales are preserved in the annotator rationale fields.,t/integration/test_worker.py:1-35; t/integration/test_worker.py:1-35,independent_agreement
GT-092,FND-000823,R046,Gallopsled/pwntools,1429a134ecf88eb9af70e05bf6c912f45dfde224,code-execution-exec,CWE-78,travis/coverage_chdir.py,12,12,12,"exec(code, globals())",FALSE_POSITIVE,"This Travis or coverage helper compiles and executes the local test file it was invoked to run. The file path is part of the test harness, not a remote input.",travis/coverage_chdir.py:1-30,FALSE_POSITIVE,"This Travis or coverage helper compiles and executes the local test file it was invoked to run. The file path is part of the test harness, not a remote input.",travis/coverage_chdir.py:1-30,true,,,,FALSE_POSITIVE,Independent annotators agreed; original rationales are preserved in the annotator rationale fields.,travis/coverage_chdir.py:1-30; travis/coverage_chdir.py:1-30,independent_agreement
GT-093,FND-000135,R003,django/django,9193cb54550727a02fd55dab1b430597a9aa4297,subprocess-execution,CWE-78,scripts/archive_eol_stable_branches.py,18,20,18,"            result = subprocess.check_output(
                cmd, cwd=cwd, env=environ, stderr=subprocess.STDOUT
            )",FALSE_POSITIVE,"The call is part of repository maintenance or packaging automation, where the command and variable arguments come from local project or configuration state. The sink receives an already-constructed command or argv from its caller. No remote or less-trusted value is shown controlling command structure at this sink.",scripts/archive_eol_stable_branches.py:4-38,FALSE_POSITIVE,This process launch is in developer or CI tooling rather than an exposed application request path. The sink receives an already-constructed command or argv from its caller. No remote or less-trusted value is shown controlling command structure at this sink.,scripts/archive_eol_stable_branches.py:4-38,true,,,,FALSE_POSITIVE,Independent annotators agreed; original rationales are preserved in the annotator rationale fields.,scripts/archive_eol_stable_branches.py:4-38; scripts/archive_eol_stable_branches.py:4-38,independent_agreement
GT-094,FND-000359,R020,pytest-dev/pytest,431f3e1f5fd70b9b0f8afa2d20a10421542e5c6a,subprocess-execution,CWE-78,scripts/prepare-release-pr.py,122,125,122,"    run(
        [""git"", ""push"", ""origin"", f""HEAD:{release_branch}"", ""--force""],
        check=True,
    )",FALSE_POSITIVE,This process launch is in developer or CI tooling rather than an exposed application request path. The invoked tool is `git`. No remote or less-trusted value is shown controlling command structure at this sink.,scripts/prepare-release-pr.py:108-143,FALSE_POSITIVE,"This is build, release, or maintenance tooling invoked by the local developer or CI environment. The invoked tool is `git`. No remote or less-trusted value is shown controlling command structure at this sink.",scripts/prepare-release-pr.py:108-143,true,,,,FALSE_POSITIVE,Independent annotators agreed; original rationales are preserved in the annotator rationale fields.,scripts/prepare-release-pr.py:108-143; scripts/prepare-release-pr.py:108-143,independent_agreement
GT-095,FND-000973,R058,pypa/setuptools,7d531288b7c8708d4cc186213da93eaf5d11833d,subprocess-execution,CWE-78,exercises.py,6,6,6,"    subprocess.check_call([sys.executable, '-c', 'pass'])",FALSE_POSITIVE,"The process is launched without shell command-string interpretation, so variable values remain separate process arguments. The frozen call path does not establish attacker control over the executable or argument structure.",exercises.py:1-24,FALSE_POSITIVE,The surrounding code passes an argument vector to the child process rather than concatenating request data into shell syntax. The frozen call path does not establish attacker control over the executable or argument structure.,exercises.py:1-24,true,,,,FALSE_POSITIVE,Independent annotators agreed; original rationales are preserved in the annotator rationale fields.,exercises.py:1-24; exercises.py:1-24,independent_agreement
GT-096,FND-000843,R050,pypa/pip,ee09c40be785948a56b6321f336901b4e6f39ab2,subprocess-execution,CWE-78,src/pip/_internal/network/auth.py,171,176,171,"        subprocess.run(
            [self.keyring, ""set"", service_name, username],
            input=f""{password}{os.linesep}"".encode(),
            env=env,
            check=True,
        )",FALSE_POSITIVE,The surrounding code passes an argument vector to the child process rather than concatenating request data into shell syntax. The frozen call path does not establish attacker control over the executable or argument structure.,src/pip/_internal/network/auth.py:157-194,FALSE_POSITIVE,This call uses direct process execution; the dynamic pieces are paths or options supplied by the local caller and do not gain shell semantics. The frozen call path does not establish attacker control over the executable or argument structure.,src/pip/_internal/network/auth.py:157-194,true,,,,FALSE_POSITIVE,Independent annotators agreed; original rationales are preserved in the annotator rationale fields.,src/pip/_internal/network/auth.py:157-194; src/pip/_internal/network/auth.py:157-194,independent_agreement
GT-097,FND-000685,R045,sqlmapproject/sqlmap,1ee368f78a73ccc1c193af32d4e70c1244be5865,subprocess-shell-true,CWE-78,lib/core/update.py,138,138,138,"            process = subprocess.Popen(""git checkout . && git pull %s HEAD"" % GIT_REPOSITORY, shell=True, stdout=subprocess.PIPE, stderr=subprocess.STDOUT, cwd=paths.SQLMAP_ROOT_PATH)",FALSE_POSITIVE,The updater executes a fixed git checkout and pull command with the repository constant. No scanned-target or request value is inserted into the shell string.,lib/core/update.py:124-156,FALSE_POSITIVE,The updater executes a fixed git checkout and pull command with the repository constant. No scanned-target or request value is inserted into the shell string.,lib/core/update.py:124-156,true,,,,FALSE_POSITIVE,Independent annotators agreed; original rationales are preserved in the annotator rationale fields.,lib/core/update.py:124-156; lib/core/update.py:124-156,independent_agreement
GT-098,FND-001166,R072,hypothesisworks/hypothesis,a8dcd7422a325926693b5464f73349e361562b7c,subprocess-execution,CWE-78,whole_repo_tests/types/test_mypy.py,45,56,45,"    proc = subprocess.run(
        [
            tool_path(""mypy""),
            ""--cache-dir"",
            f"".mypy_caches/{worker_id}"",
            *extra_args,
            str(fname),
        ],
        encoding=""utf-8"",
        capture_output=True,
        text=True,
    )",FALSE_POSITIVE,This subprocess is exercised from test or integration code and launches a test-controlled command or fixture. The frozen path does not show attacker-controlled data changing the executable or command parsing.,whole_repo_tests/types/test_mypy.py:31-74,FALSE_POSITIVE,The finding is in the test harness; the process arguments are constructed by the test rather than from an application request. The frozen path does not show attacker-controlled data changing the executable or command parsing.,whole_repo_tests/types/test_mypy.py:31-74,true,,,,FALSE_POSITIVE,Independent annotators agreed; original rationales are preserved in the annotator rationale fields.,whole_repo_tests/types/test_mypy.py:31-74; whole_repo_tests/types/test_mypy.py:31-74,independent_agreement
GT-099,FND-000354,R020,pytest-dev/pytest,431f3e1f5fd70b9b0f8afa2d20a10421542e5c6a,subprocess-execution,CWE-78,scripts/prepare-release-pr.py,59,59,59,"    check_call([""git"", ""checkout"", f""origin/{base_branch}""])",FALSE_POSITIVE,"The call is part of repository maintenance or packaging automation, where the command and variable arguments come from local project or configuration state. The invoked tool is `git`. No remote or less-trusted value is shown controlling command structure at this sink.",scripts/prepare-release-pr.py:45-77,FALSE_POSITIVE,This process launch is in developer or CI tooling rather than an exposed application request path. The invoked tool is `git`. No remote or less-trusted value is shown controlling command structure at this sink.,scripts/prepare-release-pr.py:45-77,true,,,,FALSE_POSITIVE,Independent annotators agreed; original rationales are preserved in the annotator rationale fields.,scripts/prepare-release-pr.py:45-77; scripts/prepare-release-pr.py:45-77,independent_agreement
GT-100,FND-001233,R091,simonw/datasette,bdc973174096cae350ddaa733a10ed8b3ffd970b,subprocess-execution,CWE-78,datasette/publish/heroku.py,151,151,151,"                call([""heroku"", ""config:set"", ""-a"", app_name, f""{key}={value}""])",FALSE_POSITIVE,This call uses direct process execution; the dynamic pieces are paths or options supplied by the local caller and do not gain shell semantics. The invoked tool is `heroku`. The frozen call path does not establish attacker control over the executable or argument structure.,datasette/publish/heroku.py:137-169,FALSE_POSITIVE,"The process is launched without shell command-string interpretation, so variable values remain separate process arguments. The invoked tool is `heroku`. The frozen call path does not establish attacker control over the executable or argument structure.",datasette/publish/heroku.py:137-169,true,,,,FALSE_POSITIVE,Independent annotators agreed; original rationales are preserved in the annotator rationale fields.,datasette/publish/heroku.py:137-169; datasette/publish/heroku.py:137-169,independent_agreement
GT-101,FND-000332,R017,pallets/click,6aabf099bfdd4c1e75fe8d0e0d4241372b988ab1,subprocess-execution,CWE-78,src/click/_termui_impl.py,856,856,856,"        c = subprocess.Popen([""xdg-open"", url])",FALSE_POSITIVE,"The process is launched without shell command-string interpretation, so variable values remain separate process arguments. The invoked tool is `xdg-open`. The frozen call path does not establish attacker control over the executable or argument structure.",src/click/_termui_impl.py:842-874,FALSE_POSITIVE,The surrounding code passes an argument vector to the child process rather than concatenating request data into shell syntax. The invoked tool is `xdg-open`. The frozen call path does not establish attacker control over the executable or argument structure.,src/click/_termui_impl.py:842-874,true,,,,FALSE_POSITIVE,Independent annotators agreed; original rationales are preserved in the annotator rationale fields.,src/click/_termui_impl.py:842-874; src/click/_termui_impl.py:842-874,independent_agreement
GT-102,FND-000908,R053,numpy/numpy,43a7a41747f860a09f2c5b9a2fe5a97c7f5f8004,code-execution-eval,CWE-78,numpy/_build_utils/tempita/_tempita.py,320,320,320,"                value = eval(code, self.default_namespace, ns)",FALSE_POSITIVE,Tempita evaluates template expressions as part of its build-time templating engine. In this vendored use the templates are project or build inputs; the finding does not show an untrusted runtime source crossing into eval.,numpy/_build_utils/tempita/_tempita.py:302-344,FALSE_POSITIVE,Tempita evaluates template expressions as part of its build-time templating engine. In this vendored use the templates are project or build inputs; the finding does not show an untrusted runtime source crossing into eval.,numpy/_build_utils/tempita/_tempita.py:302-344,true,,,,FALSE_POSITIVE,Independent annotators agreed; original rationales are preserved in the annotator rationale fields.,numpy/_build_utils/tempita/_tempita.py:302-344; numpy/_build_utils/tempita/_tempita.py:302-344,independent_agreement
GT-103,FND-000421,R025,pydantic/pydantic,c23cb86ef197693fc016437614f174252a3d189a,subprocess-execution,CWE-78,.github/actions/people/people.py,773,773,773,"    subprocess.run(['git', 'push', 'origin', branch_name], check=True)",FALSE_POSITIVE,This process launch is in developer or CI tooling rather than an exposed application request path. The invoked tool is `git`. No remote or less-trusted value is shown controlling command structure at this sink.,.github/actions/people/people.py:759-791,FALSE_POSITIVE,"This is build, release, or maintenance tooling invoked by the local developer or CI environment. The invoked tool is `git`. No remote or less-trusted value is shown controlling command structure at this sink.",.github/actions/people/people.py:759-791,true,,,,FALSE_POSITIVE,Independent annotators agreed; original rationales are preserved in the annotator rationale fields.,.github/actions/people/people.py:759-791; .github/actions/people/people.py:759-791,independent_agreement
GT-104,FND-000325,R016,certbot/certbot,56ee04928d677d82c6a375a7c7b48e8ce13bb6bc,subprocess-shell-true,CWE-78,tools/venv.py,137,137,137,"    return subprocess.check_output(cmd, env=env, shell=shell)",FALSE_POSITIVE,"This helper can pass a command to subprocess with shell mode, but the frozen repository does not show an exposed caller feeding attacker-controlled text to it. Its use is local Certbot development or venv tooling rather than a request-processing path.",tools/venv.py:123-155,FALSE_POSITIVE,"This helper can pass a command to subprocess with shell mode, but the frozen repository does not show an exposed caller feeding attacker-controlled text to it. Its use is local Certbot development or venv tooling rather than a request-processing path.",tools/venv.py:123-155,true,,,,FALSE_POSITIVE,Independent annotators agreed; original rationales are preserved in the annotator rationale fields.,tools/venv.py:123-155; tools/venv.py:123-155,independent_agreement
GT-105,FND-000728,R045,sqlmapproject/sqlmap,1ee368f78a73ccc1c193af32d4e70c1244be5865,subprocess-execution,CWE-78,lib/utils/library.py,148,148,148,"        process = subprocess.Popen(argv, **kwargs)",FALSE_POSITIVE,The surrounding code passes an argument vector to the child process rather than concatenating request data into shell syntax. The frozen call path does not establish attacker control over the executable or argument structure.,lib/utils/library.py:134-166,FALSE_POSITIVE,This call uses direct process execution; the dynamic pieces are paths or options supplied by the local caller and do not gain shell semantics. The frozen call path does not establish attacker control over the executable or argument structure.,lib/utils/library.py:134-166,true,,,,FALSE_POSITIVE,Independent annotators agreed; original rationales are preserved in the annotator rationale fields.,lib/utils/library.py:134-166; lib/utils/library.py:134-166,independent_agreement
GT-106,FND-001141,R072,hypothesisworks/hypothesis,a8dcd7422a325926693b5464f73349e361562b7c,subprocess-execution,CWE-78,tooling/src/hypothesistooling/__main__.py,1143,1143,1143,"    subprocess.check_call([sys.executable, ""-m"", ""pytest"", *args])",FALSE_POSITIVE,This call uses direct process execution; the dynamic pieces are paths or options supplied by the local caller and do not gain shell semantics. The sink receives an already-constructed command or argv from its caller. The frozen call path does not establish attacker control over the executable or argument structure.,tooling/src/hypothesistooling/__main__.py:1129-1161,FALSE_POSITIVE,"The process is launched without shell command-string interpretation, so variable values remain separate process arguments. The sink receives an already-constructed command or argv from its caller. The frozen call path does not establish attacker control over the executable or argument structure.",tooling/src/hypothesistooling/__main__.py:1129-1161,true,,,,FALSE_POSITIVE,Independent annotators agreed; original rationales are preserved in the annotator rationale fields.,tooling/src/hypothesistooling/__main__.py:1129-1161; tooling/src/hypothesistooling/__main__.py:1129-1161,independent_agreement
GT-107,FND-000729,R045,sqlmapproject/sqlmap,1ee368f78a73ccc1c193af32d4e70c1244be5865,subprocess-execution,CWE-78,lib/utils/tui.py,728,736,728,"            process = subprocess.Popen(
                [sys.executable or ""python"", os.path.join(paths.SQLMAP_ROOT_PATH, ""sqlmap.py""), ""-c"", configFile],
                shell=False,
                stdout=subprocess.PIPE,
                stderr=subprocess.STDOUT,
                stdin=subprocess.PIPE,
                bufsize=1,
                close_fds=not IS_WIN
            )",FALSE_POSITIVE,"The process is launched without shell command-string interpretation, so variable values remain separate process arguments. The frozen call path does not establish attacker control over the executable or argument structure.",lib/utils/tui.py:714-754,FALSE_POSITIVE,The surrounding code passes an argument vector to the child process rather than concatenating request data into shell syntax. The frozen call path does not establish attacker control over the executable or argument structure.,lib/utils/tui.py:714-754,true,,,,FALSE_POSITIVE,Independent annotators agreed; original rationales are preserved in the annotator rationale fields.,lib/utils/tui.py:714-754; lib/utils/tui.py:714-754,independent_agreement
GT-108,FND-000506,R037,mongodb/mongo-python-driver,4dd73032d98146fd97bedfb8434bff2f458bc26f,subprocess-execution,CWE-78,.evergreen/scripts/resync-all-specs.py,49,60,49,"                subprocess.run(  # noqa: S603
                    [  # noqa: S607
                        ""git"",
                        ""apply"",
                        ""-R"",
                        ""--allow-empty"",
                        ""--whitespace=fix"",
                        str(patch),
                    ],
                    check=True,
                    stderr=subprocess.PIPE,
                )",FALSE_POSITIVE,"The call is part of repository maintenance or packaging automation, where the command and variable arguments come from local project or configuration state. No remote or less-trusted value is shown controlling command structure at this sink.",.evergreen/scripts/resync-all-specs.py:35-78,FALSE_POSITIVE,This process launch is in developer or CI tooling rather than an exposed application request path. No remote or less-trusted value is shown controlling command structure at this sink.,.evergreen/scripts/resync-all-specs.py:35-78,true,,,,FALSE_POSITIVE,Independent annotators agreed; original rationales are preserved in the annotator rationale fields.,.evergreen/scripts/resync-all-specs.py:35-78; .evergreen/scripts/resync-all-specs.py:35-78,independent_agreement
GT-109,FND-000412,R024,pre-commit/pre-commit,a9bba55a3f74068b53f4bd4d831d7e05e34eae6c,subprocess-execution,CWE-78,pre_commit/commands/run.py,317,320,317,"        subprocess.call((
            'git', '--no-pager', 'diff', '--no-ext-diff',
            f'--color={git_color_opt}',
        ))",FALSE_POSITIVE,This call uses direct process execution; the dynamic pieces are paths or options supplied by the local caller and do not gain shell semantics. The frozen call path does not establish attacker control over the executable or argument structure.,pre_commit/commands/run.py:303-338,FALSE_POSITIVE,"The process is launched without shell command-string interpretation, so variable values remain separate process arguments. The frozen call path does not establish attacker control over the executable or argument structure.",pre_commit/commands/run.py:303-338,true,,,,FALSE_POSITIVE,Independent annotators agreed; original rationales are preserved in the annotator rationale fields.,pre_commit/commands/run.py:303-338; pre_commit/commands/run.py:303-338,independent_agreement
GT-110,FND-000462,R033,sqlalchemy/sqlalchemy,de83fa72d787136785624fd8981e1d71e9f427ab,code-execution-eval,CWE-78,lib/sqlalchemy/orm/clsregistry.py,592,592,592,"                x = eval(self.arg, globals(), self._dict)",FALSE_POSITIVE,The evaluated relationship expression is ORM mapping configuration supplied by application developers. It resolves model and class names from SQLAlchemy's registry rather than executing request data.,lib/sqlalchemy/orm/clsregistry.py:574-616,FALSE_POSITIVE,The evaluated relationship expression is ORM mapping configuration supplied by application developers. It resolves model and class names from SQLAlchemy's registry rather than executing request data.,lib/sqlalchemy/orm/clsregistry.py:574-616,true,,,,FALSE_POSITIVE,Independent annotators agreed; original rationales are preserved in the annotator rationale fields.,lib/sqlalchemy/orm/clsregistry.py:574-616; lib/sqlalchemy/orm/clsregistry.py:574-616,independent_agreement
GT-111,FND-000157,R006,aio-libs/aiohttp,a5fba5b4d3ce962db5f4c40865fdb270170d7840,subprocess-execution,CWE-78,tools/cleanup_changes.py,38,38,38,"                subprocess.run([""git"", ""rm"", fname])",FALSE_POSITIVE,"The call is part of repository maintenance or packaging automation, where the command and variable arguments come from local project or configuration state. The invoked tool is `git`. No remote or less-trusted value is shown controlling command structure at this sink.",tools/cleanup_changes.py:24-56,FALSE_POSITIVE,This process launch is in developer or CI tooling rather than an exposed application request path. The invoked tool is `git`. No remote or less-trusted value is shown controlling command structure at this sink.,tools/cleanup_changes.py:24-56,true,,,,FALSE_POSITIVE,Independent annotators agreed; original rationales are preserved in the annotator rationale fields.,tools/cleanup_changes.py:24-56; tools/cleanup_changes.py:24-56,independent_agreement
GT-112,FND-000512,R037,mongodb/mongo-python-driver,4dd73032d98146fd97bedfb8434bff2f458bc26f,subprocess-execution,CWE-78,.evergreen/scripts/utils.py,305,305,305,"        subprocess.run(shlex.split(cmd), **kwargs)  # noqa: PLW1510, S603",FALSE_POSITIVE,This process launch is in developer or CI tooling rather than an exposed application request path. The sink receives an already-constructed command or argv from its caller. No remote or less-trusted value is shown controlling command structure at this sink.,.evergreen/scripts/utils.py:291-323,FALSE_POSITIVE,"This is build, release, or maintenance tooling invoked by the local developer or CI environment. The sink receives an already-constructed command or argv from its caller. No remote or less-trusted value is shown controlling command structure at this sink.",.evergreen/scripts/utils.py:291-323,true,,,,FALSE_POSITIVE,Independent annotators agreed; original rationales are preserved in the annotator rationale fields.,.evergreen/scripts/utils.py:291-323; .evergreen/scripts/utils.py:291-323,independent_agreement
GT-113,FND-001072,R064,twisted/twisted,ac919a6d1b2f91b7dea806bacfae99abab5291d4,code-execution-eval,CWE-78,src/twisted/web/script.py,93,93,93,"    eval(code, glob, glob)",FALSE_POSITIVE,The evaluated expression is generated from fixed or internal source data in this call path and is not shown to contain attacker-controlled Python code.,src/twisted/web/script.py:75-117,FALSE_POSITIVE,The evaluated expression is generated from fixed or internal source data in this call path and is not shown to contain attacker-controlled Python code.,src/twisted/web/script.py:75-117,true,,,,FALSE_POSITIVE,Independent annotators agreed; original rationales are preserved in the annotator rationale fields.,src/twisted/web/script.py:75-117; src/twisted/web/script.py:75-117,independent_agreement
GT-114,FND-000228,R013,ansible/ansible,3827d66bfbdc568f58cce57b113131598c46cd5a,subprocess-execution,CWE-78,lib/ansible/modules/mount_facts.py,265,265,265,"        lsblk_output = subprocess.check_output(cmd, text=True, timeout=module.params[""timeout""])",FALSE_POSITIVE,The surrounding code passes an argument vector to the child process rather than concatenating request data into shell syntax. The sink receives an already-constructed command or argv from its caller. The frozen call path does not establish attacker control over the executable or argument structure.,lib/ansible/modules/mount_facts.py:251-283,FALSE_POSITIVE,This call uses direct process execution; the dynamic pieces are paths or options supplied by the local caller and do not gain shell semantics. The sink receives an already-constructed command or argv from its caller. The frozen call path does not establish attacker control over the executable or argument structure.,lib/ansible/modules/mount_facts.py:251-283,true,,,,FALSE_POSITIVE,Independent annotators agreed; original rationales are preserved in the annotator rationale fields.,lib/ansible/modules/mount_facts.py:251-283; lib/ansible/modules/mount_facts.py:251-283,independent_agreement
GT-115,FND-000847,R050,pypa/pip,ee09c40be785948a56b6321f336901b4e6f39ab2,subprocess-execution,CWE-78,src/pip/_vendor/distlib/util.py,1785,1785,1785,"        p = subprocess.Popen(cmd, stdout=subprocess.PIPE, stderr=subprocess.PIPE, **kwargs)",FALSE_POSITIVE,This call uses direct process execution; the dynamic pieces are paths or options supplied by the local caller and do not gain shell semantics. The sink receives an already-constructed command or argv from its caller. The frozen call path does not establish attacker control over the executable or argument structure.,src/pip/_vendor/distlib/util.py:1771-1803,FALSE_POSITIVE,"The process is launched without shell command-string interpretation, so variable values remain separate process arguments. The sink receives an already-constructed command or argv from its caller. The frozen call path does not establish attacker control over the executable or argument structure.",src/pip/_vendor/distlib/util.py:1771-1803,true,,,,FALSE_POSITIVE,Independent annotators agreed; original rationales are preserved in the annotator rationale fields.,src/pip/_vendor/distlib/util.py:1771-1803; src/pip/_vendor/distlib/util.py:1771-1803,independent_agreement
GT-116,FND-001204,R091,simonw/datasette,bdc973174096cae350ddaa733a10ed8b3ffd970b,subprocess-execution,CWE-78,datasette/cli.py,306,306,306,        call(args),FALSE_POSITIVE,"The process is launched without shell command-string interpretation, so variable values remain separate process arguments. The sink receives an already-constructed command or argv from its caller. The frozen call path does not establish attacker control over the executable or argument structure.",datasette/cli.py:292-324,FALSE_POSITIVE,The surrounding code passes an argument vector to the child process rather than concatenating request data into shell syntax. The sink receives an already-constructed command or argv from its caller. The frozen call path does not establish attacker control over the executable or argument structure.,datasette/cli.py:292-324,true,,,,FALSE_POSITIVE,Independent annotators agreed; original rationales are preserved in the annotator rationale fields.,datasette/cli.py:292-324; datasette/cli.py:292-324,independent_agreement
GT-117,FND-000801,R046,Gallopsled/pwntools,1429a134ecf88eb9af70e05bf6c912f45dfde224,code-execution-exec,CWE-78,pwnlib/internal/dochelper.py,21,21,21,"            exec('\n'.join(self.content), globals())",FALSE_POSITIVE,ExecDirective intentionally executes Python embedded in project documentation during documentation generation. This is a trusted build-time directive rather than runtime execution of user content.,pwnlib/internal/dochelper.py:7-39,FALSE_POSITIVE,ExecDirective intentionally executes Python embedded in project documentation during documentation generation. This is a trusted build-time directive rather than runtime execution of user content.,pwnlib/internal/dochelper.py:7-39,true,,,,FALSE_POSITIVE,Independent annotators agreed; original rationales are preserved in the annotator rationale fields.,pwnlib/internal/dochelper.py:7-39; pwnlib/internal/dochelper.py:7-39,independent_agreement
GT-118,FND-000965,R057,pypa/virtualenv,2ef85af47fcae15625ca7ad6f77452d5c78fadb2,subprocess-execution,CWE-78,src/virtualenv/util/subprocess/__init__.py,27,34,27,"        process = subprocess.Popen(
            cmd,
            universal_newlines=True,
            stdin=subprocess.PIPE,
            stderr=subprocess.PIPE,
            stdout=subprocess.PIPE,
            encoding=""utf-8"",
        )",FALSE_POSITIVE,This call uses direct process execution; the dynamic pieces are paths or options supplied by the local caller and do not gain shell semantics. The sink receives an already-constructed command or argv from its caller. The frozen call path does not establish attacker control over the executable or argument structure.,src/virtualenv/util/subprocess/__init__.py:13-52,FALSE_POSITIVE,"The process is launched without shell command-string interpretation, so variable values remain separate process arguments. The sink receives an already-constructed command or argv from its caller. The frozen call path does not establish attacker control over the executable or argument structure.",src/virtualenv/util/subprocess/__init__.py:13-52,true,,,,FALSE_POSITIVE,Independent annotators agreed; original rationales are preserved in the annotator rationale fields.,src/virtualenv/util/subprocess/__init__.py:13-52; src/virtualenv/util/subprocess/__init__.py:13-52,independent_agreement
GT-119,FND-000004,R001,tiangolo/fastapi,50113da16fec53b66b80d75e80a89296de4fa5a5,subprocess-execution,CWE-78,scripts/docs.py,626,630,626,"        format_result = subprocess.run(
            [find_ruff_bin(), ""format"", ""-""],
            input=content_target.encode(""utf-8""),
            capture_output=True,
        )",FALSE_POSITIVE,"This is build, release, or maintenance tooling invoked by the local developer or CI environment. No remote or less-trusted value is shown controlling command structure at this sink.",scripts/docs.py:612-648,FALSE_POSITIVE,"The call is part of repository maintenance or packaging automation, where the command and variable arguments come from local project or configuration state. No remote or less-trusted value is shown controlling command structure at this sink.",scripts/docs.py:612-648,true,,,,FALSE_POSITIVE,Independent annotators agreed; original rationales are preserved in the annotator rationale fields.,scripts/docs.py:612-648; scripts/docs.py:612-648,independent_agreement
GT-120,FND-000201,R013,ansible/ansible,3827d66bfbdc568f58cce57b113131598c46cd5a,subprocess-execution,CWE-78,hacking/update-sanity-requirements.py,62,62,62,"            pip_freeze = subprocess.run(pip + ['freeze'] + freeze_options, env=env, check=True, capture_output=True, text=True)",FALSE_POSITIVE,"The call is part of repository maintenance or packaging automation, where the command and variable arguments come from local project or configuration state. No remote or less-trusted value is shown controlling command structure at this sink.",hacking/update-sanity-requirements.py:48-80,FALSE_POSITIVE,This process launch is in developer or CI tooling rather than an exposed application request path. No remote or less-trusted value is shown controlling command structure at this sink.,hacking/update-sanity-requirements.py:48-80,true,,,,FALSE_POSITIVE,Independent annotators agreed; original rationales are preserved in the annotator rationale fields.,hacking/update-sanity-requirements.py:48-80; hacking/update-sanity-requirements.py:48-80,independent_agreement
GT-121,FND-001157,R072,hypothesisworks/hypothesis,a8dcd7422a325926693b5464f73349e361562b7c,subprocess-execution,CWE-78,tooling/src/hypothesistooling/installers.py,85,87,85,"        subprocess.check_call(
            [RUSTUP, ""target"", ""add"", *targets, ""--toolchain"", version]
        )",FALSE_POSITIVE,This call uses direct process execution; the dynamic pieces are paths or options supplied by the local caller and do not gain shell semantics. The frozen call path does not establish attacker control over the executable or argument structure.,tooling/src/hypothesistooling/installers.py:71-105,FALSE_POSITIVE,"The process is launched without shell command-string interpretation, so variable values remain separate process arguments. The frozen call path does not establish attacker control over the executable or argument structure.",tooling/src/hypothesistooling/installers.py:71-105,true,,,,FALSE_POSITIVE,Independent annotators agreed; original rationales are preserved in the annotator rationale fields.,tooling/src/hypothesistooling/installers.py:71-105; tooling/src/hypothesistooling/installers.py:71-105,independent_agreement
GT-122,FND-000824,R047,spulec/freezegun,92d61b3f5c31942a1039713574487bdcfcdbbfff,subprocess-execution,CWE-78,create_tag.py,16,16,16,"    errno = call(['git', 'tag', '--annotate', version, '--message', 'Version %s' % version])",FALSE_POSITIVE,"The process is launched without shell command-string interpretation, so variable values remain separate process arguments. The invoked tool is `git`. The frozen call path does not establish attacker control over the executable or argument structure.",create_tag.py:2-34,FALSE_POSITIVE,The surrounding code passes an argument vector to the child process rather than concatenating request data into shell syntax. The invoked tool is `git`. The frozen call path does not establish attacker control over the executable or argument structure.,create_tag.py:2-34,true,,,,FALSE_POSITIVE,Independent annotators agreed; original rationales are preserved in the annotator rationale fields.,create_tag.py:2-34; create_tag.py:2-34,independent_agreement
GT-123,FND-000229,R013,ansible/ansible,3827d66bfbdc568f58cce57b113131598c46cd5a,subprocess-execution,CWE-78,lib/ansible/modules/mount_facts.py,275,275,275,"        udevadm_output = subprocess.check_output(cmd, text=True, timeout=module.params[""timeout""])",FALSE_POSITIVE,The surrounding code passes an argument vector to the child process rather than concatenating request data into shell syntax. The sink receives an already-constructed command or argv from its caller. The frozen call path does not establish attacker control over the executable or argument structure.,lib/ansible/modules/mount_facts.py:261-293,FALSE_POSITIVE,This call uses direct process execution; the dynamic pieces are paths or options supplied by the local caller and do not gain shell semantics. The sink receives an already-constructed command or argv from its caller. The frozen call path does not establish attacker control over the executable or argument structure.,lib/ansible/modules/mount_facts.py:261-293,true,,,,FALSE_POSITIVE,Independent annotators agreed; original rationales are preserved in the annotator rationale fields.,lib/ansible/modules/mount_facts.py:261-293; lib/ansible/modules/mount_facts.py:261-293,independent_agreement
GT-124,FND-000336,R018,textualize/rich,9d8f9a372cc5916fd4781fec207ced7ddac2f08f,subprocess-shell-true,CWE-78,tools/make_width_tables.py,53,53,53,"    subprocess.run(f""black {path}"", shell=True)",FALSE_POSITIVE,The shell string runs Black on a path generated internally from a fixed project directory and a wcwidth version value. External input is not concatenated into shell syntax.,tools/make_width_tables.py:39-71,FALSE_POSITIVE,The shell string runs Black on a path generated internally from a fixed project directory and a wcwidth version value. External input is not concatenated into shell syntax.,tools/make_width_tables.py:39-71,true,,,,FALSE_POSITIVE,Independent annotators agreed; original rationales are preserved in the annotator rationale fields.,tools/make_width_tables.py:39-71; tools/make_width_tables.py:39-71,independent_agreement
GT-125,FND-000026,R001,tiangolo/fastapi,50113da16fec53b66b80d75e80a89296de4fa5a5,subprocess-execution,CWE-78,scripts/topic_repos.py,68,68,68,"    subprocess.run([""git"", ""add"", str(repos_path)], check=True)",FALSE_POSITIVE,"This is build, release, or maintenance tooling invoked by the local developer or CI environment. The invoked tool is `git`. No remote or less-trusted value is shown controlling command structure at this sink.",scripts/topic_repos.py:54-86,FALSE_POSITIVE,"The call is part of repository maintenance or packaging automation, where the command and variable arguments come from local project or configuration state. The invoked tool is `git`. No remote or less-trusted value is shown controlling command structure at this sink.",scripts/topic_repos.py:54-86,true,,,,FALSE_POSITIVE,Independent annotators agreed; original rationales are preserved in the annotator rationale fields.,scripts/topic_repos.py:54-86; scripts/topic_repos.py:54-86,independent_agreement
GT-126,FND-000225,R013,ansible/ansible,3827d66bfbdc568f58cce57b113131598c46cd5a,subprocess-execution,CWE-78,lib/ansible/modules/async_wrapper.py,151,160,151,"        script = subprocess.Popen(
            cmd,
            stdin=subprocess.PIPE,
            stdout=subprocess.PIPE,
            stderr=subprocess.PIPE,
            shell=False,
            text=True,
            encoding=""utf-8"",
            errors=""surrogateescape"",
        )",FALSE_POSITIVE,The surrounding code passes an argument vector to the child process rather than concatenating request data into shell syntax. The sink receives an already-constructed command or argv from its caller. The frozen call path does not establish attacker control over the executable or argument structure.,lib/ansible/modules/async_wrapper.py:137-178,FALSE_POSITIVE,This call uses direct process execution; the dynamic pieces are paths or options supplied by the local caller and do not gain shell semantics. The sink receives an already-constructed command or argv from its caller. The frozen call path does not establish attacker control over the executable or argument structure.,lib/ansible/modules/async_wrapper.py:137-178,true,,,,FALSE_POSITIVE,Independent annotators agreed; original rationales are preserved in the annotator rationale fields.,lib/ansible/modules/async_wrapper.py:137-178; lib/ansible/modules/async_wrapper.py:137-178,independent_agreement
GT-127,FND-001171,R074,dateutil/dateutil,48bd1af97e71baf8e96fce5b663d589caac8f147,subprocess-execution,CWE-78,src/dateutil/zoneinfo/rebuild.py,52,52,52,"        help_text = check_output([""zic"", ""--help""])",FALSE_POSITIVE,This call uses direct process execution; the dynamic pieces are paths or options supplied by the local caller and do not gain shell semantics. The invoked tool is `zic`. The frozen call path does not establish attacker control over the executable or argument structure.,src/dateutil/zoneinfo/rebuild.py:38-70,FALSE_POSITIVE,"The process is launched without shell command-string interpretation, so variable values remain separate process arguments. The invoked tool is `zic`. The frozen call path does not establish attacker control over the executable or argument structure.",src/dateutil/zoneinfo/rebuild.py:38-70,true,,,,FALSE_POSITIVE,Independent annotators agreed; original rationales are preserved in the annotator rationale fields.,src/dateutil/zoneinfo/rebuild.py:38-70; src/dateutil/zoneinfo/rebuild.py:38-70,independent_agreement
GT-128,FND-001042,R064,twisted/twisted,ac919a6d1b2f91b7dea806bacfae99abab5291d4,code-execution-exec,CWE-78,src/twisted/conch/insults/insults.py,1049,1049,1049,"            exec(ch + "" = _makeSimple(ch, fName)"")",FALSE_POSITIVE,The exec source is assembled from the fixed A/B/C/D control-sequence table in the class definition. External terminal data is not interpolated into the Python source.,src/twisted/conch/insults/insults.py:1035-1067,FALSE_POSITIVE,The exec source is assembled from the fixed A/B/C/D control-sequence table in the class definition. External terminal data is not interpolated into the Python source.,src/twisted/conch/insults/insults.py:1035-1067,true,,,,FALSE_POSITIVE,Independent annotators agreed; original rationales are preserved in the annotator rationale fields.,src/twisted/conch/insults/insults.py:1035-1067; src/twisted/conch/insults/insults.py:1035-1067,independent_agreement
GT-129,FND-000990,R058,pypa/setuptools,7d531288b7c8708d4cc186213da93eaf5d11833d,subprocess-execution,CWE-78,setuptools/installer.py,121,121,121,            subprocess.check_call(cmd),FALSE_POSITIVE,"The call is part of repository maintenance or packaging automation, where the command and variable arguments come from local project or configuration state. The sink receives an already-constructed command or argv from its caller. No remote or less-trusted value is shown controlling command structure at this sink.",setuptools/installer.py:107-139,FALSE_POSITIVE,This process launch is in developer or CI tooling rather than an exposed application request path. The sink receives an already-constructed command or argv from its caller. No remote or less-trusted value is shown controlling command structure at this sink.,setuptools/installer.py:107-139,true,,,,FALSE_POSITIVE,Independent annotators agreed; original rationales are preserved in the annotator rationale fields.,setuptools/installer.py:107-139; setuptools/installer.py:107-139,independent_agreement
GT-130,FND-000817,R046,Gallopsled/pwntools,1429a134ecf88eb9af70e05bf6c912f45dfde224,subprocess-execution,CWE-78,pwnlib/util/misc.py,538,538,538,"            lsout, _ = subprocess.Popen([""kitten"", ""@"", ""ls"", ""--match"", ""id:%d"" % kittyid], stdin=stdin, stdout=stdout, stderr=stderr).communicate()",FALSE_POSITIVE,This call uses direct process execution; the dynamic pieces are paths or options supplied by the local caller and do not gain shell semantics. The invoked tool is `kitten`. The frozen call path does not establish attacker control over the executable or argument structure.,pwnlib/util/misc.py:524-556,FALSE_POSITIVE,"The process is launched without shell command-string interpretation, so variable values remain separate process arguments. The invoked tool is `kitten`. The frozen call path does not establish attacker control over the executable or argument structure.",pwnlib/util/misc.py:524-556,true,,,,FALSE_POSITIVE,Independent annotators agreed; original rationales are preserved in the annotator rationale fields.,pwnlib/util/misc.py:524-556; pwnlib/util/misc.py:524-556,independent_agreement
GT-131,FND-001184,R088,pypa/flit,1da96f9636027b332e4bd1b21d8c47a7f75c98d1,subprocess-execution,CWE-78,flit/__init__.py,47,50,47,"        return subprocess.check_output(
            [resolved_python, ""-c"", ""import sys; print(sys.executable)""],
            universal_newlines=True,
        ).strip()",FALSE_POSITIVE,"The process is launched without shell command-string interpretation, so variable values remain separate process arguments. The frozen call path does not establish attacker control over the executable or argument structure.",flit/__init__.py:33-68,FALSE_POSITIVE,The surrounding code passes an argument vector to the child process rather than concatenating request data into shell syntax. The frozen call path does not establish attacker control over the executable or argument structure.,flit/__init__.py:33-68,true,,,,FALSE_POSITIVE,Independent annotators agreed; original rationales are preserved in the annotator rationale fields.,flit/__init__.py:33-68; flit/__init__.py:33-68,independent_agreement
GT-132,FND-000668,R045,sqlmapproject/sqlmap,1ee368f78a73ccc1c193af32d4e70c1244be5865,subprocess-shell-true,CWE-78,lib/controller/controller.py,781,781,781,"                                                    process = subprocess.Popen(conf.alert, shell=True)",FALSE_POSITIVE,sqlmap's conf.alert value is an explicit local operator option whose purpose is to run an alert command after a finding. The shell execution is intentional functionality and the frozen path does not let scanned-target input rewrite conf.alert.,lib/controller/controller.py:767-799,FALSE_POSITIVE,sqlmap's conf.alert value is an explicit local operator option whose purpose is to run an alert command after a finding. The shell execution is intentional functionality and the frozen path does not let scanned-target input rewrite conf.alert.,lib/controller/controller.py:767-799,true,,,,FALSE_POSITIVE,Independent annotators agreed; original rationales are preserved in the annotator rationale fields.,lib/controller/controller.py:767-799; lib/controller/controller.py:767-799,independent_agreement
GT-133,FND-000603,R041,pyca/cryptography,8891ee468e41eb66bddd8dd684e4a7a07d91e70c,code-execution-exec,CWE-78,src/_cffi_src/utils.py,17,17,17,"    exec(f.read(), about)",FALSE_POSITIVE,The cryptography build helper executes the repository's own __about__.py file to read package metadata. The executed file is trusted source code shipped with the project.,src/_cffi_src/utils.py:3-35,FALSE_POSITIVE,The cryptography build helper executes the repository's own __about__.py file to read package metadata. The executed file is trusted source code shipped with the project.,src/_cffi_src/utils.py:3-35,true,,,,FALSE_POSITIVE,Independent annotators agreed; original rationales are preserved in the annotator rationale fields.,src/_cffi_src/utils.py:3-35; src/_cffi_src/utils.py:3-35,independent_agreement
GT-134,FND-001029,R062,falconry/falcon,eb27592b159fea6678b3c70b16f195b0f990faa9,subprocess-execution,CWE-78,tools/tox_sdist.py,21,21,21,"    subprocess.check_call((sys.executable, 'setup.py', 'sdist'))",FALSE_POSITIVE,"This is build, release, or maintenance tooling invoked by the local developer or CI environment. No remote or less-trusted value is shown controlling command structure at this sink.",tools/tox_sdist.py:7-39,FALSE_POSITIVE,"The call is part of repository maintenance or packaging automation, where the command and variable arguments come from local project or configuration state. No remote or less-trusted value is shown controlling command structure at this sink.",tools/tox_sdist.py:7-39,true,,,,FALSE_POSITIVE,Independent annotators agreed; original rationales are preserved in the annotator rationale fields.,tools/tox_sdist.py:7-39; tools/tox_sdist.py:7-39,independent_agreement
GT-135,FND-000013,R001,tiangolo/fastapi,50113da16fec53b66b80d75e80a89296de4fa5a5,subprocess-execution,CWE-78,scripts/playwright/separate_openapi_schemas/image04.py,25,27,25,"process = subprocess.Popen(
    [""uvicorn"", ""docs_src.separate_openapi_schemas.tutorial001:app""]
)",FALSE_POSITIVE,"The call is part of repository maintenance or packaging automation, where the command and variable arguments come from local project or configuration state. The invoked tool is `uvicorn`. No remote or less-trusted value is shown controlling command structure at this sink.",scripts/playwright/separate_openapi_schemas/image04.py:11-45,FALSE_POSITIVE,This process launch is in developer or CI tooling rather than an exposed application request path. The invoked tool is `uvicorn`. No remote or less-trusted value is shown controlling command structure at this sink.,scripts/playwright/separate_openapi_schemas/image04.py:11-45,true,,,,FALSE_POSITIVE,Independent annotators agreed; original rationales are preserved in the annotator rationale fields.,scripts/playwright/separate_openapi_schemas/image04.py:11-45; scripts/playwright/separate_openapi_schemas/image04.py:11-45,independent_agreement
GT-136,FND-000919,R053,numpy/numpy,43a7a41747f860a09f2c5b9a2fe5a97c7f5f8004,code-execution-eval,CWE-78,numpy/f2py/crackfortran.py,2274,2274,2274,"    r = eval(e, g, l)",TRUE_BUG,"The myeval helper calls Python eval directly on the supplied expression and only verifies that the returned value is numeric after execution. The expression originates from parsed F2PY source metadata, so the post-evaluation type check does not prevent code execution.",numpy/f2py/crackfortran.py:2256-2298,TRUE_BUG,"The myeval helper calls Python eval directly on the supplied expression and only verifies that the returned value is numeric after execution. The expression originates from parsed F2PY source metadata, so the post-evaluation type check does not prevent code execution.",numpy/f2py/crackfortran.py:2256-2298,true,,,,TRUE_BUG,Independent annotators agreed; original rationales are preserved in the annotator rationale fields.,numpy/f2py/crackfortran.py:2256-2298; numpy/f2py/crackfortran.py:2256-2298,independent_agreement
GT-137,FND-000850,R050,pypa/pip,ee09c40be785948a56b6321f336901b4e6f39ab2,subprocess-execution,CWE-78,src/pip/_vendor/distro/distro.py,1213,1213,1213,"            stdout = subprocess.check_output(""oslevel"", stderr=subprocess.DEVNULL)",FALSE_POSITIVE,"The process is launched without shell command-string interpretation, so variable values remain separate process arguments. The invoked tool is `oslevel`. The frozen call path does not establish attacker control over the executable or argument structure.",src/pip/_vendor/distro/distro.py:1199-1231,FALSE_POSITIVE,The surrounding code passes an argument vector to the child process rather than concatenating request data into shell syntax. The invoked tool is `oslevel`. The frozen call path does not establish attacker control over the executable or argument structure.,src/pip/_vendor/distro/distro.py:1199-1231,true,,,,FALSE_POSITIVE,Independent annotators agreed; original rationales are preserved in the annotator rationale fields.,src/pip/_vendor/distro/distro.py:1199-1231; src/pip/_vendor/distro/distro.py:1199-1231,independent_agreement
GT-138,FND-000509,R037,mongodb/mongo-python-driver,4dd73032d98146fd97bedfb8434bff2f458bc26f,subprocess-execution,CWE-78,.evergreen/scripts/run_tests.py,210,210,210,"        result = subprocess.run(cmd, check=False)  # noqa: S603",FALSE_POSITIVE,"The call is part of repository maintenance or packaging automation, where the command and variable arguments come from local project or configuration state. The sink receives an already-constructed command or argv from its caller. No remote or less-trusted value is shown controlling command structure at this sink.",.evergreen/scripts/run_tests.py:196-228,FALSE_POSITIVE,This process launch is in developer or CI tooling rather than an exposed application request path. The sink receives an already-constructed command or argv from its caller. No remote or less-trusted value is shown controlling command structure at this sink.,.evergreen/scripts/run_tests.py:196-228,true,,,,FALSE_POSITIVE,Independent annotators agreed; original rationales are preserved in the annotator rationale fields.,.evergreen/scripts/run_tests.py:196-228; .evergreen/scripts/run_tests.py:196-228,independent_agreement
GT-139,FND-000360,R020,pytest-dev/pytest,431f3e1f5fd70b9b0f8afa2d20a10421542e5c6a,subprocess-execution,CWE-78,scripts/prepare-release-pr.py,129,141,129,"    run(
        [
            ""gh"",
            ""pr"",
            ""create"",
            f""--base={base_branch}"",
            f""--head={release_branch}"",
            f""--title=Release {version}"",
            f""--body={body}"",
            ""--draft"",
        ],
        check=True,
    )",FALSE_POSITIVE,This process launch is in developer or CI tooling rather than an exposed application request path. The invoked tool is `gh`. No remote or less-trusted value is shown controlling command structure at this sink.,scripts/prepare-release-pr.py:115-159,FALSE_POSITIVE,"This is build, release, or maintenance tooling invoked by the local developer or CI environment. The invoked tool is `gh`. No remote or less-trusted value is shown controlling command structure at this sink.",scripts/prepare-release-pr.py:115-159,true,,,,FALSE_POSITIVE,Independent annotators agreed; original rationales are preserved in the annotator rationale fields.,scripts/prepare-release-pr.py:115-159; scripts/prepare-release-pr.py:115-159,independent_agreement
GT-140,FND-000010,R001,tiangolo/fastapi,50113da16fec53b66b80d75e80a89296de4fa5a5,subprocess-execution,CWE-78,scripts/playwright/separate_openapi_schemas/image01.py,25,27,25,"process = subprocess.Popen(
    [""uvicorn"", ""docs_src.separate_openapi_schemas.tutorial001:app""]
)",FALSE_POSITIVE,"This is build, release, or maintenance tooling invoked by the local developer or CI environment. The invoked tool is `uvicorn`. No remote or less-trusted value is shown controlling command structure at this sink.",scripts/playwright/separate_openapi_schemas/image01.py:11-45,FALSE_POSITIVE,"The call is part of repository maintenance or packaging automation, where the command and variable arguments come from local project or configuration state. The invoked tool is `uvicorn`. No remote or less-trusted value is shown controlling command structure at this sink.",scripts/playwright/separate_openapi_schemas/image01.py:11-45,true,,,,FALSE_POSITIVE,Independent annotators agreed; original rationales are preserved in the annotator rationale fields.,scripts/playwright/separate_openapi_schemas/image01.py:11-45; scripts/playwright/separate_openapi_schemas/image01.py:11-45,independent_agreement
GT-141,FND-001188,R088,pypa/flit,1da96f9636027b332e4bd1b21d8c47a7f75c98d1,subprocess-execution,CWE-78,flit/install.py,369,369,369,"        check_call(cmd, shell=shell)",FALSE_POSITIVE,The surrounding code passes an argument vector to the child process rather than concatenating request data into shell syntax. The sink receives an already-constructed command or argv from its caller. The frozen call path does not establish attacker control over the executable or argument structure.,flit/install.py:355-387,FALSE_POSITIVE,This call uses direct process execution; the dynamic pieces are paths or options supplied by the local caller and do not gain shell semantics. The sink receives an already-constructed command or argv from its caller. The frozen call path does not establish attacker control over the executable or argument structure.,flit/install.py:355-387,true,,,,FALSE_POSITIVE,Independent annotators agreed; original rationales are preserved in the annotator rationale fields.,flit/install.py:355-387; flit/install.py:355-387,independent_agreement
GT-142,FND-000600,R041,pyca/cryptography,8891ee468e41eb66bddd8dd684e4a7a07d91e70c,subprocess-execution,CWE-78,.github/bin/bump_dependency.py,10,12,10,"    output = subprocess.check_output(
        [""git"", ""ls-remote"", repo_url, f""refs/heads/{branch}""], text=True
    )",FALSE_POSITIVE,This process launch is in developer or CI tooling rather than an exposed application request path. The invoked tool is `git`. No remote or less-trusted value is shown controlling command structure at this sink.,.github/bin/bump_dependency.py:1-30,FALSE_POSITIVE,"This is build, release, or maintenance tooling invoked by the local developer or CI environment. The invoked tool is `git`. No remote or less-trusted value is shown controlling command structure at this sink.",.github/bin/bump_dependency.py:1-30,true,,,,FALSE_POSITIVE,Independent annotators agreed; original rationales are preserved in the annotator rationale fields.,.github/bin/bump_dependency.py:1-30; .github/bin/bump_dependency.py:1-30,independent_agreement
GT-143,FND-000792,R046,Gallopsled/pwntools,1429a134ecf88eb9af70e05bf6c912f45dfde224,subprocess-execution,CWE-78,pwnlib/commandline/version.py,22,22,22,"		gitver = subprocess.check_output(['git', '-C', git_root, 'log', '-1', '--format=%h (%cr)'])",FALSE_POSITIVE,"The process is launched without shell command-string interpretation, so variable values remain separate process arguments. The invoked tool is `git`. The frozen call path does not establish attacker control over the executable or argument structure.",pwnlib/commandline/version.py:8-40,FALSE_POSITIVE,The surrounding code passes an argument vector to the child process rather than concatenating request data into shell syntax. The invoked tool is `git`. The frozen call path does not establish attacker control over the executable or argument structure.,pwnlib/commandline/version.py:8-40,true,,,,FALSE_POSITIVE,Independent annotators agreed; original rationales are preserved in the annotator rationale fields.,pwnlib/commandline/version.py:8-40; pwnlib/commandline/version.py:8-40,independent_agreement
GT-144,FND-000889,R052,pandas-dev/pandas,c26625d6e79fe8f11dd00184a3c32b5cc68d70cc,subprocess-execution,CWE-78,pandas/io/clipboard/__init__.py,241,241,241,"            subprocess.check_call(args, close_fds=True)",FALSE_POSITIVE,The surrounding code passes an argument vector to the child process rather than concatenating request data into shell syntax. The sink receives an already-constructed command or argv from its caller. The frozen call path does not establish attacker control over the executable or argument structure.,pandas/io/clipboard/__init__.py:227-259,FALSE_POSITIVE,This call uses direct process execution; the dynamic pieces are paths or options supplied by the local caller and do not gain shell semantics. The sink receives an already-constructed command or argv from its caller. The frozen call path does not establish attacker control over the executable or argument structure.,pandas/io/clipboard/__init__.py:227-259,true,,,,FALSE_POSITIVE,Independent annotators agreed; original rationales are preserved in the annotator rationale fields.,pandas/io/clipboard/__init__.py:227-259; pandas/io/clipboard/__init__.py:227-259,independent_agreement
GT-145,FND-001143,R072,hypothesisworks/hypothesis,a8dcd7422a325926693b5464f73349e361562b7c,subprocess-execution,CWE-78,tooling/src/hypothesistooling/git.py,18,20,18,"    result = [
        t.decode(""ascii"") for t in subprocess.check_output([""git"", ""tag""]).split(b""\n"")
    ]",FALSE_POSITIVE,This call uses direct process execution; the dynamic pieces are paths or options supplied by the local caller and do not gain shell semantics. The invoked tool is `git`. The frozen call path does not establish attacker control over the executable or argument structure.,tooling/src/hypothesistooling/git.py:4-38,FALSE_POSITIVE,"The process is launched without shell command-string interpretation, so variable values remain separate process arguments. The invoked tool is `git`. The frozen call path does not establish attacker control over the executable or argument structure.",tooling/src/hypothesistooling/git.py:4-38,true,,,,FALSE_POSITIVE,Independent annotators agreed; original rationales are preserved in the annotator rationale fields.,tooling/src/hypothesistooling/git.py:4-38; tooling/src/hypothesistooling/git.py:4-38,independent_agreement
GT-146,FND-000985,R058,pypa/setuptools,7d531288b7c8708d4cc186213da93eaf5d11833d,subprocess-execution,CWE-78,setuptools/_vendor/packaging/tags.py,416,427,416,"            version_str = subprocess.run(
                [
                    sys.executable,
                    ""-sS"",
                    ""-c"",
                    ""import platform; print(platform.mac_ver()[0])"",
                ],
                check=True,
                env={""SYSTEM_VERSION_COMPAT"": ""0""},
                stdout=subprocess.PIPE,
                text=True,
            ).stdout",FALSE_POSITIVE,"This is build, release, or maintenance tooling invoked by the local developer or CI environment. No remote or less-trusted value is shown controlling command structure at this sink.",setuptools/_vendor/packaging/tags.py:402-445,FALSE_POSITIVE,"The call is part of repository maintenance or packaging automation, where the command and variable arguments come from local project or configuration state. No remote or less-trusted value is shown controlling command structure at this sink.",setuptools/_vendor/packaging/tags.py:402-445,true,,,,FALSE_POSITIVE,Independent annotators agreed; original rationales are preserved in the annotator rationale fields.,setuptools/_vendor/packaging/tags.py:402-445; setuptools/_vendor/packaging/tags.py:402-445,independent_agreement
GT-147,FND-000544,R040,celery/celery,07ee451b5313b520ed4f57cfe93d35ac81d0548c,subprocess-execution,CWE-78,celery/apps/multi.py,219,219,219,"        pipe = Popen(argstr, env=env)",FALSE_POSITIVE,The surrounding code passes an argument vector to the child process rather than concatenating request data into shell syntax. The frozen call path does not establish attacker control over the executable or argument structure.,celery/apps/multi.py:205-237,FALSE_POSITIVE,This call uses direct process execution; the dynamic pieces are paths or options supplied by the local caller and do not gain shell semantics. The frozen call path does not establish attacker control over the executable or argument structure.,celery/apps/multi.py:205-237,true,,,,FALSE_POSITIVE,Independent annotators agreed; original rationales are preserved in the annotator rationale fields.,celery/apps/multi.py:205-237; celery/apps/multi.py:205-237,independent_agreement
GT-148,FND-000249,R013,ansible/ansible,3827d66bfbdc568f58cce57b113131598c46cd5a,subprocess-execution,CWE-78,lib/ansible/plugins/inventory/script.py,357,357,357,"        sp = subprocess.Popen(cmd, stdout=subprocess.PIPE, stderr=subprocess.PIPE)",FALSE_POSITIVE,This call uses direct process execution; the dynamic pieces are paths or options supplied by the local caller and do not gain shell semantics. The sink receives an already-constructed command or argv from its caller. The frozen call path does not establish attacker control over the executable or argument structure.,lib/ansible/plugins/inventory/script.py:343-375,FALSE_POSITIVE,"The process is launched without shell command-string interpretation, so variable values remain separate process arguments. The sink receives an already-constructed command or argv from its caller. The frozen call path does not establish attacker control over the executable or argument structure.",lib/ansible/plugins/inventory/script.py:343-375,true,,,,FALSE_POSITIVE,Independent annotators agreed; original rationales are preserved in the annotator rationale fields.,lib/ansible/plugins/inventory/script.py:343-375; lib/ansible/plugins/inventory/script.py:343-375,independent_agreement
GT-149,FND-000386,R021,tox-dev/tox,6485a013e46b3cfe8f43002f6aa80e6e390efbfe,subprocess-execution,CWE-78,src/tox/tox_env/python/virtual_env/subprocess_adapter.py,183,189,183,"        result = subprocess.run(
            [str(python), ""-c"", ""from importlib.metadata import version; print(version('virtualenv'))""],
            capture_output=True,
            text=True,
            timeout=30,
            check=False,
        )",FALSE_POSITIVE,"The process is launched without shell command-string interpretation, so variable values remain separate process arguments. The frozen call path does not establish attacker control over the executable or argument structure.",src/tox/tox_env/python/virtual_env/subprocess_adapter.py:169-207,FALSE_POSITIVE,The surrounding code passes an argument vector to the child process rather than concatenating request data into shell syntax. The frozen call path does not establish attacker control over the executable or argument structure.,src/tox/tox_env/python/virtual_env/subprocess_adapter.py:169-207,true,,,,FALSE_POSITIVE,Independent annotators agreed; original rationales are preserved in the annotator rationale fields.,src/tox/tox_env/python/virtual_env/subprocess_adapter.py:169-207; src/tox/tox_env/python/virtual_env/subprocess_adapter.py:169-207,independent_agreement
GT-150,FND-000146,R004,tornadoweb/tornado,0096f2897c98facdcd9716009ee934a7381af5ef,subprocess-execution,CWE-78,maint/vm/windows/bootstrap.py,70,70,70,"        subprocess.check_call([sys.executable, filename])",FALSE_POSITIVE,"The call is part of repository maintenance or packaging automation, where the command and variable arguments come from local project or configuration state. No remote or less-trusted value is shown controlling command structure at this sink.",maint/vm/windows/bootstrap.py:56-88,FALSE_POSITIVE,This process launch is in developer or CI tooling rather than an exposed application request path. No remote or less-trusted value is shown controlling command structure at this sink.,maint/vm/windows/bootstrap.py:56-88,true,,,,FALSE_POSITIVE,Independent annotators agreed; original rationales are preserved in the annotator rationale fields.,maint/vm/windows/bootstrap.py:56-88; maint/vm/windows/bootstrap.py:56-88,independent_agreement
GT-151,FND-000327,R017,pallets/click,6aabf099bfdd4c1e75fe8d0e0d4241372b988ab1,subprocess-execution,CWE-78,src/click/_termui_impl.py,660,660,660,"        subprocess.call([str(cmd_path), *cmd_params, f.name])",FALSE_POSITIVE,This call uses direct process execution; the dynamic pieces are paths or options supplied by the local caller and do not gain shell semantics. The frozen call path does not establish attacker control over the executable or argument structure.,src/click/_termui_impl.py:646-678,FALSE_POSITIVE,"The process is launched without shell command-string interpretation, so variable values remain separate process arguments. The frozen call path does not establish attacker control over the executable or argument structure.",src/click/_termui_impl.py:646-678,true,,,,FALSE_POSITIVE,Independent annotators agreed; original rationales are preserved in the annotator rationale fields.,src/click/_termui_impl.py:646-678; src/click/_termui_impl.py:646-678,independent_agreement
GT-152,FND-000297,R016,certbot/certbot,56ee04928d677d82c6a375a7c7b48e8ce13bb6bc,subprocess-execution,CWE-78,certbot/src/certbot/_internal/plugins/nginx/configurator.py,1296,1298,1296,"            proc = subprocess.run([nginx_ctl, ""-c"", nginx_conf, ""-s"", ""reload""],
                                  env=util.env_no_snap_for_external_calls(),
                                  stdout=out, stderr=out, check=False)",FALSE_POSITIVE,"The process is launched without shell command-string interpretation, so variable values remain separate process arguments. The frozen call path does not establish attacker control over the executable or argument structure.",certbot/src/certbot/_internal/plugins/nginx/configurator.py:1282-1316,FALSE_POSITIVE,The surrounding code passes an argument vector to the child process rather than concatenating request data into shell syntax. The frozen call path does not establish attacker control over the executable or argument structure.,certbot/src/certbot/_internal/plugins/nginx/configurator.py:1282-1316,true,,,,FALSE_POSITIVE,Independent annotators agreed; original rationales are preserved in the annotator rationale fields.,certbot/src/certbot/_internal/plugins/nginx/configurator.py:1282-1316; certbot/src/certbot/_internal/plugins/nginx/configurator.py:1282-1316,independent_agreement
GT-153,FND-000309,R016,certbot/certbot,56ee04928d677d82c6a375a7c7b48e8ce13bb6bc,subprocess-execution,CWE-78,tools/finish_release.py,201,201,201,"        process = subprocess.run(cmd, check=True, universal_newlines=True, capture_output=True)",FALSE_POSITIVE,"The call is part of repository maintenance or packaging automation, where the command and variable arguments come from local project or configuration state. The sink receives an already-constructed command or argv from its caller. No remote or less-trusted value is shown controlling command structure at this sink.",tools/finish_release.py:187-219,FALSE_POSITIVE,This process launch is in developer or CI tooling rather than an exposed application request path. The sink receives an already-constructed command or argv from its caller. No remote or less-trusted value is shown controlling command structure at this sink.,tools/finish_release.py:187-219,true,,,,FALSE_POSITIVE,Independent annotators agreed; original rationales are preserved in the annotator rationale fields.,tools/finish_release.py:187-219; tools/finish_release.py:187-219,independent_agreement
GT-154,FND-001165,R072,hypothesisworks/hypothesis,a8dcd7422a325926693b5464f73349e361562b7c,subprocess-execution,CWE-78,tooling/src/hypothesistooling/scripts.py,69,69,69,"    r = subprocess.call([tool_path(name), *args], **kwargs)",FALSE_POSITIVE,This call uses direct process execution; the dynamic pieces are paths or options supplied by the local caller and do not gain shell semantics. The sink receives an already-constructed command or argv from its caller. The frozen call path does not establish attacker control over the executable or argument structure.,tooling/src/hypothesistooling/scripts.py:55-87,FALSE_POSITIVE,"The process is launched without shell command-string interpretation, so variable values remain separate process arguments. The sink receives an already-constructed command or argv from its caller. The frozen call path does not establish attacker control over the executable or argument structure.",tooling/src/hypothesistooling/scripts.py:55-87,true,,,,FALSE_POSITIVE,Independent annotators agreed; original rationales are preserved in the annotator rationale fields.,tooling/src/hypothesistooling/scripts.py:55-87; tooling/src/hypothesistooling/scripts.py:55-87,independent_agreement
GT-155,FND-001227,R091,simonw/datasette,bdc973174096cae350ddaa733a10ed8b3ffd970b,subprocess-shell-true,CWE-78,datasette/publish/cloudrun.py,275,275,275,"            check_call(create_cmd, shell=True)",FALSE_POSITIVE,"The shell command is assembled by Datasette's local publish command from deployment options such as project, region, and repository. Those values are supplied by the operator running the CLI, not by a remote request, so the source does not establish an attacker-controlled shell-metacharacter path.",datasette/publish/cloudrun.py:261-293,FALSE_POSITIVE,"The shell command is assembled by Datasette's local publish command from deployment options such as project, region, and repository. Those values are supplied by the operator running the CLI, not by a remote request, so the source does not establish an attacker-controlled shell-metacharacter path.",datasette/publish/cloudrun.py:261-293,true,,,,FALSE_POSITIVE,Independent annotators agreed; original rationales are preserved in the annotator rationale fields.,datasette/publish/cloudrun.py:261-293; datasette/publish/cloudrun.py:261-293,independent_agreement
GT-156,FND-000190,R013,ansible/ansible,3827d66bfbdc568f58cce57b113131598c46cd5a,subprocess-execution,CWE-78,hacking/create-bulk-issues.py,51,51,51,"            process = subprocess.run(cmd, capture_output=True, check=True, text=True)",FALSE_POSITIVE,"The call is part of repository maintenance or packaging automation, where the command and variable arguments come from local project or configuration state. The sink receives an already-constructed command or argv from its caller. No remote or less-trusted value is shown controlling command structure at this sink.",hacking/create-bulk-issues.py:37-69,FALSE_POSITIVE,This process launch is in developer or CI tooling rather than an exposed application request path. The sink receives an already-constructed command or argv from its caller. No remote or less-trusted value is shown controlling command structure at this sink.,hacking/create-bulk-issues.py:37-69,true,,,,FALSE_POSITIVE,Independent annotators agreed; original rationales are preserved in the annotator rationale fields.,hacking/create-bulk-issues.py:37-69; hacking/create-bulk-issues.py:37-69,independent_agreement
GT-157,FND-001033,R063,grpc/grpc,6e5ac36afeb4a13c9d0c62241c91323c1e8ad8a8,subprocess-execution,CWE-78,src/python/grpcio_observability/setup.py,94,99,94,"    cpp_test = subprocess.Popen(
        cxx + [""-x"", ""c++"", ""-std=c++17"", ""-""],
        stdin=PIPE,
        stdout=PIPE,
        stderr=PIPE,
    )",FALSE_POSITIVE,This process launch is in developer or CI tooling rather than an exposed application request path. No remote or less-trusted value is shown controlling command structure at this sink.,src/python/grpcio_observability/setup.py:80-117,FALSE_POSITIVE,"This is build, release, or maintenance tooling invoked by the local developer or CI environment. No remote or less-trusted value is shown controlling command structure at this sink.",src/python/grpcio_observability/setup.py:80-117,true,,,,FALSE_POSITIVE,Independent annotators agreed; original rationales are preserved in the annotator rationale fields.,src/python/grpcio_observability/setup.py:80-117; src/python/grpcio_observability/setup.py:80-117,independent_agreement
GT-158,FND-000215,R013,ansible/ansible,3827d66bfbdc568f58cce57b113131598c46cd5a,subprocess-execution,CWE-78,lib/ansible/module_utils/common/respawn.py,48,48,48,"    rc = subprocess.call([interpreter_path, '--'], stdin=stdin_read)",FALSE_POSITIVE,"The process is launched without shell command-string interpretation, so variable values remain separate process arguments. The frozen call path does not establish attacker control over the executable or argument structure.",lib/ansible/module_utils/common/respawn.py:34-66,FALSE_POSITIVE,The surrounding code passes an argument vector to the child process rather than concatenating request data into shell syntax. The frozen call path does not establish attacker control over the executable or argument structure.,lib/ansible/module_utils/common/respawn.py:34-66,true,,,,FALSE_POSITIVE,Independent annotators agreed; original rationales are preserved in the annotator rationale fields.,lib/ansible/module_utils/common/respawn.py:34-66; lib/ansible/module_utils/common/respawn.py:34-66,independent_agreement
GT-159,FND-000200,R013,ansible/ansible,3827d66bfbdc568f58cce57b113131598c46cd5a,subprocess-execution,CWE-78,hacking/update-sanity-requirements.py,55,55,55,"            subprocess.run(pip + ['install', '-r', self.source_path], env=env, check=True)",FALSE_POSITIVE,"The call is part of repository maintenance or packaging automation, where the command and variable arguments come from local project or configuration state. No remote or less-trusted value is shown controlling command structure at this sink.",hacking/update-sanity-requirements.py:41-73,FALSE_POSITIVE,This process launch is in developer or CI tooling rather than an exposed application request path. No remote or less-trusted value is shown controlling command structure at this sink.,hacking/update-sanity-requirements.py:41-73,true,,,,FALSE_POSITIVE,Independent annotators agreed; original rationales are preserved in the annotator rationale fields.,hacking/update-sanity-requirements.py:41-73; hacking/update-sanity-requirements.py:41-73,independent_agreement
GT-160,FND-001191,R088,pypa/flit,1da96f9636027b332e4bd1b21d8c47a7f75c98d1,subprocess-execution,CWE-78,flit/vcs/git.py,7,8,7,"    outb = check_output(['git', 'ls-files', '--recurse-submodules', '-z'],
                        cwd=str(directory))",FALSE_POSITIVE,This call uses direct process execution; the dynamic pieces are paths or options supplied by the local caller and do not gain shell semantics. The invoked tool is `git`. The frozen call path does not establish attacker control over the executable or argument structure.,flit/vcs/git.py:1-26,FALSE_POSITIVE,"The process is launched without shell command-string interpretation, so variable values remain separate process arguments. The invoked tool is `git`. The frozen call path does not establish attacker control over the executable or argument structure.",flit/vcs/git.py:1-26,true,,,,FALSE_POSITIVE,Independent annotators agreed; original rationales are preserved in the annotator rationale fields.,flit/vcs/git.py:1-26; flit/vcs/git.py:1-26,independent_agreement
GT-161,FND-000001,R001,tiangolo/fastapi,50113da16fec53b66b80d75e80a89296de4fa5a5,subprocess-execution,CWE-78,scripts/docs.py,285,289,285,"    subprocess.run(
        [""zensical"", ""build"", ""--config-file"", config_path.name],
        check=True,
        cwd=config_path.parent,
    )",FALSE_POSITIVE,"This is build, release, or maintenance tooling invoked by the local developer or CI environment. The invoked tool is `zensical`. No remote or less-trusted value is shown controlling command structure at this sink.",scripts/docs.py:271-307,FALSE_POSITIVE,"The call is part of repository maintenance or packaging automation, where the command and variable arguments come from local project or configuration state. The invoked tool is `zensical`. No remote or less-trusted value is shown controlling command structure at this sink.",scripts/docs.py:271-307,true,,,,FALSE_POSITIVE,Independent annotators agreed; original rationales are preserved in the annotator rationale fields.,scripts/docs.py:271-307; scripts/docs.py:271-307,independent_agreement
GT-162,FND-000403,R022,psf/black,20622e1259c29bda81831962ace1348ba1921c84,code-execution-eval,CWE-78,src/blib2to3/pgen2/pgen.py,100,100,100,            value = eval(label),FALSE_POSITIVE,"Black evaluates a grammar label only after asserting it is a quoted keyword or operator token. The parser grammar constrains the value before eval, so arbitrary code text is not accepted here.",src/blib2to3/pgen2/pgen.py:82-124,FALSE_POSITIVE,"Black evaluates a grammar label only after asserting it is a quoted keyword or operator token. The parser grammar constrains the value before eval, so arbitrary code text is not accepted here.",src/blib2to3/pgen2/pgen.py:82-124,true,,,,FALSE_POSITIVE,Independent annotators agreed; original rationales are preserved in the annotator rationale fields.,src/blib2to3/pgen2/pgen.py:82-124; src/blib2to3/pgen2/pgen.py:82-124,independent_agreement
GT-163,FND-000980,R058,pypa/setuptools,7d531288b7c8708d4cc186213da93eaf5d11833d,code-execution-exec,CWE-78,setuptools/_distutils/core.py,250,250,250,"                exec(code, g)  # noqa: S102 # executing the setup script is the point",FALSE_POSITIVE,Distutils run_setup deliberately executes the selected setup script; running that developer-supplied Python file is the purpose of the API rather than injection of a data value.,setuptools/_distutils/core.py:236-268,FALSE_POSITIVE,Distutils run_setup deliberately executes the selected setup script; running that developer-supplied Python file is the purpose of the API rather than injection of a data value.,setuptools/_distutils/core.py:236-268,true,,,,FALSE_POSITIVE,Independent annotators agreed; original rationales are preserved in the annotator rationale fields.,setuptools/_distutils/core.py:236-268; setuptools/_distutils/core.py:236-268,independent_agreement
GT-164,FND-000982,R058,pypa/setuptools,7d531288b7c8708d4cc186213da93eaf5d11833d,subprocess-execution,CWE-78,setuptools/_vendor/jaraco/context/__init__.py,206,206,206,"        subprocess.check_call(cmd, stdout=stream, stderr=stream)",FALSE_POSITIVE,"This is build, release, or maintenance tooling invoked by the local developer or CI environment. The sink receives an already-constructed command or argv from its caller. No remote or less-trusted value is shown controlling command structure at this sink.",setuptools/_vendor/jaraco/context/__init__.py:192-224,FALSE_POSITIVE,"The call is part of repository maintenance or packaging automation, where the command and variable arguments come from local project or configuration state. The sink receives an already-constructed command or argv from its caller. No remote or less-trusted value is shown controlling command structure at this sink.",setuptools/_vendor/jaraco/context/__init__.py:192-224,true,,,,FALSE_POSITIVE,Independent annotators agreed; original rationales are preserved in the annotator rationale fields.,setuptools/_vendor/jaraco/context/__init__.py:192-224; setuptools/_vendor/jaraco/context/__init__.py:192-224,independent_agreement
GT-165,FND-000239,R013,ansible/ansible,3827d66bfbdc568f58cce57b113131598c46cd5a,subprocess-execution,CWE-78,lib/ansible/parsing/vault/__init__.py,833,833,833,            subprocess.check_call(cmd),FALSE_POSITIVE,The surrounding code passes an argument vector to the child process rather than concatenating request data into shell syntax. The sink receives an already-constructed command or argv from its caller. The frozen call path does not establish attacker control over the executable or argument structure.,lib/ansible/parsing/vault/__init__.py:819-851,FALSE_POSITIVE,This call uses direct process execution; the dynamic pieces are paths or options supplied by the local caller and do not gain shell semantics. The sink receives an already-constructed command or argv from its caller. The frozen call path does not establish attacker control over the executable or argument structure.,lib/ansible/parsing/vault/__init__.py:819-851,true,,,,FALSE_POSITIVE,Independent annotators agreed; original rationales are preserved in the annotator rationale fields.,lib/ansible/parsing/vault/__init__.py:819-851; lib/ansible/parsing/vault/__init__.py:819-851,independent_agreement
GT-166,FND-000992,R058,pypa/setuptools,7d531288b7c8708d4cc186213da93eaf5d11833d,code-execution-eval,CWE-78,setuptools/wheel.py,208,216,208,"        extras_require = {
            extra: list(
                map(
                    raw_req,
                    (req for req in reqs if for_extra(req) and eval(req, extra=extra)),
                )
            )
            for extra in extras
        }",FALSE_POSITIVE,The symbol named eval here is a local helper that calls packaging marker evaluation; it is not Python's built-in eval on an arbitrary string.,setuptools/wheel.py:190-240,FALSE_POSITIVE,The symbol named eval here is a local helper that calls packaging marker evaluation; it is not Python's built-in eval on an arbitrary string.,setuptools/wheel.py:190-240,true,,,,FALSE_POSITIVE,Independent annotators agreed; original rationales are preserved in the annotator rationale fields.,setuptools/wheel.py:190-240; setuptools/wheel.py:190-240,independent_agreement
GT-167,FND-000341,R019,tiangolo/typer,82b83959d9e900215ed8ff2a56a766ff066e1c75,subprocess-execution,CWE-78,typer/_click/_termui_impl.py,365,365,365,"            return subprocess.Popen(args, stderr=null).wait()",FALSE_POSITIVE,"The process is launched without shell command-string interpretation, so variable values remain separate process arguments. The sink receives an already-constructed command or argv from its caller. The frozen call path does not establish attacker control over the executable or argument structure.",typer/_click/_termui_impl.py:351-383,FALSE_POSITIVE,The surrounding code passes an argument vector to the child process rather than concatenating request data into shell syntax. The sink receives an already-constructed command or argv from its caller. The frozen call path does not establish attacker control over the executable or argument structure.,typer/_click/_termui_impl.py:351-383,true,,,,FALSE_POSITIVE,Independent annotators agreed; original rationales are preserved in the annotator rationale fields.,typer/_click/_termui_impl.py:351-383; typer/_click/_termui_impl.py:351-383,independent_agreement
GT-168,FND-000427,R025,pydantic/pydantic,c23cb86ef197693fc016437614f174252a3d189a,subprocess-execution,CWE-78,release/shared.py,8,8,8,"    p = subprocess.run(args, stdout=subprocess.PIPE, check=True, encoding='utf-8')",FALSE_POSITIVE,The surrounding code passes an argument vector to the child process rather than concatenating request data into shell syntax. The sink receives an already-constructed command or argv from its caller. The frozen call path does not establish attacker control over the executable or argument structure.,release/shared.py:1-26,FALSE_POSITIVE,This call uses direct process execution; the dynamic pieces are paths or options supplied by the local caller and do not gain shell semantics. The sink receives an already-constructed command or argv from its caller. The frozen call path does not establish attacker control over the executable or argument structure.,release/shared.py:1-26,true,,,,FALSE_POSITIVE,Independent annotators agreed; original rationales are preserved in the annotator rationale fields.,release/shared.py:1-26; release/shared.py:1-26,independent_agreement
GT-169,FND-000397,R022,psf/black,20622e1259c29bda81831962ace1348ba1921c84,subprocess-execution,CWE-78,scripts/release.py,78,78,78,"    cp = run([""git"", ""tag""], capture_output=True, check=True, encoding=""utf8"")",FALSE_POSITIVE,This process launch is in developer or CI tooling rather than an exposed application request path. The invoked tool is `git`. No remote or less-trusted value is shown controlling command structure at this sink.,scripts/release.py:64-96,FALSE_POSITIVE,"This is build, release, or maintenance tooling invoked by the local developer or CI environment. The invoked tool is `git`. No remote or less-trusted value is shown controlling command structure at this sink.",scripts/release.py:64-96,true,,,,FALSE_POSITIVE,Independent annotators agreed; original rationales are preserved in the annotator rationale fields.,scripts/release.py:64-96; scripts/release.py:64-96,independent_agreement
GT-170,FND-001156,R072,hypothesisworks/hypothesis,a8dcd7422a325926693b5464f73349e361562b7c,subprocess-execution,CWE-78,tooling/src/hypothesistooling/installers.py,80,83,80,"    subprocess.check_call(
        [RUSTUP, ""toolchain"", ""install"", version, ""--profile"", ""minimal""]
        + [arg for component in components for arg in (""--component"", component)]
    )",FALSE_POSITIVE,"The process is launched without shell command-string interpretation, so variable values remain separate process arguments. The frozen call path does not establish attacker control over the executable or argument structure.",tooling/src/hypothesistooling/installers.py:66-101,FALSE_POSITIVE,The surrounding code passes an argument vector to the child process rather than concatenating request data into shell syntax. The frozen call path does not establish attacker control over the executable or argument structure.,tooling/src/hypothesistooling/installers.py:66-101,true,,,,FALSE_POSITIVE,Independent annotators agreed; original rationales are preserved in the annotator rationale fields.,tooling/src/hypothesistooling/installers.py:66-101; tooling/src/hypothesistooling/installers.py:66-101,independent_agreement
GT-171,FND-000612,R044,googleapis/google-auth-library-python,2ea24b03436765fa3cf279ce148482ff6332136b,code-execution-exec,CWE-78,setup.py,100,100,100,"    exec(fp.read(), version)",FALSE_POSITIVE,setup.py executes the package's own google/auth/version.py to obtain __version__. The input is repository source controlled with the package.,setup.py:86-118,FALSE_POSITIVE,setup.py executes the package's own google/auth/version.py to obtain __version__. The input is repository source controlled with the package.,setup.py:86-118,true,,,,FALSE_POSITIVE,Independent annotators agreed; original rationales are preserved in the annotator rationale fields.,setup.py:86-118; setup.py:86-118,independent_agreement
GT-172,FND-000591,R040,celery/celery,07ee451b5313b520ed4f57cfe93d35ac81d0548c,code-execution-exec,CWE-78,t/unit/utils/test_functional.py,362,362,362,"        exec(fun, {}, local)",FALSE_POSITIVE,The exec is inside a Celery unit test and the function-definition string is fixed test data. It does not accept external code.,t/unit/utils/test_functional.py:348-380,FALSE_POSITIVE,The exec is inside a Celery unit test and the function-definition string is fixed test data. It does not accept external code.,t/unit/utils/test_functional.py:348-380,true,,,,FALSE_POSITIVE,Independent annotators agreed; original rationales are preserved in the annotator rationale fields.,t/unit/utils/test_functional.py:348-380; t/unit/utils/test_functional.py:348-380,independent_agreement
GT-173,FND-000813,R046,Gallopsled/pwntools,1429a134ecf88eb9af70e05bf6c912f45dfde224,subprocess-execution,CWE-78,pwnlib/util/misc.py,390,391,390,"            subprocess.run((qdbus, konsole_dbus_service, '/konsole/' + name,
                            'org.kde.KMainWindow.activateAction', 'split-view-left-right'), stdout=subprocess.DEVNULL)",FALSE_POSITIVE,"The process is launched without shell command-string interpretation, so variable values remain separate process arguments. The frozen call path does not establish attacker control over the executable or argument structure.",pwnlib/util/misc.py:376-409,FALSE_POSITIVE,The surrounding code passes an argument vector to the child process rather than concatenating request data into shell syntax. The frozen call path does not establish attacker control over the executable or argument structure.,pwnlib/util/misc.py:376-409,true,,,,FALSE_POSITIVE,Independent annotators agreed; original rationales are preserved in the annotator rationale fields.,pwnlib/util/misc.py:376-409; pwnlib/util/misc.py:376-409,independent_agreement
GT-174,FND-000916,R053,numpy/numpy,43a7a41747f860a09f2c5b9a2fe5a97c7f5f8004,code-execution-eval,CWE-78,numpy/f2py/capi_maps.py,301,301,301,            ret['size'] = repr(eval(ret['size'])),TRUE_BUG,"F2PY joins parsed array-dimension expressions and passes the resulting string to eval. The expression is evaluated before validation and can originate in processed Fortran declarations, leaving a code-execution path for crafted input.",numpy/f2py/capi_maps.py:283-325,TRUE_BUG,"F2PY joins parsed array-dimension expressions and passes the resulting string to eval. The expression is evaluated before validation and can originate in processed Fortran declarations, leaving a code-execution path for crafted input.",numpy/f2py/capi_maps.py:283-325,true,,,,TRUE_BUG,Independent annotators agreed; original rationales are preserved in the annotator rationale fields.,numpy/f2py/capi_maps.py:283-325; numpy/f2py/capi_maps.py:283-325,independent_agreement
GT-175,FND-000263,R013,ansible/ansible,3827d66bfbdc568f58cce57b113131598c46cd5a,subprocess-execution,CWE-78,packaging/release.py,81,81,81,"        p = subprocess.run(str_args, check=True, text=True, env=str_env, cwd=cwd, capture_output=capture_output)",FALSE_POSITIVE,This process launch is in developer or CI tooling rather than an exposed application request path. No remote or less-trusted value is shown controlling command structure at this sink.,packaging/release.py:67-99,FALSE_POSITIVE,"This is build, release, or maintenance tooling invoked by the local developer or CI environment. No remote or less-trusted value is shown controlling command structure at this sink.",packaging/release.py:67-99,true,,,,FALSE_POSITIVE,Independent annotators agreed; original rationales are preserved in the annotator rationale fields.,packaging/release.py:67-99; packaging/release.py:67-99,independent_agreement
GT-176,FND-000308,R016,certbot/certbot,56ee04928d677d82c6a375a7c7b48e8ce13bb6bc,subprocess-execution,CWE-78,tools/finish_release.py,185,185,185,"        process = subprocess.run(cmd, check=True, stdout=subprocess.PIPE, universal_newlines=True)",FALSE_POSITIVE,"This is build, release, or maintenance tooling invoked by the local developer or CI environment. The sink receives an already-constructed command or argv from its caller. No remote or less-trusted value is shown controlling command structure at this sink.",tools/finish_release.py:171-203,FALSE_POSITIVE,"The call is part of repository maintenance or packaging automation, where the command and variable arguments come from local project or configuration state. The sink receives an already-constructed command or argv from its caller. No remote or less-trusted value is shown controlling command structure at this sink.",tools/finish_release.py:171-203,true,,,,FALSE_POSITIVE,Independent annotators agreed; original rationales are preserved in the annotator rationale fields.,tools/finish_release.py:171-203; tools/finish_release.py:171-203,independent_agreement
GT-177,FND-000819,R046,Gallopsled/pwntools,1429a134ecf88eb9af70e05bf6c912f45dfde224,code-execution-eval,CWE-78,pwnlib/util/safeeval.py,82,82,82,    return eval(c),FALSE_POSITIVE,Pwntools compiles the expression and checks every bytecode opcode against an allowlist before eval. The security restriction is applied before execution.,pwnlib/util/safeeval.py:64-106,FALSE_POSITIVE,Pwntools compiles the expression and checks every bytecode opcode against an allowlist before eval. The security restriction is applied before execution.,pwnlib/util/safeeval.py:64-106,true,,,,FALSE_POSITIVE,Independent annotators agreed; original rationales are preserved in the annotator rationale fields.,pwnlib/util/safeeval.py:64-106; pwnlib/util/safeeval.py:64-106,independent_agreement
GT-178,FND-000684,R045,sqlmapproject/sqlmap,1ee368f78a73ccc1c193af32d4e70c1244be5865,subprocess-shell-true,CWE-78,lib/core/update.py,52,52,52,"            process = subprocess.Popen(""pip install -U sqlmap"", shell=True, stdout=subprocess.PIPE, stderr=subprocess.STDOUT, cwd=paths.SQLMAP_ROOT_PATH)",FALSE_POSITIVE,"The shell string is the fixed command `pip install -U sqlmap`. Because there is no variable data in the command, shell-metacharacter injection is not present.",lib/core/update.py:38-70,FALSE_POSITIVE,"The shell string is the fixed command `pip install -U sqlmap`. Because there is no variable data in the command, shell-metacharacter injection is not present.",lib/core/update.py:38-70,true,,,,FALSE_POSITIVE,Independent annotators agreed; original rationales are preserved in the annotator rationale fields.,lib/core/update.py:38-70; lib/core/update.py:38-70,independent_agreement
GT-179,FND-000303,R016,certbot/certbot,56ee04928d677d82c6a375a7c7b48e8ce13bb6bc,subprocess-execution,CWE-78,certbot/src/certbot/util.py,494,499,494,"            proc = subprocess.run(
                [""/usr/bin/sw_vers"", ""-productVersion""],
                stdout=subprocess.PIPE, stderr=subprocess.PIPE,
                check=False, universal_newlines=True,
                env=env_no_snap_for_external_calls(),
            )",FALSE_POSITIVE,"The process is launched without shell command-string interpretation, so variable values remain separate process arguments. The invoked tool is `/usr/bin/sw_vers`. The frozen call path does not establish attacker control over the executable or argument structure.",certbot/src/certbot/util.py:480-517,FALSE_POSITIVE,The surrounding code passes an argument vector to the child process rather than concatenating request data into shell syntax. The invoked tool is `/usr/bin/sw_vers`. The frozen call path does not establish attacker control over the executable or argument structure.,certbot/src/certbot/util.py:480-517,true,,,,FALSE_POSITIVE,Independent annotators agreed; original rationales are preserved in the annotator rationale fields.,certbot/src/certbot/util.py:480-517; certbot/src/certbot/util.py:480-517,independent_agreement
GT-180,FND-000079,R003,django/django,9193cb54550727a02fd55dab1b430597a9aa4297,subprocess-execution,CWE-78,django/core/management/utils.py,24,24,24,"        p = run(args, capture_output=True, close_fds=os.name != ""nt"")",FALSE_POSITIVE,The surrounding code passes an argument vector to the child process rather than concatenating request data into shell syntax. The sink receives an already-constructed command or argv from its caller. The frozen call path does not establish attacker control over the executable or argument structure.,django/core/management/utils.py:10-42,FALSE_POSITIVE,This call uses direct process execution; the dynamic pieces are paths or options supplied by the local caller and do not gain shell semantics. The sink receives an already-constructed command or argv from its caller. The frozen call path does not establish attacker control over the executable or argument structure.,django/core/management/utils.py:10-42,true,,,,FALSE_POSITIVE,Independent annotators agreed; original rationales are preserved in the annotator rationale fields.,django/core/management/utils.py:10-42; django/core/management/utils.py:10-42,independent_agreement
GT-181,FND-000184,R013,ansible/ansible,3827d66bfbdc568f58cce57b113131598c46cd5a,subprocess-execution,CWE-78,.azure-pipelines/scripts/publish-codecov.py,65,65,65,"        subprocess.run(cmd, check=True)",FALSE_POSITIVE,This process launch is in developer or CI tooling rather than an exposed application request path. The sink receives an already-constructed command or argv from its caller. No remote or less-trusted value is shown controlling command structure at this sink.,.azure-pipelines/scripts/publish-codecov.py:51-83,FALSE_POSITIVE,"This is build, release, or maintenance tooling invoked by the local developer or CI environment. The sink receives an already-constructed command or argv from its caller. No remote or less-trusted value is shown controlling command structure at this sink.",.azure-pipelines/scripts/publish-codecov.py:51-83,true,,,,FALSE_POSITIVE,Independent annotators agreed; original rationales are preserved in the annotator rationale fields.,.azure-pipelines/scripts/publish-codecov.py:51-83; .azure-pipelines/scripts/publish-codecov.py:51-83,independent_agreement
GT-182,FND-001083,R065,python-trio/trio,69355fc1aff44df4a701ec149a3fd68ac3ab2890,subprocess-execution,CWE-78,src/trio/_tests/test_subprocess.py,605,605,605,"    sleeper = subprocess.Popen([""sleep"", ""3600""])",FALSE_POSITIVE,This subprocess is exercised from test or integration code and launches a test-controlled command or fixture. The invoked tool is `sleep`. The frozen path does not show attacker-controlled data changing the executable or command parsing.,src/trio/_tests/test_subprocess.py:591-623,FALSE_POSITIVE,The finding is in the test harness; the process arguments are constructed by the test rather than from an application request. The invoked tool is `sleep`. The frozen path does not show attacker-controlled data changing the executable or command parsing.,src/trio/_tests/test_subprocess.py:591-623,true,,,,FALSE_POSITIVE,Independent annotators agreed; original rationales are preserved in the annotator rationale fields.,src/trio/_tests/test_subprocess.py:591-623; src/trio/_tests/test_subprocess.py:591-623,independent_agreement
GT-183,FND-001121,R072,hypothesisworks/hypothesis,a8dcd7422a325926693b5464f73349e361562b7c,subprocess-execution,CWE-78,tooling/src/hypothesistooling/__main__.py,710,714,710,"    subprocess.call(
        [""./build.sh"", ""format""],
        cwd=ROOT,
        env={**os.environ, ""FORMAT_ALL"": ""true""},
    )  # exits 1 if changed",FALSE_POSITIVE,The surrounding code passes an argument vector to the child process rather than concatenating request data into shell syntax. The invoked tool is `./build.sh`. The frozen call path does not establish attacker control over the executable or argument structure.,tooling/src/hypothesistooling/__main__.py:696-732,FALSE_POSITIVE,This call uses direct process execution; the dynamic pieces are paths or options supplied by the local caller and do not gain shell semantics. The invoked tool is `./build.sh`. The frozen call path does not establish attacker control over the executable or argument structure.,tooling/src/hypothesistooling/__main__.py:696-732,true,,,,FALSE_POSITIVE,Independent annotators agreed; original rationales are preserved in the annotator rationale fields.,tooling/src/hypothesistooling/__main__.py:696-732; tooling/src/hypothesistooling/__main__.py:696-732,independent_agreement
GT-184,FND-000390,R021,tox-dev/tox,6485a013e46b3cfe8f43002f6aa80e6e390efbfe,subprocess-execution,CWE-78,tasks/release.py,125,125,125,"        check_call([""pre-commit"", ""run"", ""--files"", str(changelog_path)], cwd=str(ROOT_SRC_DIR))  # ruff:ignore[start-process-with-partial-path]",FALSE_POSITIVE,This process launch is in developer or CI tooling rather than an exposed application request path. The invoked tool is `pre-commit`. No remote or less-trusted value is shown controlling command structure at this sink.,tasks/release.py:111-143,FALSE_POSITIVE,"This is build, release, or maintenance tooling invoked by the local developer or CI environment. The invoked tool is `pre-commit`. No remote or less-trusted value is shown controlling command structure at this sink.",tasks/release.py:111-143,true,,,,FALSE_POSITIVE,Independent annotators agreed; original rationales are preserved in the annotator rationale fields.,tasks/release.py:111-143; tasks/release.py:111-143,independent_agreement
GT-185,FND-000970,R057,pypa/virtualenv,2ef85af47fcae15625ca7ad6f77452d5c78fadb2,subprocess-execution,CWE-78,tasks/upgrade_wheels.py,217,217,217,"    subprocess.run([sys.executable, ""-m"", ""ruff"", ""check"", str(dest_target), ""--fix"", ""--unsafe-fixes""], check=False)",FALSE_POSITIVE,"This is build, release, or maintenance tooling invoked by the local developer or CI environment. No remote or less-trusted value is shown controlling command structure at this sink.",tasks/upgrade_wheels.py:203-235,FALSE_POSITIVE,"The call is part of repository maintenance or packaging automation, where the command and variable arguments come from local project or configuration state. No remote or less-trusted value is shown controlling command structure at this sink.",tasks/upgrade_wheels.py:203-235,true,,,,FALSE_POSITIVE,Independent annotators agreed; original rationales are preserved in the annotator rationale fields.,tasks/upgrade_wheels.py:203-235; tasks/upgrade_wheels.py:203-235,independent_agreement
GT-186,FND-000890,R052,pandas-dev/pandas,c26625d6e79fe8f11dd00184a3c32b5cc68d70cc,subprocess-execution,CWE-78,pandas/io/clipboard/__init__.py,243,243,243,"            p = subprocess.Popen(args, stdin=subprocess.PIPE, close_fds=True)",FALSE_POSITIVE,The surrounding code passes an argument vector to the child process rather than concatenating request data into shell syntax. The sink receives an already-constructed command or argv from its caller. The frozen call path does not establish attacker control over the executable or argument structure.,pandas/io/clipboard/__init__.py:229-261,FALSE_POSITIVE,This call uses direct process execution; the dynamic pieces are paths or options supplied by the local caller and do not gain shell semantics. The sink receives an already-constructed command or argv from its caller. The frozen call path does not establish attacker control over the executable or argument structure.,pandas/io/clipboard/__init__.py:229-261,true,,,,FALSE_POSITIVE,Independent annotators agreed; original rationales are preserved in the annotator rationale fields.,pandas/io/clipboard/__init__.py:229-261; pandas/io/clipboard/__init__.py:229-261,independent_agreement
GT-187,FND-001193,R088,pypa/flit,1da96f9636027b332e4bd1b21d8c47a7f75c98d1,subprocess-execution,CWE-78,flit/vcs/hg.py,24,25,24,"    outb = check_output(['hg', 'status', '--clean', '--added', '--modified', '--no-status'],
                        cwd=str(directory))",FALSE_POSITIVE,This call uses direct process execution; the dynamic pieces are paths or options supplied by the local caller and do not gain shell semantics. The invoked tool is `hg`. The frozen call path does not establish attacker control over the executable or argument structure.,flit/vcs/hg.py:10-43,FALSE_POSITIVE,"The process is launched without shell command-string interpretation, so variable values remain separate process arguments. The invoked tool is `hg`. The frozen call path does not establish attacker control over the executable or argument structure.",flit/vcs/hg.py:10-43,true,,,,FALSE_POSITIVE,Independent annotators agreed; original rationales are preserved in the annotator rationale fields.,flit/vcs/hg.py:10-43; flit/vcs/hg.py:10-43,independent_agreement
GT-188,FND-000426,R025,pydantic/pydantic,c23cb86ef197693fc016437614f174252a3d189a,code-execution-eval,CWE-78,pydantic/v1/utils.py,195,195,195,        eval('__IPYTHON__'),FALSE_POSITIVE,The evaluated text is the fixed literal __IPYTHON__. No user-controlled string is passed to eval.,pydantic/v1/utils.py:177-219,FALSE_POSITIVE,The evaluated text is the fixed literal __IPYTHON__. No user-controlled string is passed to eval.,pydantic/v1/utils.py:177-219,true,,,,FALSE_POSITIVE,Independent annotators agreed; original rationales are preserved in the annotator rationale fields.,pydantic/v1/utils.py:177-219; pydantic/v1/utils.py:177-219,independent_agreement
GT-189,FND-000774,R045,sqlmapproject/sqlmap,1ee368f78a73ccc1c193af32d4e70c1244be5865,subprocess-execution,CWE-78,thirdparty/bottle/bottle.py,3924,3924,3924,"                p = subprocess.Popen(args, env=environ)",FALSE_POSITIVE,The surrounding code passes an argument vector to the child process rather than concatenating request data into shell syntax. The sink receives an already-constructed command or argv from its caller. The frozen call path does not establish attacker control over the executable or argument structure.,thirdparty/bottle/bottle.py:3910-3942,FALSE_POSITIVE,This call uses direct process execution; the dynamic pieces are paths or options supplied by the local caller and do not gain shell semantics. The sink receives an already-constructed command or argv from its caller. The frozen call path does not establish attacker control over the executable or argument structure.,thirdparty/bottle/bottle.py:3910-3942,true,,,,FALSE_POSITIVE,Independent annotators agreed; original rationales are preserved in the annotator rationale fields.,thirdparty/bottle/bottle.py:3910-3942; thirdparty/bottle/bottle.py:3910-3942,independent_agreement
GT-190,FND-000205,R013,ansible/ansible,3827d66bfbdc568f58cce57b113131598c46cd5a,subprocess-execution,CWE-78,lib/ansible/cli/__init__.py,622,622,622,"                p = subprocess.Popen(cmd, stdout=subprocess.PIPE, stderr=subprocess.PIPE)",FALSE_POSITIVE,This call uses direct process execution; the dynamic pieces are paths or options supplied by the local caller and do not gain shell semantics. The sink receives an already-constructed command or argv from its caller. The frozen call path does not establish attacker control over the executable or argument structure.,lib/ansible/cli/__init__.py:608-640,FALSE_POSITIVE,"The process is launched without shell command-string interpretation, so variable values remain separate process arguments. The sink receives an already-constructed command or argv from its caller. The frozen call path does not establish attacker control over the executable or argument structure.",lib/ansible/cli/__init__.py:608-640,true,,,,FALSE_POSITIVE,Independent annotators agreed; original rationales are preserved in the annotator rationale fields.,lib/ansible/cli/__init__.py:608-640; lib/ansible/cli/__init__.py:608-640,independent_agreement
GT-191,FND-000144,R003,django/django,9193cb54550727a02fd55dab1b430597a9aa4297,subprocess-execution,CWE-78,scripts/prepare_commit_msg.py,28,28,28,"    return subprocess.run(cmd, capture_output=True, text=True).stdout.strip()",FALSE_POSITIVE,"This is build, release, or maintenance tooling invoked by the local developer or CI environment. The sink receives an already-constructed command or argv from its caller. No remote or less-trusted value is shown controlling command structure at this sink.",scripts/prepare_commit_msg.py:14-46,FALSE_POSITIVE,"The call is part of repository maintenance or packaging automation, where the command and variable arguments come from local project or configuration state. The sink receives an already-constructed command or argv from its caller. No remote or less-trusted value is shown controlling command structure at this sink.",scripts/prepare_commit_msg.py:14-46,true,,,,FALSE_POSITIVE,Independent annotators agreed; original rationales are preserved in the annotator rationale fields.,scripts/prepare_commit_msg.py:14-46; scripts/prepare_commit_msg.py:14-46,independent_agreement
GT-192,FND-000993,R058,pypa/setuptools,7d531288b7c8708d4cc186213da93eaf5d11833d,subprocess-execution,CWE-78,tools/build_launchers.py,77,77,77,"    subprocess.check_call(cmd, cwd=build_arena)",FALSE_POSITIVE,"The call is part of repository maintenance or packaging automation, where the command and variable arguments come from local project or configuration state. The sink receives an already-constructed command or argv from its caller. No remote or less-trusted value is shown controlling command structure at this sink.",tools/build_launchers.py:63-95,FALSE_POSITIVE,This process launch is in developer or CI tooling rather than an exposed application request path. The sink receives an already-constructed command or argv from its caller. No remote or less-trusted value is shown controlling command structure at this sink.,tools/build_launchers.py:63-95,true,,,,FALSE_POSITIVE,Independent annotators agreed; original rationales are preserved in the annotator rationale fields.,tools/build_launchers.py:63-95; tools/build_launchers.py:63-95,independent_agreement
GT-193,FND-001019,R062,falconry/falcon,eb27592b159fea6678b3c70b16f195b0f990faa9,code-execution-eval,CWE-78,falcon/bench/bench.py,222,222,222,"    app = eval('create.{0}(BODY, HEADERS)'.format(function))",FALSE_POSITIVE,"The benchmark name is converted to a create.<name> lookup inside Falcon's benchmark tool. This is local benchmark selection, not an application data path exposed to an attacker.",falcon/bench/bench.py:204-246,FALSE_POSITIVE,"The benchmark name is converted to a create.<name> lookup inside Falcon's benchmark tool. This is local benchmark selection, not an application data path exposed to an attacker.",falcon/bench/bench.py:204-246,true,,,,FALSE_POSITIVE,Independent annotators agreed; original rationales are preserved in the annotator rationale fields.,falcon/bench/bench.py:204-246; falcon/bench/bench.py:204-246,independent_agreement
GT-194,FND-000011,R001,tiangolo/fastapi,50113da16fec53b66b80d75e80a89296de4fa5a5,subprocess-execution,CWE-78,scripts/playwright/separate_openapi_schemas/image02.py,26,28,26,"process = subprocess.Popen(
    [""uvicorn"", ""docs_src.separate_openapi_schemas.tutorial001:app""]
)",FALSE_POSITIVE,"This is build, release, or maintenance tooling invoked by the local developer or CI environment. The invoked tool is `uvicorn`. No remote or less-trusted value is shown controlling command structure at this sink.",scripts/playwright/separate_openapi_schemas/image02.py:12-46,FALSE_POSITIVE,"The call is part of repository maintenance or packaging automation, where the command and variable arguments come from local project or configuration state. The invoked tool is `uvicorn`. No remote or less-trusted value is shown controlling command structure at this sink.",scripts/playwright/separate_openapi_schemas/image02.py:12-46,true,,,,FALSE_POSITIVE,Independent annotators agreed; original rationales are preserved in the annotator rationale fields.,scripts/playwright/separate_openapi_schemas/image02.py:12-46; scripts/playwright/separate_openapi_schemas/image02.py:12-46,independent_agreement
GT-195,FND-000186,R013,ansible/ansible,3827d66bfbdc568f58cce57b113131598c46cd5a,subprocess-execution,CWE-78,hacking/azp/incidental.py,319,319,319,        subprocess.check_call(self.analyze_cmd + ['combine'] + input_paths + [output_path]),FALSE_POSITIVE,"The call is part of repository maintenance or packaging automation, where the command and variable arguments come from local project or configuration state. No remote or less-trusted value is shown controlling command structure at this sink.",hacking/azp/incidental.py:305-337,FALSE_POSITIVE,This process launch is in developer or CI tooling rather than an exposed application request path. No remote or less-trusted value is shown controlling command structure at this sink.,hacking/azp/incidental.py:305-337,true,,,,FALSE_POSITIVE,Independent annotators agreed; original rationales are preserved in the annotator rationale fields.,hacking/azp/incidental.py:305-337; hacking/azp/incidental.py:305-337,independent_agreement
GT-196,FND-000314,R016,certbot/certbot,56ee04928d677d82c6a375a7c7b48e8ce13bb6bc,subprocess-execution,CWE-78,tools/snap/build_remote_single.py,151,151,151,"        subprocess.run(['git', 'init'], capture_output=True, check=True, cwd=workspace)",FALSE_POSITIVE,This process launch is in developer or CI tooling rather than an exposed application request path. The invoked tool is `git`. No remote or less-trusted value is shown controlling command structure at this sink.,tools/snap/build_remote_single.py:137-169,FALSE_POSITIVE,"This is build, release, or maintenance tooling invoked by the local developer or CI environment. The invoked tool is `git`. No remote or less-trusted value is shown controlling command structure at this sink.",tools/snap/build_remote_single.py:137-169,true,,,,FALSE_POSITIVE,Independent annotators agreed; original rationales are preserved in the annotator rationale fields.,tools/snap/build_remote_single.py:137-169; tools/snap/build_remote_single.py:137-169,independent_agreement
GT-197,FND-000265,R014,fabric/fabric,ded51893f02c33d2bc7c157624c44a039a952037,code-execution-exec,CWE-78,setup.py,45,45,45,"    exec(fp.read(), None, _locals)",FALSE_POSITIVE,Fabric's setup script executes its own _version.py to read package version metadata. This is trusted packaging code.,setup.py:31-63,FALSE_POSITIVE,Fabric's setup script executes its own _version.py to read package version metadata. This is trusted packaging code.,setup.py:31-63,true,,,,FALSE_POSITIVE,Independent annotators agreed; original rationales are preserved in the annotator rationale fields.,setup.py:31-63; setup.py:31-63,independent_agreement
GT-198,FND-001137,R072,hypothesisworks/hypothesis,a8dcd7422a325926693b5464f73349e361562b7c,subprocess-execution,CWE-78,tooling/src/hypothesistooling/__main__.py,1113,1113,1113,"    subprocess.check_call([sys.executable, ""-m"", ""pytest"", *args])",FALSE_POSITIVE,The surrounding code passes an argument vector to the child process rather than concatenating request data into shell syntax. The sink receives an already-constructed command or argv from its caller. The frozen call path does not establish attacker control over the executable or argument structure.,tooling/src/hypothesistooling/__main__.py:1099-1131,FALSE_POSITIVE,This call uses direct process execution; the dynamic pieces are paths or options supplied by the local caller and do not gain shell semantics. The sink receives an already-constructed command or argv from its caller. The frozen call path does not establish attacker control over the executable or argument structure.,tooling/src/hypothesistooling/__main__.py:1099-1131,true,,,,FALSE_POSITIVE,Independent annotators agreed; original rationales are preserved in the annotator rationale fields.,tooling/src/hypothesistooling/__main__.py:1099-1131; tooling/src/hypothesistooling/__main__.py:1099-1131,independent_agreement
GT-199,FND-000598,R040,celery/celery,07ee451b5313b520ed4f57cfe93d35ac81d0548c,subprocess-execution,CWE-78,t/unit/utils/test_platforms.py,174,174,174,"    subprocess.run([sys.executable, '-c', script], check=True, timeout=30)",FALSE_POSITIVE,This call belongs to the project's tests and runs tooling or fixtures selected by the test itself. The frozen path does not show attacker-controlled data changing the executable or command parsing.,t/unit/utils/test_platforms.py:160-192,FALSE_POSITIVE,This subprocess is exercised from test or integration code and launches a test-controlled command or fixture. The frozen path does not show attacker-controlled data changing the executable or command parsing.,t/unit/utils/test_platforms.py:160-192,true,,,,FALSE_POSITIVE,Independent annotators agreed; original rationales are preserved in the annotator rationale fields.,t/unit/utils/test_platforms.py:160-192; t/unit/utils/test_platforms.py:160-192,independent_agreement
GT-200,FND-000997,R058,pypa/setuptools,7d531288b7c8708d4cc186213da93eaf5d11833d,subprocess-execution,CWE-78,tools/finalize.py,42,42,42,"    subprocess.check_output(['git', 'add', changelog_fn])",FALSE_POSITIVE,"This is build, release, or maintenance tooling invoked by the local developer or CI environment. The invoked tool is `git`. No remote or less-trusted value is shown controlling command structure at this sink.",tools/finalize.py:28-60,FALSE_POSITIVE,"The call is part of repository maintenance or packaging automation, where the command and variable arguments come from local project or configuration state. The invoked tool is `git`. No remote or less-trusted value is shown controlling command structure at this sink.",tools/finalize.py:28-60,true,,,,FALSE_POSITIVE,Independent annotators agreed; original rationales are preserved in the annotator rationale fields.,tools/finalize.py:28-60; tools/finalize.py:28-60,independent_agreement
GT-201,FND-000287,R016,certbot/certbot,56ee04928d677d82c6a375a7c7b48e8ce13bb6bc,subprocess-execution,CWE-78,certbot-ci/src/snap_integration_tests/dns_tests/test_main.py,45,46,45,"        assert plugin_name in subprocess.check_output(['certbot', 'plugins', '--prepare'],
                                                      universal_newlines=True)",FALSE_POSITIVE,The finding is in the test harness; the process arguments are constructed by the test rather than from an application request. The invoked tool is `certbot`. The frozen path does not show attacker-controlled data changing the executable or command parsing.,certbot-ci/src/snap_integration_tests/dns_tests/test_main.py:31-64,FALSE_POSITIVE,This call belongs to the project's tests and runs tooling or fixtures selected by the test itself. The invoked tool is `certbot`. The frozen path does not show attacker-controlled data changing the executable or command parsing.,certbot-ci/src/snap_integration_tests/dns_tests/test_main.py:31-64,true,,,,FALSE_POSITIVE,Independent annotators agreed; original rationales are preserved in the annotator rationale fields.,certbot-ci/src/snap_integration_tests/dns_tests/test_main.py:31-64; certbot-ci/src/snap_integration_tests/dns_tests/test_main.py:31-64,independent_agreement
GT-202,FND-001163,R072,hypothesisworks/hypothesis,a8dcd7422a325926693b5464f73349e361562b7c,subprocess-execution,CWE-78,tooling/src/hypothesistooling/release.py,291,300,291,"    subprocess.check_call(
        [
            sys.executable,
            ""-m"",
            ""twine"",
            ""upload"",
            ""--skip-existing"",
            os.path.join(DIST, ""*""),
        ]
    )",FALSE_POSITIVE,This process launch is in developer or CI tooling rather than an exposed application request path. No remote or less-trusted value is shown controlling command structure at this sink.,tooling/src/hypothesistooling/release.py:277-318,FALSE_POSITIVE,"This is build, release, or maintenance tooling invoked by the local developer or CI environment. No remote or less-trusted value is shown controlling command structure at this sink.",tooling/src/hypothesistooling/release.py:277-318,true,,,,FALSE_POSITIVE,Independent annotators agreed; original rationales are preserved in the annotator rationale fields.,tooling/src/hypothesistooling/release.py:277-318; tooling/src/hypothesistooling/release.py:277-318,independent_agreement
GT-203,FND-000885,R052,pandas-dev/pandas,c26625d6e79fe8f11dd00184a3c32b5cc68d70cc,subprocess-execution,CWE-78,pandas/io/clipboard/__init__.py,182,185,182,"        with subprocess.Popen(
            [""xclip"", ""-selection"", selection], stdin=subprocess.PIPE, close_fds=True
        ) as p:
            p.communicate(input=text.encode(ENCODING))",FALSE_POSITIVE,"The process is launched without shell command-string interpretation, so variable values remain separate process arguments. The invoked tool is `xclip`. The frozen call path does not establish attacker control over the executable or argument structure.",pandas/io/clipboard/__init__.py:168-203,FALSE_POSITIVE,The surrounding code passes an argument vector to the child process rather than concatenating request data into shell syntax. The invoked tool is `xclip`. The frozen call path does not establish attacker control over the executable or argument structure.,pandas/io/clipboard/__init__.py:168-203,true,,,,FALSE_POSITIVE,Independent annotators agreed; original rationales are preserved in the annotator rationale fields.,pandas/io/clipboard/__init__.py:168-203; pandas/io/clipboard/__init__.py:168-203,independent_agreement
GT-204,FND-000414,R024,pre-commit/pre-commit,a9bba55a3f74068b53f4bd4d831d7e05e34eae6c,subprocess-execution,CWE-78,pre_commit/util.py,103,103,103,"            proc = subprocess.Popen(cmd, **kwargs)",FALSE_POSITIVE,The surrounding code passes an argument vector to the child process rather than concatenating request data into shell syntax. The sink receives an already-constructed command or argv from its caller. The frozen call path does not establish attacker control over the executable or argument structure.,pre_commit/util.py:89-121,FALSE_POSITIVE,This call uses direct process execution; the dynamic pieces are paths or options supplied by the local caller and do not gain shell semantics. The sink receives an already-constructed command or argv from its caller. The frozen call path does not establish attacker control over the executable or argument structure.,pre_commit/util.py:89-121,true,,,,FALSE_POSITIVE,Independent annotators agreed; original rationales are preserved in the annotator rationale fields.,pre_commit/util.py:89-121; pre_commit/util.py:89-121,independent_agreement
GT-205,FND-000910,R053,numpy/numpy,43a7a41747f860a09f2c5b9a2fe5a97c7f5f8004,code-execution-eval,CWE-78,numpy/_build_utils/tempita/_tempita.py,1098,1098,1098,            value = eval(value),FALSE_POSITIVE,"Tempita's CLI evaluates a value only when the local command-line caller explicitly prefixes the variable with py:. That is an opt-in local code-evaluation feature, not evaluation of an untrusted template value.",numpy/_build_utils/tempita/_tempita.py:1080-1122,FALSE_POSITIVE,"Tempita's CLI evaluates a value only when the local command-line caller explicitly prefixes the variable with py:. That is an opt-in local code-evaluation feature, not evaluation of an untrusted template value.",numpy/_build_utils/tempita/_tempita.py:1080-1122,true,,,,FALSE_POSITIVE,Independent annotators agreed; original rationales are preserved in the annotator rationale fields.,numpy/_build_utils/tempita/_tempita.py:1080-1122; numpy/_build_utils/tempita/_tempita.py:1080-1122,independent_agreement
GT-206,FND-000507,R037,mongodb/mongo-python-driver,4dd73032d98146fd97bedfb8434bff2f458bc26f,subprocess-execution,CWE-78,.evergreen/scripts/resync-all-specs.py,98,103,98,"    process = subprocess.run(
        [""git"", ""diff"", ""--name-only""],  # noqa: S607
        capture_output=True,
        text=True,
        check=True,
    )",FALSE_POSITIVE,"This is build, release, or maintenance tooling invoked by the local developer or CI environment. The invoked tool is `git`. No remote or less-trusted value is shown controlling command structure at this sink.",.evergreen/scripts/resync-all-specs.py:84-121,FALSE_POSITIVE,"The call is part of repository maintenance or packaging automation, where the command and variable arguments come from local project or configuration state. The invoked tool is `git`. No remote or less-trusted value is shown controlling command structure at this sink.",.evergreen/scripts/resync-all-specs.py:84-121,true,,,,FALSE_POSITIVE,Independent annotators agreed; original rationales are preserved in the annotator rationale fields.,.evergreen/scripts/resync-all-specs.py:84-121; .evergreen/scripts/resync-all-specs.py:84-121,independent_agreement
GT-207,FND-000957,R056,pycurl/pycurl,3d008f97dceded3dde9888543c565a63237fee6c,subprocess-execution,CWE-78,setup.py,479,479,479,"            p = subprocess.Popen(['cl.exe'], stdout=subprocess.PIPE, stderr=subprocess.PIPE)",FALSE_POSITIVE,"The call is part of repository maintenance or packaging automation, where the command and variable arguments come from local project or configuration state. The invoked tool is `cl.exe`. No remote or less-trusted value is shown controlling command structure at this sink.",setup.py:465-497,FALSE_POSITIVE,This process launch is in developer or CI tooling rather than an exposed application request path. The invoked tool is `cl.exe`. No remote or less-trusted value is shown controlling command structure at this sink.,setup.py:465-497,true,,,,FALSE_POSITIVE,Independent annotators agreed; original rationales are preserved in the annotator rationale fields.,setup.py:465-497; setup.py:465-497,independent_agreement
GT-208,FND-000610,R044,googleapis/google-auth-library-python,2ea24b03436765fa3cf279ce148482ff6332136b,subprocess-execution,CWE-78,google/auth/transport/_mtls_helper.py,293,295,293,"        process = subprocess.Popen(
            command, stdout=subprocess.PIPE, stderr=subprocess.PIPE
        )",FALSE_POSITIVE,This call uses direct process execution; the dynamic pieces are paths or options supplied by the local caller and do not gain shell semantics. The sink receives an already-constructed command or argv from its caller. The frozen call path does not establish attacker control over the executable or argument structure.,google/auth/transport/_mtls_helper.py:279-313,FALSE_POSITIVE,"The process is launched without shell command-string interpretation, so variable values remain separate process arguments. The sink receives an already-constructed command or argv from its caller. The frozen call path does not establish attacker control over the executable or argument structure.",google/auth/transport/_mtls_helper.py:279-313,true,,,,FALSE_POSITIVE,Independent annotators agreed; original rationales are preserved in the annotator rationale fields.,google/auth/transport/_mtls_helper.py:279-313; google/auth/transport/_mtls_helper.py:279-313,independent_agreement
GT-209,FND-000391,R021,tox-dev/tox,6485a013e46b3cfe8f43002f6aa80e6e390efbfe,subprocess-execution,CWE-78,tasks/release.py,146,152,146,"        result = run(
            [""gh"", ""release"", ""create"", version_str, ""--title"", f""v{version_str}"", ""--generate-notes""],  # ruff:ignore[start-process-with-partial-path]
            cwd=str(ROOT_SRC_DIR),
            capture_output=True,
            text=True,
            check=True,
        )",FALSE_POSITIVE,"This is build, release, or maintenance tooling invoked by the local developer or CI environment. The invoked tool is `gh`. No remote or less-trusted value is shown controlling command structure at this sink.",tasks/release.py:132-170,FALSE_POSITIVE,"The call is part of repository maintenance or packaging automation, where the command and variable arguments come from local project or configuration state. The invoked tool is `gh`. No remote or less-trusted value is shown controlling command structure at this sink.",tasks/release.py:132-170,true,,,,FALSE_POSITIVE,Independent annotators agreed; original rationales are preserved in the annotator rationale fields.,tasks/release.py:132-170; tasks/release.py:132-170,independent_agreement
GT-210,FND-001000,R058,pypa/setuptools,7d531288b7c8708d4cc186213da93eaf5d11833d,subprocess-execution,CWE-78,tools/generate_validation_code.py,27,27,27,    subprocess.check_call(cmd),FALSE_POSITIVE,"The call is part of repository maintenance or packaging automation, where the command and variable arguments come from local project or configuration state. The sink receives an already-constructed command or argv from its caller. No remote or less-trusted value is shown controlling command structure at this sink.",tools/generate_validation_code.py:13-45,FALSE_POSITIVE,This process launch is in developer or CI tooling rather than an exposed application request path. The sink receives an already-constructed command or argv from its caller. No remote or less-trusted value is shown controlling command structure at this sink.,tools/generate_validation_code.py:13-45,true,,,,FALSE_POSITIVE,Independent annotators agreed; original rationales are preserved in the annotator rationale fields.,tools/generate_validation_code.py:13-45; tools/generate_validation_code.py:13-45,independent_agreement
GT-211,FND-000782,R046,Gallopsled/pwntools,1429a134ecf88eb9af70e05bf6c912f45dfde224,subprocess-execution,CWE-78,pwnlib/commandline/elfdiff.py,22,22,22,"    try: return check_output(['diff',a,b], universal_newlines=True)",FALSE_POSITIVE,This call uses direct process execution; the dynamic pieces are paths or options supplied by the local caller and do not gain shell semantics. The invoked tool is `diff`. The frozen call path does not establish attacker control over the executable or argument structure.,pwnlib/commandline/elfdiff.py:8-40,FALSE_POSITIVE,"The process is launched without shell command-string interpretation, so variable values remain separate process arguments. The invoked tool is `diff`. The frozen call path does not establish attacker control over the executable or argument structure.",pwnlib/commandline/elfdiff.py:8-40,true,,,,FALSE_POSITIVE,Independent annotators agreed; original rationales are preserved in the annotator rationale fields.,pwnlib/commandline/elfdiff.py:8-40; pwnlib/commandline/elfdiff.py:8-40,independent_agreement
GT-212,FND-000978,R058,pypa/setuptools,7d531288b7c8708d4cc186213da93eaf5d11833d,subprocess-execution,CWE-78,setuptools/_distutils/compilers/C/msvc.py,93,110,93,"            path = (
                subprocess
                .check_output([
                    os.path.join(
                        root, ""Microsoft Visual Studio"", ""Installer"", ""vswhere.exe""
                    ),
                    ""-latest"",
                    ""-prerelease"",
                    ""-requires"",
                    component,
                    ""-property"",
                    ""installationPath"",
                    ""-products"",
                    ""*"",
                ])
                .decode(encoding=""mbcs"", errors=""strict"")
                .strip()
            )",FALSE_POSITIVE,"This is build, release, or maintenance tooling invoked by the local developer or CI environment. No remote or less-trusted value is shown controlling command structure at this sink.",setuptools/_distutils/compilers/C/msvc.py:79-128,FALSE_POSITIVE,"The call is part of repository maintenance or packaging automation, where the command and variable arguments come from local project or configuration state. No remote or less-trusted value is shown controlling command structure at this sink.",setuptools/_distutils/compilers/C/msvc.py:79-128,true,,,,FALSE_POSITIVE,Independent annotators agreed; original rationales are preserved in the annotator rationale fields.,setuptools/_distutils/compilers/C/msvc.py:79-128; setuptools/_distutils/compilers/C/msvc.py:79-128,independent_agreement
GT-213,FND-000362,R020,pytest-dev/pytest,431f3e1f5fd70b9b0f8afa2d20a10421542e5c6a,subprocess-execution,CWE-78,scripts/release.py,21,21,21,"    stdout = check_output([""git"", ""describe"", ""--abbrev=0"", ""--tags""], encoding=""UTF-8"")",FALSE_POSITIVE,"The call is part of repository maintenance or packaging automation, where the command and variable arguments come from local project or configuration state. The invoked tool is `git`. No remote or less-trusted value is shown controlling command structure at this sink.",scripts/release.py:7-39,FALSE_POSITIVE,This process launch is in developer or CI tooling rather than an exposed application request path. The invoked tool is `git`. No remote or less-trusted value is shown controlling command structure at this sink.,scripts/release.py:7-39,true,,,,FALSE_POSITIVE,Independent annotators agreed; original rationales are preserved in the annotator rationale fields.,scripts/release.py:7-39; scripts/release.py:7-39,independent_agreement
GT-214,FND-001223,R091,simonw/datasette,bdc973174096cae350ddaa733a10ed8b3ffd970b,subprocess-shell-true,CWE-78,datasette/publish/cloudrun.py,222,227,222,"            check_call(
                ""gcloud builds submit --tag {}{}"".format(
                    image_id, f"" --timeout {timeout}"" if timeout else """"
                ),
                shell=True,
            )",FALSE_POSITIVE,The gcloud build command is assembled by Datasette's local publishing CLI from operator-supplied deployment settings. The frozen code does not show a remote or less-trusted source controlling those shell fragments.,datasette/publish/cloudrun.py:208-245,FALSE_POSITIVE,The gcloud build command is assembled by Datasette's local publishing CLI from operator-supplied deployment settings. The frozen code does not show a remote or less-trusted source controlling those shell fragments.,datasette/publish/cloudrun.py:208-245,true,,,,FALSE_POSITIVE,Independent annotators agreed; original rationales are preserved in the annotator rationale fields.,datasette/publish/cloudrun.py:208-245; datasette/publish/cloudrun.py:208-245,independent_agreement
GT-215,FND-000815,R046,Gallopsled/pwntools,1429a134ecf88eb9af70e05bf6c912f45dfde224,subprocess-execution,CWE-78,pwnlib/util/misc.py,509,509,509,"    p = subprocess.Popen(argv, stdin=stdin, stdout=stdout, stderr=stderr, preexec_fn=preexec_fn)",FALSE_POSITIVE,"The process is launched without shell command-string interpretation, so variable values remain separate process arguments. The frozen call path does not establish attacker control over the executable or argument structure.",pwnlib/util/misc.py:495-527,FALSE_POSITIVE,The surrounding code passes an argument vector to the child process rather than concatenating request data into shell syntax. The frozen call path does not establish attacker control over the executable or argument structure.,pwnlib/util/misc.py:495-527,true,,,,FALSE_POSITIVE,Independent annotators agreed; original rationales are preserved in the annotator rationale fields.,pwnlib/util/misc.py:495-527; pwnlib/util/misc.py:495-527,independent_agreement
GT-216,FND-000909,R053,numpy/numpy,43a7a41747f860a09f2c5b9a2fe5a97c7f5f8004,code-execution-exec,CWE-78,numpy/_build_utils/tempita/_tempita.py,335,335,335,"            exec(code, self.default_namespace, ns)",FALSE_POSITIVE,"Tempita executes template statement blocks as part of the build-time templating engine. In this bundled build utility the statements come from trusted templates, not an exposed runtime input.",numpy/_build_utils/tempita/_tempita.py:321-353,FALSE_POSITIVE,"Tempita executes template statement blocks as part of the build-time templating engine. In this bundled build utility the statements come from trusted templates, not an exposed runtime input.",numpy/_build_utils/tempita/_tempita.py:321-353,true,,,,FALSE_POSITIVE,Independent annotators agreed; original rationales are preserved in the annotator rationale fields.,numpy/_build_utils/tempita/_tempita.py:321-353; numpy/_build_utils/tempita/_tempita.py:321-353,independent_agreement
GT-217,FND-000345,R019,tiangolo/typer,82b83959d9e900215ed8ff2a56a766ff066e1c75,subprocess-execution,CWE-78,typer/_completion_classes.py,73,76,73,"            output = subprocess.run(
                [bash_exe, ""--norc"", ""-c"", 'echo ""${BASH_VERSION}""'],
                stdout=subprocess.PIPE,
            )",FALSE_POSITIVE,This call uses direct process execution; the dynamic pieces are paths or options supplied by the local caller and do not gain shell semantics. The frozen call path does not establish attacker control over the executable or argument structure.,typer/_completion_classes.py:59-94,FALSE_POSITIVE,"The process is launched without shell command-string interpretation, so variable values remain separate process arguments. The frozen call path does not establish attacker control over the executable or argument structure.",typer/_completion_classes.py:59-94,true,,,,FALSE_POSITIVE,Independent annotators agreed; original rationales are preserved in the annotator rationale fields.,typer/_completion_classes.py:59-94; typer/_completion_classes.py:59-94,independent_agreement
GT-218,FND-000284,R016,certbot/certbot,56ee04928d677d82c6a375a7c7b48e8ce13bb6bc,subprocess-execution,CWE-78,certbot-ci/src/snap_integration_tests/dns_tests/test_main.py,41,41,41,"        subprocess.check_call(['snap', 'install', '--dangerous', dns_snap_path])",FALSE_POSITIVE,This subprocess is exercised from test or integration code and launches a test-controlled command or fixture. The invoked tool is `snap`. The frozen path does not show attacker-controlled data changing the executable or command parsing.,certbot-ci/src/snap_integration_tests/dns_tests/test_main.py:27-59,FALSE_POSITIVE,The finding is in the test harness; the process arguments are constructed by the test rather than from an application request. The invoked tool is `snap`. The frozen path does not show attacker-controlled data changing the executable or command parsing.,certbot-ci/src/snap_integration_tests/dns_tests/test_main.py:27-59,true,,,,FALSE_POSITIVE,Independent annotators agreed; original rationales are preserved in the annotator rationale fields.,certbot-ci/src/snap_integration_tests/dns_tests/test_main.py:27-59; certbot-ci/src/snap_integration_tests/dns_tests/test_main.py:27-59,independent_agreement
GT-219,FND-000793,R046,Gallopsled/pwntools,1429a134ecf88eb9af70e05bf6c912f45dfde224,subprocess-execution,CWE-78,pwnlib/commandline/version.py,23,23,23,"		branch = subprocess.check_output(['git', '-C', git_root, 'rev-parse', '--abbrev-ref', 'HEAD'])",FALSE_POSITIVE,The surrounding code passes an argument vector to the child process rather than concatenating request data into shell syntax. The invoked tool is `git`. The frozen call path does not establish attacker control over the executable or argument structure.,pwnlib/commandline/version.py:9-41,FALSE_POSITIVE,This call uses direct process execution; the dynamic pieces are paths or options supplied by the local caller and do not gain shell semantics. The invoked tool is `git`. The frozen call path does not establish attacker control over the executable or argument structure.,pwnlib/commandline/version.py:9-41,true,,,,FALSE_POSITIVE,Independent annotators agreed; original rationales are preserved in the annotator rationale fields.,pwnlib/commandline/version.py:9-41; pwnlib/commandline/version.py:9-41,independent_agreement
GT-220,FND-000937,R053,numpy/numpy,43a7a41747f860a09f2c5b9a2fe5a97c7f5f8004,subprocess-execution,CWE-78,tools/linter.py,26,31,26,"        res = subprocess.run(
            command,
            stdout=subprocess.PIPE,
            cwd=self.repository_root,
            encoding=""utf-8"",
        )",FALSE_POSITIVE,This process launch is in developer or CI tooling rather than an exposed application request path. The sink receives an already-constructed command or argv from its caller. No remote or less-trusted value is shown controlling command structure at this sink.,tools/linter.py:12-49,FALSE_POSITIVE,"This is build, release, or maintenance tooling invoked by the local developer or CI environment. The sink receives an already-constructed command or argv from its caller. No remote or less-trusted value is shown controlling command structure at this sink.",tools/linter.py:12-49,true,,,,FALSE_POSITIVE,Independent annotators agreed; original rationales are preserved in the annotator rationale fields.,tools/linter.py:12-49; tools/linter.py:12-49,independent_agreement
GT-221,FND-000124,R003,django/django,9193cb54550727a02fd55dab1b430597a9aa4297,dynamic-sql,CWE-89,django/db/backends/sqlite3/schema.py,455,475,455,"        self.execute(
            ""INSERT INTO %s (%s) SELECT %s FROM %s""
            % (
                self.quote_name(new_field.remote_field.through._meta.db_table),
                "", "".join(
                    [
                        ""id"",
                        new_field.m2m_column_name(),
                        new_field.m2m_reverse_name(),
                    ]
                ),
                "", "".join(
                    [
                        ""id"",
                        old_field.m2m_column_name(),
                        old_field.m2m_reverse_name(),
                    ]
                ),
                self.quote_name(old_field.remote_field.through._meta.db_table),
            )
        )",FALSE_POSITIVE,"The interpolated value is a database identifier passed through Django's backend quote_name() routine; data values are kept as parameters where needed. The formatting is schema or query construction from model metadata, not unquoted request data.",django/db/backends/sqlite3/schema.py:437-499,FALSE_POSITIVE,"The interpolated value is a database identifier passed through Django's backend quote_name() routine; data values are kept as parameters where needed. The formatting is schema or query construction from model metadata, not unquoted request data.",django/db/backends/sqlite3/schema.py:437-499,true,,,,FALSE_POSITIVE,Independent annotators agreed; original rationales are preserved in the annotator rationale fields.,django/db/backends/sqlite3/schema.py:437-499; django/db/backends/sqlite3/schema.py:437-499,independent_agreement
GT-222,FND-000044,R003,django/django,9193cb54550727a02fd55dab1b430597a9aa4297,dynamic-sql,CWE-89,django/contrib/gis/db/backends/spatialite/operations.py,161,161,161,"            cursor.execute(""SELECT %s"" % func)",FALSE_POSITIVE,"This SQL is assembled by Django's ORM or schema compiler from model metadata or previously compiled SQL fragments. The frozen path does not place a request value directly into SQL structure, and value data remains parameterized by the surrounding compiler or backend APIs.",django/contrib/gis/db/backends/spatialite/operations.py:143-185,FALSE_POSITIVE,"This SQL is assembled by Django's ORM or schema compiler from model metadata or previously compiled SQL fragments. The frozen path does not place a request value directly into SQL structure, and value data remains parameterized by the surrounding compiler or backend APIs.",django/contrib/gis/db/backends/spatialite/operations.py:143-185,true,,,,FALSE_POSITIVE,Independent annotators agreed; original rationales are preserved in the annotator rationale fields.,django/contrib/gis/db/backends/spatialite/operations.py:143-185; django/contrib/gis/db/backends/spatialite/operations.py:143-185,independent_agreement
GT-223,FND-000085,R003,django/django,9193cb54550727a02fd55dab1b430597a9aa4297,dynamic-sql,CWE-89,django/db/backends/base/operations.py,113,113,113,"        return f""SELECT {cache_key} FROM %s ORDER BY {cache_key} LIMIT 1 OFFSET %%s""",FALSE_POSITIVE,"This SQL is assembled by Django's ORM or schema compiler from model metadata or previously compiled SQL fragments. The frozen path does not place a request value directly into SQL structure, and value data remains parameterized by the surrounding compiler or backend APIs.",django/db/backends/base/operations.py:95-137,FALSE_POSITIVE,"This SQL is assembled by Django's ORM or schema compiler from model metadata or previously compiled SQL fragments. The frozen path does not place a request value directly into SQL structure, and value data remains parameterized by the surrounding compiler or backend APIs.",django/db/backends/base/operations.py:95-137,true,,,,FALSE_POSITIVE,Independent annotators agreed; original rationales are preserved in the annotator rationale fields.,django/db/backends/base/operations.py:95-137; django/db/backends/base/operations.py:95-137,independent_agreement
GT-224,FND-000086,R003,django/django,9193cb54550727a02fd55dab1b430597a9aa4297,dynamic-sql,CWE-89,django/db/backends/base/schema.py,559,564,559,"        self.execute(
            self.sql_delete_table
            % {
                ""table"": self.quote_name(model._meta.db_table),
            }
        )",FALSE_POSITIVE,"The interpolated value is a database identifier passed through Django's backend quote_name() routine; data values are kept as parameters where needed. The formatting is schema or query construction from model metadata, not unquoted request data.",django/db/backends/base/schema.py:541-588,FALSE_POSITIVE,"The interpolated value is a database identifier passed through Django's backend quote_name() routine; data values are kept as parameters where needed. The formatting is schema or query construction from model metadata, not unquoted request data.",django/db/backends/base/schema.py:541-588,true,,,,FALSE_POSITIVE,Independent annotators agreed; original rationales are preserved in the annotator rationale fields.,django/db/backends/base/schema.py:541-588; django/db/backends/base/schema.py:541-588,independent_agreement
GT-225,FND-000493,R036,tortoise/tortoise-orm,ffc946ebd2d1715c3cc3196ada2c2da04f6188d4,dynamic-sql,CWE-89,tortoise/backends/mysql/client.py,132,134,132,"                            await cursor.execute(
                                f""SET default_storage_engine='{self.storage_engine}';""
                            )",FALSE_POSITIVE,"The interpolated value comes from database connection or configuration metadata set by the application operator, not from a query parameter or request. This is connection or session setup rather than an untrusted value being appended to application SQL.",tortoise/backends/mysql/client.py:114-158,FALSE_POSITIVE,"The interpolated value comes from database connection or configuration metadata set by the application operator, not from a query parameter or request. This is connection or session setup rather than an untrusted value being appended to application SQL.",tortoise/backends/mysql/client.py:114-158,true,,,,FALSE_POSITIVE,Independent annotators agreed; original rationales are preserved in the annotator rationale fields.,tortoise/backends/mysql/client.py:114-158; tortoise/backends/mysql/client.py:114-158,independent_agreement
GT-226,FND-000753,R045,sqlmapproject/sqlmap,1ee368f78a73ccc1c193af32d4e70c1244be5865,dynamic-sql,CWE-89,plugins/dbms/postgresql/filesystem.py,69,69,69,"        inject.goStacked(""DELETE FROM pg_largeobject WHERE loid=%d"" % self.oid)",FALSE_POSITIVE,"This code is part of sqlmap's SQL payload or enumeration engine and intentionally constructs SQL text for the database being tested. The variable fragments here come from sqlmap's own templates, recovered metadata, or identifier helpers; this is intended scanner behavior rather than an unintended SQL injection into sqlmap itself.",plugins/dbms/postgresql/filesystem.py:51-93,FALSE_POSITIVE,"This code is part of sqlmap's SQL payload or enumeration engine and intentionally constructs SQL text for the database being tested. The variable fragments here come from sqlmap's own templates, recovered metadata, or identifier helpers; this is intended scanner behavior rather than an unintended SQL injection into sqlmap itself.",plugins/dbms/postgresql/filesystem.py:51-93,true,,,,FALSE_POSITIVE,Independent annotators agreed; original rationales are preserved in the annotator rationale fields.,plugins/dbms/postgresql/filesystem.py:51-93; plugins/dbms/postgresql/filesystem.py:51-93,independent_agreement
GT-227,FND-000527,R038,psycopg/psycopg2,3a6d9d6ddc6b53eaa80b712f5fa6b23abbdc38db,dynamic-sql,CWE-89,lib/_json.py,187,189,187,"    curs.execute(
        ""SELECT t.oid, %s FROM pg_type t WHERE t.typname = %%s;""
        % typarray, (name,))",FALSE_POSITIVE,"The structural SQL fragment is selected internally from fixed catalog-column text, while the type name or value is passed as a DB-API parameter. There is no untrusted value interpolated into SQL syntax at this call.",lib/_json.py:169-213,FALSE_POSITIVE,"The structural SQL fragment is selected internally from fixed catalog-column text, while the type name or value is passed as a DB-API parameter. There is no untrusted value interpolated into SQL syntax at this call.",lib/_json.py:169-213,true,,,,FALSE_POSITIVE,Independent annotators agreed; original rationales are preserved in the annotator rationale fields.,lib/_json.py:169-213; lib/_json.py:169-213,independent_agreement
GT-228,FND-000054,R003,django/django,9193cb54550727a02fd55dab1b430597a9aa4297,dynamic-sql,CWE-89,django/contrib/postgres/operations.py,203,211,203,"        schema_editor.execute(
            ""CREATE COLLATION %(name)s (%(args)s)""
            % {
                ""name"": schema_editor.quote_name(self.name),
                ""args"": "", "".join(
                    f""{option}={value}"" for option, value in args.items()
                ),
            }
        )",FALSE_POSITIVE,"The interpolated value is a database identifier passed through Django's backend quote_name() routine; data values are kept as parameters where needed. The formatting is schema or query construction from model metadata, not unquoted request data.",django/contrib/postgres/operations.py:185-235,FALSE_POSITIVE,"The interpolated value is a database identifier passed through Django's backend quote_name() routine; data values are kept as parameters where needed. The formatting is schema or query construction from model metadata, not unquoted request data.",django/contrib/postgres/operations.py:185-235,true,,,,FALSE_POSITIVE,Independent annotators agreed; original rationales are preserved in the annotator rationale fields.,django/contrib/postgres/operations.py:185-235; django/contrib/postgres/operations.py:185-235,independent_agreement
GT-229,FND-000053,R003,django/django,9193cb54550727a02fd55dab1b430597a9aa4297,dynamic-sql,CWE-89,django/contrib/postgres/operations.py,51,53,51,"            schema_editor.execute(
                ""DROP EXTENSION IF EXISTS %s"" % schema_editor.quote_name(self.name)
            )",FALSE_POSITIVE,"The interpolated value is a database identifier passed through Django's backend quote_name() routine; data values are kept as parameters where needed. The formatting is schema or query construction from model metadata, not unquoted request data.",django/contrib/postgres/operations.py:33-77,FALSE_POSITIVE,"The interpolated value is a database identifier passed through Django's backend quote_name() routine; data values are kept as parameters where needed. The formatting is schema or query construction from model metadata, not unquoted request data.",django/contrib/postgres/operations.py:33-77,true,,,,FALSE_POSITIVE,Independent annotators agreed; original rationales are preserved in the annotator rationale fields.,django/contrib/postgres/operations.py:33-77; django/contrib/postgres/operations.py:33-77,independent_agreement
GT-230,FND-000764,R045,sqlmapproject/sqlmap,1ee368f78a73ccc1c193af32d4e70c1244be5865,dynamic-sql,CWE-89,plugins/generic/entries.py,491,495,491,"                                if not inject.checkBooleanExpression(""(SELECT COUNT(%s) FROM %s)>0"" % (column, kb.dumpTable)):
                                    emptyColumns.append(column)
                                    debugMsg = ""column '%s' of table '%s' will not be "" % (column, kb.dumpTable)
                                    debugMsg += ""dumped as it appears to be empty""
                                    logger.debug(debugMsg)",FALSE_POSITIVE,"This code is part of sqlmap's SQL payload or enumeration engine and intentionally constructs SQL text for the database being tested. The variable fragments here come from sqlmap's own templates, recovered metadata, or identifier helpers; this is intended scanner behavior rather than an unintended SQL injection into sqlmap itself.",plugins/generic/entries.py:473-519,FALSE_POSITIVE,"This code is part of sqlmap's SQL payload or enumeration engine and intentionally constructs SQL text for the database being tested. The variable fragments here come from sqlmap's own templates, recovered metadata, or identifier helpers; this is intended scanner behavior rather than an unintended SQL injection into sqlmap itself.",plugins/generic/entries.py:473-519,true,,,,FALSE_POSITIVE,Independent annotators agreed; original rationales are preserved in the annotator rationale fields.,plugins/generic/entries.py:473-519; plugins/generic/entries.py:473-519,independent_agreement
GT-231,FND-001213,R091,simonw/datasette,bdc973174096cae350ddaa733a10ed8b3ffd970b,dynamic-sql,CWE-89,datasette/facets.py,336,354,336,"                    first_100 = [
                        v[0]
                        for v in await self.ds.execute(
                            self.database,
                            (
                                f""select {escape_sqlite(column)} from ({self.sql}) ""
                                f""where {escape_sqlite(column)} is not null ""
                                f""and {escape_sqlite(column)} != '' ""
                                f""and json_array_length({escape_sqlite(column)}) > 0 ""
                                ""limit 100""
                            ),
                            self.params,
                            truncate=False,
                            custom_time_limit=self.ds.setting(
                                ""facet_suggest_time_limit_ms""
                            ),
                            log_sql_errors=False,
                        )
                    ]",FALSE_POSITIVE,Datasette escapes table and column identifiers with its SQLite identifier helper and keeps row or filter values in bound parameters. The interpolation at this line is structural query assembly rather than direct insertion of an untrusted value.,datasette/facets.py:318-378,FALSE_POSITIVE,Datasette escapes table and column identifiers with its SQLite identifier helper and keeps row or filter values in bound parameters. The interpolation at this line is structural query assembly rather than direct insertion of an untrusted value.,datasette/facets.py:318-378,true,,,,FALSE_POSITIVE,Independent annotators agreed; original rationales are preserved in the annotator rationale fields.,datasette/facets.py:318-378; datasette/facets.py:318-378,independent_agreement
GT-232,FND-000097,R003,django/django,9193cb54550727a02fd55dab1b430597a9aa4297,dynamic-sql,CWE-89,django/db/backends/oracle/base.py,337,341,337,"                cursor.execute(
                    ""SELECT 1 FROM DUAL WHERE DUMMY %s""
                    % self._standard_operators[""contains""],
                    [""X""],
                )",FALSE_POSITIVE,"This SQL is assembled by Django's ORM or schema compiler from model metadata or previously compiled SQL fragments. The frozen path does not place a request value directly into SQL structure, and value data remains parameterized by the surrounding compiler or backend APIs.",django/db/backends/oracle/base.py:319-365,FALSE_POSITIVE,"This SQL is assembled by Django's ORM or schema compiler from model metadata or previously compiled SQL fragments. The frozen path does not place a request value directly into SQL structure, and value data remains parameterized by the surrounding compiler or backend APIs.",django/db/backends/oracle/base.py:319-365,true,,,,FALSE_POSITIVE,Independent annotators agreed; original rationales are preserved in the annotator rationale fields.,django/db/backends/oracle/base.py:319-365; django/db/backends/oracle/base.py:319-365,independent_agreement
GT-233,FND-000768,R045,sqlmapproject/sqlmap,1ee368f78a73ccc1c193af32d4e70c1244be5865,dynamic-sql,CWE-89,plugins/generic/filesystem.py,123,123,123,"                sqlQueries.append(""INSERT INTO %s(%s) VALUES (%s)"" % (self.fileTblName, self.tblField, fcEncodedLine))",FALSE_POSITIVE,"This code is part of sqlmap's SQL payload or enumeration engine and intentionally constructs SQL text for the database being tested. The variable fragments here come from sqlmap's own templates, recovered metadata, or identifier helpers; this is intended scanner behavior rather than an unintended SQL injection into sqlmap itself.",plugins/generic/filesystem.py:105-147,FALSE_POSITIVE,"This code is part of sqlmap's SQL payload or enumeration engine and intentionally constructs SQL text for the database being tested. The variable fragments here come from sqlmap's own templates, recovered metadata, or identifier helpers; this is intended scanner behavior rather than an unintended SQL injection into sqlmap itself.",plugins/generic/filesystem.py:105-147,true,,,,FALSE_POSITIVE,Independent annotators agreed; original rationales are preserved in the annotator rationale fields.,plugins/generic/filesystem.py:105-147; plugins/generic/filesystem.py:105-147,independent_agreement
GT-234,FND-000093,R003,django/django,9193cb54550727a02fd55dab1b430597a9aa4297,dynamic-sql,CWE-89,django/db/backends/mysql/introspection.py,159,161,159,"        cursor.execute(
            ""SELECT * FROM %s LIMIT 1"" % self.connection.ops.quote_name(table_name)
        )",FALSE_POSITIVE,"The interpolated value is a database identifier passed through Django's backend quote_name() routine; data values are kept as parameters where needed. The formatting is schema or query construction from model metadata, not unquoted request data.",django/db/backends/mysql/introspection.py:141-185,FALSE_POSITIVE,"The interpolated value is a database identifier passed through Django's backend quote_name() routine; data values are kept as parameters where needed. The formatting is schema or query construction from model metadata, not unquoted request data.",django/db/backends/mysql/introspection.py:141-185,true,,,,FALSE_POSITIVE,Independent annotators agreed; original rationales are preserved in the annotator rationale fields.,django/db/backends/mysql/introspection.py:141-185; django/db/backends/mysql/introspection.py:141-185,independent_agreement
GT-235,FND-000669,R045,sqlmapproject/sqlmap,1ee368f78a73ccc1c193af32d4e70c1244be5865,dynamic-sql,CWE-89,lib/core/agent.py,1166,1166,1166,"                        replacement = ""SELECT x.z FROM (%s)x WHERE x.y-1=%d"" % (_, num)",FALSE_POSITIVE,"This code is part of sqlmap's SQL payload or enumeration engine and intentionally constructs SQL text for the database being tested. The variable fragments here come from sqlmap's own templates, recovered metadata, or identifier helpers; this is intended scanner behavior rather than an unintended SQL injection into sqlmap itself.",lib/core/agent.py:1148-1190,FALSE_POSITIVE,"This code is part of sqlmap's SQL payload or enumeration engine and intentionally constructs SQL text for the database being tested. The variable fragments here come from sqlmap's own templates, recovered metadata, or identifier helpers; this is intended scanner behavior rather than an unintended SQL injection into sqlmap itself.",lib/core/agent.py:1148-1190,true,,,,FALSE_POSITIVE,Independent annotators agreed; original rationales are preserved in the annotator rationale fields.,lib/core/agent.py:1148-1190; lib/core/agent.py:1148-1190,independent_agreement
GT-236,FND-000477,R035,coleifer/peewee,c6328d6c91120b3d04878921a0af64a9ee78c866,dynamic-sql,CWE-89,peewee.py,4293,4293,4293,"            cursor.execute('PRAGMA %s = %s;' % (pragma, value))",FALSE_POSITIVE,"The SQL is built from Peewee database or schema configuration and identifiers supplied through the ORM API, not from a demonstrated request-data flow. This finding does not establish a less-trusted value altering the statement structure.",peewee.py:4275-4317,FALSE_POSITIVE,"The SQL is built from Peewee database or schema configuration and identifiers supplied through the ORM API, not from a demonstrated request-data flow. This finding does not establish a less-trusted value altering the statement structure.",peewee.py:4275-4317,true,,,,FALSE_POSITIVE,Independent annotators agreed; original rationales are preserved in the annotator rationale fields.,peewee.py:4275-4317; peewee.py:4275-4317,independent_agreement
GT-237,FND-000665,R045,sqlmapproject/sqlmap,1ee368f78a73ccc1c193af32d4e70c1244be5865,dynamic-sql,CWE-89,extra/vulnserver/vulnserver.py,1202,1202,1202,"        _cursor.execute(""SELECT id, name, surname FROM users WHERE id=%s"" % id_)",FALSE_POSITIVE,This SQL interpolation is inside sqlmap's deliberately vulnerable `extra/vulnserver` test target. Accepting injectable input is intentional for scanner testing and is not a defect in sqlmap's production database-access logic.,extra/vulnserver/vulnserver.py:1184-1226,FALSE_POSITIVE,This SQL interpolation is inside sqlmap's deliberately vulnerable `extra/vulnserver` test target. Accepting injectable input is intentional for scanner testing and is not a defect in sqlmap's production database-access logic.,extra/vulnserver/vulnserver.py:1184-1226,true,,,,FALSE_POSITIVE,Independent annotators agreed; original rationales are preserved in the annotator rationale fields.,extra/vulnserver/vulnserver.py:1184-1226; extra/vulnserver/vulnserver.py:1184-1226,independent_agreement
GT-238,FND-000636,R045,sqlmapproject/sqlmap,1ee368f78a73ccc1c193af32d4e70c1244be5865,dynamic-sql,CWE-89,extra/esperanto/enumeration.py,137,137,137,"                expr = ""(SELECT MIN(%s) FROM %s%s%s%s)"" % (col, src, where, conj, beyond)",FALSE_POSITIVE,"This code is part of sqlmap's SQL payload or enumeration engine and intentionally constructs SQL text for the database being tested. The variable fragments here come from sqlmap's own templates, recovered metadata, or identifier helpers; this is intended scanner behavior rather than an unintended SQL injection into sqlmap itself.",extra/esperanto/enumeration.py:119-161,FALSE_POSITIVE,"This code is part of sqlmap's SQL payload or enumeration engine and intentionally constructs SQL text for the database being tested. The variable fragments here come from sqlmap's own templates, recovered metadata, or identifier helpers; this is intended scanner behavior rather than an unintended SQL injection into sqlmap itself.",extra/esperanto/enumeration.py:119-161,true,,,,FALSE_POSITIVE,Independent annotators agreed; original rationales are preserved in the annotator rationale fields.,extra/esperanto/enumeration.py:119-161; extra/esperanto/enumeration.py:119-161,independent_agreement
GT-239,FND-000192,R013,ansible/ansible,3827d66bfbdc568f58cce57b113131598c46cd5a,dynamic-sql,CWE-89,hacking/report.py,199,199,199,    cursor.execute('DROP TABLE IF EXISTS %s' % name),FALSE_POSITIVE,"This is Ansible's local reporting utility creating its own report tables. The table and schema names are supplied by the tool's internal dataset definitions, not by a remote request.",hacking/report.py:181-223,FALSE_POSITIVE,"This is Ansible's local reporting utility creating its own report tables. The table and schema names are supplied by the tool's internal dataset definitions, not by a remote request.",hacking/report.py:181-223,true,,,,FALSE_POSITIVE,Independent annotators agreed; original rationales are preserved in the annotator rationale fields.,hacking/report.py:181-223; hacking/report.py:181-223,independent_agreement
GT-240,FND-001211,R091,simonw/datasette,bdc973174096cae350ddaa733a10ed8b3ffd970b,dynamic-sql,CWE-89,datasette/facets.py,226,232,226,"            facet_sql = """"""
                select {col} as value, count(*) as count from (
                    {sql}
                )
                where {col} is not null
                group by {col} order by count desc, value limit {limit}
            """""".format(col=escape_sqlite(column), sql=self.sql, limit=facet_size + 1)",FALSE_POSITIVE,Datasette escapes table and column identifiers with its SQLite identifier helper and keeps row or filter values in bound parameters. The interpolation at this line is structural query assembly rather than direct insertion of an untrusted value.,datasette/facets.py:208-256,FALSE_POSITIVE,Datasette escapes table and column identifiers with its SQLite identifier helper and keeps row or filter values in bound parameters. The interpolation at this line is structural query assembly rather than direct insertion of an untrusted value.,datasette/facets.py:208-256,true,,,,FALSE_POSITIVE,Independent annotators agreed; original rationales are preserved in the annotator rationale fields.,datasette/facets.py:208-256; datasette/facets.py:208-256,independent_agreement
GT-241,FND-001270,R091,simonw/datasette,bdc973174096cae350ddaa733a10ed8b3ffd970b,dynamic-sql,CWE-89,datasette/views/execute_write.py,133,138,133,"    return ""\n"".join(
        (
            f""delete from {_quote_identifier(table)}"",
            f""where {_quote_identifier(where_column)} = :{names[where_column]}"",
        )
    )",FALSE_POSITIVE,Datasette escapes table and column identifiers with its SQLite identifier helper and keeps row or filter values in bound parameters. The interpolation at this line is structural query assembly rather than direct insertion of an untrusted value.,datasette/views/execute_write.py:115-162,FALSE_POSITIVE,Datasette escapes table and column identifiers with its SQLite identifier helper and keeps row or filter values in bound parameters. The interpolation at this line is structural query assembly rather than direct insertion of an untrusted value.,datasette/views/execute_write.py:115-162,true,,,,FALSE_POSITIVE,Independent annotators agreed; original rationales are preserved in the annotator rationale fields.,datasette/views/execute_write.py:115-162; datasette/views/execute_write.py:115-162,independent_agreement
GT-242,FND-000698,R045,sqlmapproject/sqlmap,1ee368f78a73ccc1c193af32d4e70c1244be5865,dynamic-sql,CWE-89,lib/techniques/error/use.py,396,400,396,"                        if _oneShotErrorUse(""SELECT COUNT(%s) FROM %s"" % (field, kb.dumpTable)) == '0':
                            emptyFields.append(field)
                            debugMsg = ""column '%s' of table '%s' will not be "" % (field, kb.dumpTable)
                            debugMsg += ""dumped as it appears to be empty""
                            logger.debug(debugMsg)",FALSE_POSITIVE,"This code is part of sqlmap's SQL payload or enumeration engine and intentionally constructs SQL text for the database being tested. The variable fragments here come from sqlmap's own templates, recovered metadata, or identifier helpers; this is intended scanner behavior rather than an unintended SQL injection into sqlmap itself.",lib/techniques/error/use.py:378-424,FALSE_POSITIVE,"This code is part of sqlmap's SQL payload or enumeration engine and intentionally constructs SQL text for the database being tested. The variable fragments here come from sqlmap's own templates, recovered metadata, or identifier helpers; this is intended scanner behavior rather than an unintended SQL injection into sqlmap itself.",lib/techniques/error/use.py:378-424,true,,,,FALSE_POSITIVE,Independent annotators agreed; original rationales are preserved in the annotator rationale fields.,lib/techniques/error/use.py:378-424; lib/techniques/error/use.py:378-424,independent_agreement
GT-243,FND-000648,R045,sqlmapproject/sqlmap,1ee368f78a73ccc1c193af32d4e70c1244be5865,dynamic-sql,CWE-89,extra/esperanto/enumeration.py,588,588,588,"                    res = self.extractResult(""(SELECT %s FROM %s WHERE %s)"" % (payload, qtable, where), codes=_HEX_PAYLOAD_CODES)",FALSE_POSITIVE,"This code is part of sqlmap's SQL payload or enumeration engine and intentionally constructs SQL text for the database being tested. The variable fragments here come from sqlmap's own templates, recovered metadata, or identifier helpers; this is intended scanner behavior rather than an unintended SQL injection into sqlmap itself.",extra/esperanto/enumeration.py:570-612,FALSE_POSITIVE,"This code is part of sqlmap's SQL payload or enumeration engine and intentionally constructs SQL text for the database being tested. The variable fragments here come from sqlmap's own templates, recovered metadata, or identifier helpers; this is intended scanner behavior rather than an unintended SQL injection into sqlmap itself.",extra/esperanto/enumeration.py:570-612,true,,,,FALSE_POSITIVE,Independent annotators agreed; original rationales are preserved in the annotator rationale fields.,extra/esperanto/enumeration.py:570-612; extra/esperanto/enumeration.py:570-612,independent_agreement
GT-244,FND-001241,R091,simonw/datasette,bdc973174096cae350ddaa733a10ed8b3ffd970b,dynamic-sql,CWE-89,datasette/utils/__init__.py,877,883,877,"        return [
            # Treat hidden as 0 for all columns.
            Column(*(list(r) + [0]))
            for r in conn.execute(
                f""PRAGMA table_info({escape_sqlite(table)});""
            ).fetchall()
        ]",FALSE_POSITIVE,Datasette escapes table and column identifiers with its SQLite identifier helper and keeps row or filter values in bound parameters. The interpolation at this line is structural query assembly rather than direct insertion of an untrusted value.,datasette/utils/__init__.py:859-907,FALSE_POSITIVE,Datasette escapes table and column identifiers with its SQLite identifier helper and keeps row or filter values in bound parameters. The interpolation at this line is structural query assembly rather than direct insertion of an untrusted value.,datasette/utils/__init__.py:859-907,true,,,,FALSE_POSITIVE,Independent annotators agreed; original rationales are preserved in the annotator rationale fields.,datasette/utils/__init__.py:859-907; datasette/utils/__init__.py:859-907,independent_agreement
GT-245,FND-000131,R003,django/django,9193cb54550727a02fd55dab1b430597a9aa4297,dynamic-sql,CWE-89,django/db/models/sql/compiler.py,2277,2277,2277,"        sql = ""SELECT %s FROM (%s) subquery"" % (sql, inner_query_sql)",FALSE_POSITIVE,"This SQL is assembled by Django's ORM or schema compiler from model metadata or previously compiled SQL fragments. The frozen path does not place a request value directly into SQL structure, and value data remains parameterized by the surrounding compiler or backend APIs.",django/db/models/sql/compiler.py:2259-2301,FALSE_POSITIVE,"This SQL is assembled by Django's ORM or schema compiler from model metadata or previously compiled SQL fragments. The frozen path does not place a request value directly into SQL structure, and value data remains parameterized by the surrounding compiler or backend APIs.",django/db/models/sql/compiler.py:2259-2301,true,,,,FALSE_POSITIVE,Independent annotators agreed; original rationales are preserved in the annotator rationale fields.,django/db/models/sql/compiler.py:2259-2301; django/db/models/sql/compiler.py:2259-2301,independent_agreement
GT-246,FND-000762,R045,sqlmapproject/sqlmap,1ee368f78a73ccc1c193af32d4e70c1244be5865,dynamic-sql,CWE-89,plugins/generic/databases.py,1052,1052,1052,"            query = ""SELECT %s FROM %s"" % (queries[Backend.getIdentifiedDbms()].count.query % '*', safeSQLIdentificatorNaming(table, True))",FALSE_POSITIVE,"This code is part of sqlmap's SQL payload or enumeration engine and intentionally constructs SQL text for the database being tested. The variable fragments here come from sqlmap's own templates, recovered metadata, or identifier helpers; this is intended scanner behavior rather than an unintended SQL injection into sqlmap itself.",plugins/generic/databases.py:1034-1076,FALSE_POSITIVE,"This code is part of sqlmap's SQL payload or enumeration engine and intentionally constructs SQL text for the database being tested. The variable fragments here come from sqlmap's own templates, recovered metadata, or identifier helpers; this is intended scanner behavior rather than an unintended SQL injection into sqlmap itself.",plugins/generic/databases.py:1034-1076,true,,,,FALSE_POSITIVE,Independent annotators agreed; original rationales are preserved in the annotator rationale fields.,plugins/generic/databases.py:1034-1076; plugins/generic/databases.py:1034-1076,independent_agreement
GT-247,FND-000119,R003,django/django,9193cb54550727a02fd55dab1b430597a9aa4297,dynamic-sql,CWE-89,django/db/backends/sqlite3/introspection.py,346,348,346,"        cursor.execute(
            ""PRAGMA index_list(%s)"" % self.connection.ops.quote_name(table_name)
        )",FALSE_POSITIVE,"The interpolated value is a database identifier passed through Django's backend quote_name() routine; data values are kept as parameters where needed. The formatting is schema or query construction from model metadata, not unquoted request data.",django/db/backends/sqlite3/introspection.py:328-372,FALSE_POSITIVE,"The interpolated value is a database identifier passed through Django's backend quote_name() routine; data values are kept as parameters where needed. The formatting is schema or query construction from model metadata, not unquoted request data.",django/db/backends/sqlite3/introspection.py:328-372,true,,,,FALSE_POSITIVE,Independent annotators agreed; original rationales are preserved in the annotator rationale fields.,django/db/backends/sqlite3/introspection.py:328-372; django/db/backends/sqlite3/introspection.py:328-372,independent_agreement
GT-248,FND-001200,R091,simonw/datasette,bdc973174096cae350ddaa733a10ed8b3ffd970b,dynamic-sql,CWE-89,datasette/app.py,1821,1821,1821,"                    query = f""SELECT * FROM ({query}) WHERE {keyset_where}""",FALSE_POSITIVE,The formatted fragment is an already-constructed SQL query handled by Datasette's query layer; additional values at this site are bound parameters or escaped identifiers. This line does not introduce a new untrusted value into SQL structure.,datasette/app.py:1803-1845,FALSE_POSITIVE,The formatted fragment is an already-constructed SQL query handled by Datasette's query layer; additional values at this site are bound parameters or escaped identifiers. This line does not introduce a new untrusted value into SQL structure.,datasette/app.py:1803-1845,true,,,,FALSE_POSITIVE,Independent annotators agreed; original rationales are preserved in the annotator rationale fields.,datasette/app.py:1803-1845; datasette/app.py:1803-1845,independent_agreement
GT-249,FND-000746,R045,sqlmapproject/sqlmap,1ee368f78a73ccc1c193af32d4e70c1244be5865,dynamic-sql,CWE-89,plugins/dbms/mssqlserver/fingerprint.py,186,186,186,"            query = ""EXISTS(SELECT %s FROM %s WHERE %s "" % (self.tblField, self.fileTblName, self.tblField)",FALSE_POSITIVE,"This code is part of sqlmap's SQL payload or enumeration engine and intentionally constructs SQL text for the database being tested. The variable fragments here come from sqlmap's own templates, recovered metadata, or identifier helpers; this is intended scanner behavior rather than an unintended SQL injection into sqlmap itself.",plugins/dbms/mssqlserver/fingerprint.py:168-210,FALSE_POSITIVE,"This code is part of sqlmap's SQL payload or enumeration engine and intentionally constructs SQL text for the database being tested. The variable fragments here come from sqlmap's own templates, recovered metadata, or identifier helpers; this is intended scanner behavior rather than an unintended SQL injection into sqlmap itself.",plugins/dbms/mssqlserver/fingerprint.py:168-210,true,,,,FALSE_POSITIVE,Independent annotators agreed; original rationales are preserved in the annotator rationale fields.,plugins/dbms/mssqlserver/fingerprint.py:168-210; plugins/dbms/mssqlserver/fingerprint.py:168-210,independent_agreement
GT-250,FND-001258,R091,simonw/datasette,bdc973174096cae350ddaa733a10ed8b3ffd970b,dynamic-sql,CWE-89,datasette/utils/internal_db.py,216,218,216,"            foreign_keys = conn.execute(
                f""PRAGMA foreign_key_list({escape_sqlite(table_name)})""
            ).fetchall()",FALSE_POSITIVE,Datasette escapes table and column identifiers with its SQLite identifier helper and keeps row or filter values in bound parameters. The interpolation at this line is structural query assembly rather than direct insertion of an untrusted value.,datasette/utils/internal_db.py:198-242,FALSE_POSITIVE,Datasette escapes table and column identifiers with its SQLite identifier helper and keeps row or filter values in bound parameters. The interpolation at this line is structural query assembly rather than direct insertion of an untrusted value.,datasette/utils/internal_db.py:198-242,true,,,,FALSE_POSITIVE,Independent annotators agreed; original rationales are preserved in the annotator rationale fields.,datasette/utils/internal_db.py:198-242; datasette/utils/internal_db.py:198-242,independent_agreement
GT-251,FND-001257,R091,simonw/datasette,bdc973174096cae350ddaa733a10ed8b3ffd970b,dynamic-sql,CWE-89,datasette/utils/actions_sql.py,808,819,808,"            restriction_row = (
                await db.execute(
                    f""""""
                    SELECT EXISTS(
                        SELECT 1 FROM ({permission_sql.restriction_sql}) AS restriction_rules
                        WHERE (parent IS NULL OR parent = :{parent_param})
                          AND (child IS NULL OR child = :{child_param})
                    ) AS resource_is_in_allowlist
                    """""",
                    params,
                )
            ).first()",FALSE_POSITIVE,"The variable SQL pieces are internal query-builder output or local configuration values, with user data bound separately in the surrounding Datasette database call. No direct value-to-SQL-structure path is established here.",datasette/utils/actions_sql.py:790-843,FALSE_POSITIVE,"The variable SQL pieces are internal query-builder output or local configuration values, with user data bound separately in the surrounding Datasette database call. No direct value-to-SQL-structure path is established here.",datasette/utils/actions_sql.py:790-843,true,,,,FALSE_POSITIVE,Independent annotators agreed; original rationales are preserved in the annotator rationale fields.,datasette/utils/actions_sql.py:790-843; datasette/utils/actions_sql.py:790-843,independent_agreement
GT-252,FND-001205,R091,simonw/datasette,bdc973174096cae350ddaa733a10ed8b3ffd970b,dynamic-sql,CWE-89,datasette/database.py,608,613,608,"                table_count = (
                    await self.execute(
                        f""select count(*) from (select * from {escape_sqlite(table)} limit {self.count_limit + 1})"",
                        custom_time_limit=limit,
                    )
                ).rows[0][0]",FALSE_POSITIVE,Datasette escapes table and column identifiers with its SQLite identifier helper and keeps row or filter values in bound parameters. The interpolation at this line is structural query assembly rather than direct insertion of an untrusted value.,datasette/database.py:590-637,FALSE_POSITIVE,Datasette escapes table and column identifiers with its SQLite identifier helper and keeps row or filter values in bound parameters. The interpolation at this line is structural query assembly rather than direct insertion of an untrusted value.,datasette/database.py:590-637,true,,,,FALSE_POSITIVE,Independent annotators agreed; original rationales are preserved in the annotator rationale fields.,datasette/database.py:590-637; datasette/database.py:590-637,independent_agreement
GT-253,FND-000452,R033,sqlalchemy/sqlalchemy,de83fa72d787136785624fd8981e1d71e9f427ab,dynamic-sql,CWE-89,lib/sqlalchemy/dialects/sqlite/base.py,3001,3005,3001,"                s = (
                    ""SELECT sql FROM %(schema)ssqlite_master ""
                    ""WHERE name = ? ""
                    ""AND type = 'index'"" % {""schema"": schema_expr}
                )",FALSE_POSITIVE,The statement is generated by SQLAlchemy's dialect or ORM compiler from schema objects and compiler-owned fragments. It is not concatenating an external request value into SQL text; runtime values are handled through the engine's parameter system.,lib/sqlalchemy/dialects/sqlite/base.py:2983-3029,FALSE_POSITIVE,The statement is generated by SQLAlchemy's dialect or ORM compiler from schema objects and compiler-owned fragments. It is not concatenating an external request value into SQL text; runtime values are handled through the engine's parameter system.,lib/sqlalchemy/dialects/sqlite/base.py:2983-3029,true,,,,FALSE_POSITIVE,Independent annotators agreed; original rationales are preserved in the annotator rationale fields.,lib/sqlalchemy/dialects/sqlite/base.py:2983-3029; lib/sqlalchemy/dialects/sqlite/base.py:2983-3029,independent_agreement
GT-254,FND-000678,R045,sqlmapproject/sqlmap,1ee368f78a73ccc1c193af32d4e70c1244be5865,dynamic-sql,CWE-89,lib/core/replication.py,67,67,67,"                        self.execute('CREATE TABLE ""%s"" (%s)' % (self.name, ','.join('""%s"" %s' % (unsafeSQLIdentificatorNaming(colname), coltype) for colname, coltype in self.columns)))",UNCERTAIN,"The replication helper removes SQL identifier quoting and then interpolates the resulting table and column names into local SQLite DDL. The sink is clear, but the frozen call chain does not conclusively establish whether a hostile target database can supply an embedded-quote identifier that reaches this path unchanged.",lib/core/replication.py:49-91,TRUE_BUG,"The replication table and column names are derived from database metadata, passed through unsafeSQLIdentificatorNaming(), and then interpolated inside double-quoted SQLite identifiers. That helper removes DBMS identifier quoting rather than applying SQLite-safe escaping. Because sqlmap can obtain identifiers from a database it is actively probing, a hostile identifier containing a quote can alter the locally executed SQLite statement structure. The value placeholders used for row data do not mitigate this identifier injection.",lib/core/replication.py:45-79; lib/core/replication.py:90-107,false,TRUE_BUG,"After joint review, the finding is adjudicated TRUE_BUG. Replication table and column identifiers originate from database metadata, pass through unsafeSQLIdentificatorNaming(), and are interpolated directly inside double-quoted SQLite identifiers. That helper removes DBMS identifier quoting rather than applying SQLite-safe escaping. A crafted identifier containing quote syntax can therefore alter the locally executed SQL structure; parameterization protects row values but not these identifiers.",lib/core/replication.py:53-79; lib/core/replication.py:81-107; lib/core/dump.py,TRUE_BUG,"After joint review, the finding is adjudicated TRUE_BUG. Replication table and column identifiers originate from database metadata, pass through unsafeSQLIdentificatorNaming(), and are interpolated directly inside double-quoted SQLite identifiers. That helper removes DBMS identifier quoting rather than applying SQLite-safe escaping. A crafted identifier containing quote syntax can therefore alter the locally executed SQL structure; parameterization protects row values but not these identifiers.",lib/core/replication.py:53-79; lib/core/replication.py:81-107; lib/core/dump.py,adjudication
GT-255,FND-000640,R045,sqlmapproject/sqlmap,1ee368f78a73ccc1c193af32d4e70c1244be5865,dynamic-sql,CWE-89,extra/esperanto/enumeration.py,348,348,348,"        sums = self._ask(""(SELECT SUM(%s) FROM (SELECT %s) t) IS NOT NULL"" % (expr, expr))",FALSE_POSITIVE,"This code is part of sqlmap's SQL payload or enumeration engine and intentionally constructs SQL text for the database being tested. The variable fragments here come from sqlmap's own templates, recovered metadata, or identifier helpers; this is intended scanner behavior rather than an unintended SQL injection into sqlmap itself.",extra/esperanto/enumeration.py:330-372,FALSE_POSITIVE,"This code is part of sqlmap's SQL payload or enumeration engine and intentionally constructs SQL text for the database being tested. The variable fragments here come from sqlmap's own templates, recovered metadata, or identifier helpers; this is intended scanner behavior rather than an unintended SQL injection into sqlmap itself.",extra/esperanto/enumeration.py:330-372,true,,,,FALSE_POSITIVE,Independent annotators agreed; original rationales are preserved in the annotator rationale fields.,extra/esperanto/enumeration.py:330-372; extra/esperanto/enumeration.py:330-372,independent_agreement
GT-256,FND-000486,R035,coleifer/peewee,c6328d6c91120b3d04878921a0af64a9ee78c866,dynamic-sql,CWE-89,playhouse/pwasyncio.py,871,871,871,"            await conn.execute('ATTACH DATABASE ""%s"" AS ""%s""' % (db, name))",FALSE_POSITIVE,"The SQL is built from Peewee database or schema configuration and identifiers supplied through the ORM API, not from a demonstrated request-data flow. This finding does not establish a less-trusted value altering the statement structure.",playhouse/pwasyncio.py:853-895,FALSE_POSITIVE,"The SQL is built from Peewee database or schema configuration and identifiers supplied through the ORM API, not from a demonstrated request-data flow. This finding does not establish a less-trusted value altering the statement structure.",playhouse/pwasyncio.py:853-895,true,,,,FALSE_POSITIVE,Independent annotators agreed; original rationales are preserved in the annotator rationale fields.,playhouse/pwasyncio.py:853-895; playhouse/pwasyncio.py:853-895,independent_agreement
GT-257,FND-000060,R003,django/django,9193cb54550727a02fd55dab1b430597a9aa4297,dynamic-sql,CWE-89,django/core/cache/backends/db.py,150,159,150,"                    cursor.execute(
                        ""SELECT %s, %s FROM %s WHERE %s = %%s""
                        % (
                            quote_name(""cache_key""),
                            quote_name(""expires""),
                            table,
                            quote_name(""cache_key""),
                        ),
                        [key],
                    )",FALSE_POSITIVE,"The interpolated value is a database identifier passed through Django's backend quote_name() routine; data values are kept as parameters where needed. The formatting is schema or query construction from model metadata, not unquoted request data.",django/core/cache/backends/db.py:132-183,FALSE_POSITIVE,"The interpolated value is a database identifier passed through Django's backend quote_name() routine; data values are kept as parameters where needed. The formatting is schema or query construction from model metadata, not unquoted request data.",django/core/cache/backends/db.py:132-183,true,,,,FALSE_POSITIVE,Independent annotators agreed; original rationales are preserved in the annotator rationale fields.,django/core/cache/backends/db.py:132-183; django/core/cache/backends/db.py:132-183,independent_agreement
GT-258,FND-001280,R091,simonw/datasette,bdc973174096cae350ddaa733a10ed8b3ffd970b,dynamic-sql,CWE-89,datasette/views/table.py,1588,1594,1588,"            fallback_sql = f""""""
                select {select_sql}
                from {escape_sqlite(table_name)}
                where {fallback_where}
                order by {_autocomplete_pk_order_by(pks)}
                limit 10
            """"""",FALSE_POSITIVE,Datasette escapes table and column identifiers with its SQLite identifier helper and keeps row or filter values in bound parameters. The interpolation at this line is structural query assembly rather than direct insertion of an untrusted value.,datasette/views/table.py:1570-1618,FALSE_POSITIVE,Datasette escapes table and column identifiers with its SQLite identifier helper and keeps row or filter values in bound parameters. The interpolation at this line is structural query assembly rather than direct insertion of an untrusted value.,datasette/views/table.py:1570-1618,true,,,,FALSE_POSITIVE,Independent annotators agreed; original rationales are preserved in the annotator rationale fields.,datasette/views/table.py:1570-1618; datasette/views/table.py:1570-1618,independent_agreement
GT-259,FND-000644,R045,sqlmapproject/sqlmap,1ee368f78a73ccc1c193af32d4e70c1244be5865,dynamic-sql,CWE-89,extra/esperanto/enumeration.py,428,428,428,"                total = self.extractInteger(""(SELECT COUNT(*) FROM %s)"" % qtable)",FALSE_POSITIVE,"This code is part of sqlmap's SQL payload or enumeration engine and intentionally constructs SQL text for the database being tested. The variable fragments here come from sqlmap's own templates, recovered metadata, or identifier helpers; this is intended scanner behavior rather than an unintended SQL injection into sqlmap itself.",extra/esperanto/enumeration.py:410-452,FALSE_POSITIVE,"This code is part of sqlmap's SQL payload or enumeration engine and intentionally constructs SQL text for the database being tested. The variable fragments here come from sqlmap's own templates, recovered metadata, or identifier helpers; this is intended scanner behavior rather than an unintended SQL injection into sqlmap itself.",extra/esperanto/enumeration.py:410-452,true,,,,FALSE_POSITIVE,Independent annotators agreed; original rationales are preserved in the annotator rationale fields.,extra/esperanto/enumeration.py:410-452; extra/esperanto/enumeration.py:410-452,independent_agreement
GT-260,FND-000643,R045,sqlmapproject/sqlmap,1ee368f78a73ccc1c193af32d4e70c1244be5865,dynamic-sql,CWE-89,extra/esperanto/enumeration.py,414,416,414,"                if unit == ""int"" and self._comparator == ""gt"" and \
                   not self._ask(""(SELECT MIN(%s) FROM %s)>=0"" % (rid, qtable)):
                    continue",FALSE_POSITIVE,"This code is part of sqlmap's SQL payload or enumeration engine and intentionally constructs SQL text for the database being tested. The variable fragments here come from sqlmap's own templates, recovered metadata, or identifier helpers; this is intended scanner behavior rather than an unintended SQL injection into sqlmap itself.",extra/esperanto/enumeration.py:396-440,FALSE_POSITIVE,"This code is part of sqlmap's SQL payload or enumeration engine and intentionally constructs SQL text for the database being tested. The variable fragments here come from sqlmap's own templates, recovered metadata, or identifier helpers; this is intended scanner behavior rather than an unintended SQL injection into sqlmap itself.",extra/esperanto/enumeration.py:396-440,true,,,,FALSE_POSITIVE,Independent annotators agreed; original rationales are preserved in the annotator rationale fields.,extra/esperanto/enumeration.py:396-440; extra/esperanto/enumeration.py:396-440,independent_agreement
GT-261,FND-000059,R003,django/django,9193cb54550727a02fd55dab1b430597a9aa4297,dynamic-sql,CWE-89,django/core/cache/backends/db.py,136,136,136,"                cursor.execute(""SELECT COUNT(*) FROM %s"" % table)",FALSE_POSITIVE,"This SQL is assembled by Django's ORM or schema compiler from model metadata or previously compiled SQL fragments. The frozen path does not place a request value directly into SQL structure, and value data remains parameterized by the surrounding compiler or backend APIs.",django/core/cache/backends/db.py:118-160,FALSE_POSITIVE,"This SQL is assembled by Django's ORM or schema compiler from model metadata or previously compiled SQL fragments. The frozen path does not place a request value directly into SQL structure, and value data remains parameterized by the surrounding compiler or backend APIs.",django/core/cache/backends/db.py:118-160,true,,,,FALSE_POSITIVE,Independent annotators agreed; original rationales are preserved in the annotator rationale fields.,django/core/cache/backends/db.py:118-160; django/core/cache/backends/db.py:118-160,independent_agreement
GT-262,FND-001220,R091,simonw/datasette,bdc973174096cae350ddaa733a10ed8b3ffd970b,dynamic-sql,CWE-89,datasette/fixtures.py,46,358,46,"TABLES = (
    """"""
CREATE TABLE simple_primary_key (
  id integer primary key,
  content text
);

CREATE TABLE primary_key_multiple_columns (
  id varchar(30) primary key,
  content text,
  content2 text
);

CREATE TABLE primary_key_multiple_columns_explicit_label (
  id varchar(30) primary key,
  content text,
  content2 text
);

CREATE TABLE compound_primary_key (
  pk1 varchar(30),
  pk2 varchar(30),
  content text,
  PRIMARY KEY (pk1, pk2)
);

INSERT INTO compound_primary_key VALUES ('a', 'b', 'c');
INSERT INTO compound_primary_key VALUES ('a/b', '.c-d', 'c');
INSERT INTO compound_primary_key VALUES ('d', 'e', 'RENDER_CELL_DEMO');

CREATE TABLE compound_three_primary_keys (
  pk1 varchar(30),
  pk2 varchar(30),
  pk3 varchar(30),
  content text,
  PRIMARY KEY (pk1, pk2, pk3)
);
CREATE INDEX idx_compound_three_primary_keys_content ON compound_three_primary_keys(content);

CREATE TABLE foreign_key_references (
  pk varchar(30) primary key,
  foreign_key_with_label integer,
  foreign_key_with_blank_label integer,
  foreign_key_with_no_label varchar(30),
  foreign_key_compound_pk1 varchar(30),
  foreign_key_compound_pk2 varchar(30),
  FOREIGN KEY (foreign_key_with_label) REFERENCES simple_primary_key(id),
  FOREIGN KEY (foreign_key_with_blank_label) REFERENCES simple_primary_key(id),
  FOREIGN KEY (foreign_key_with_no_label) REFERENCES primary_key_multiple_columns(id)
  FOREIGN KEY (foreign_key_compound_pk1, foreign_key_compound_pk2) REFERENCES compound_primary_key(pk1, pk2)
);

CREATE TABLE sortable (
  pk1 varchar(30),
  pk2 varchar(30),
  content text,
  sortable integer,
  sortable_with_nulls real,
  sortable_with_nulls_2 real,
  text text,
  PRIMARY KEY (pk1, pk2)
);

CREATE TABLE no_primary_key (
  content text,
  a text,
  b text,
  c text
);

CREATE TABLE [123_starts_with_digits] (
  content text
);

CREATE VIEW paginated_view AS
    SELECT
        content,
        '- ' || content || ' -' AS content_extra
    FROM no_primary_key;

CREATE TABLE ""Table With Space In Name"" (
  pk varchar(30) primary key,
  content text
);

CREATE TABLE ""table/with/slashes.csv"" (
  pk varchar(30) primary key,
  content text
);

CREATE TABLE ""complex_foreign_keys"" (
  pk varchar(30) primary key,
  f1 integer,
  f2 integer,
  f3 integer,
  FOREIGN KEY (""f1"") REFERENCES [simple_primary_key](id),
  FOREIGN KEY (""f2"") REFERENCES [simple_primary_key](id),
  FOREIGN KEY (""f3"") REFERENCES [simple_primary_key](id)
);

CREATE TABLE ""custom_foreign_key_label"" (
  pk varchar(30) primary key,
  foreign_key_with_custom_label text,
  FOREIGN KEY (""foreign_key_with_custom_label"") REFERENCES [primary_key_multiple_columns_explicit_label](id)
);

CREATE TABLE tags (
    tag TEXT PRIMARY KEY
);

CREATE TABLE searchable (
  pk integer primary key,
  text1 text,
  text2 text,
  [name with . and spaces] text
);

CREATE TABLE searchable_tags (
    searchable_id integer,
    tag text,
    PRIMARY KEY (searchable_id, tag),
    FOREIGN KEY (searchable_id) REFERENCES searchable(pk),
    FOREIGN KEY (tag) REFERENCES tags(tag)
);

INSERT INTO searchable VALUES (1, 'barry cat', 'terry dog', 'panther');
INSERT INTO searchable VALUES (2, 'terry dog', 'sara weasel', 'puma');

INSERT INTO tags VALUES (""canine"");
INSERT INTO tags VALUES (""feline"");

INSERT INTO searchable_tags (searchable_id, tag) VALUES
    (1, ""feline""),
    (2, ""canine"")
;

CREATE VIRTUAL TABLE ""searchable_fts""
    USING FTS5 (text1, text2, [name with . and spaces], content=""searchable"", content_rowid=""pk"");
INSERT INTO ""searchable_fts"" (searchable_fts) VALUES ('rebuild');

CREATE TABLE [select] (
  [group] text,
  [having] text,
  [and] text,
  [json] text
);
INSERT INTO [select] VALUES ('group', 'having', 'and',
    '{""href"": ""http://example.com/"", ""label"":""Example""}'
);

CREATE TABLE infinity (
    value REAL
);
INSERT INTO infinity VALUES
    (1e999),
    (-1e999),
    (1.5)
;

CREATE TABLE facet_cities (
    id integer primary key,
    name text
);
INSERT INTO facet_cities (id, name) VALUES
    (1, 'San Francisco'),
    (2, 'Los Angeles'),
    (3, 'Detroit'),
    (4, 'Memnonia')
;

CREATE TABLE facetable (
    pk integer primary key,
    created text,
    planet_int integer,
    on_earth integer,
    state text,
    _city_id integer,
    _neighborhood text,
    tags text,
    complex_array text,
    distinct_some_null,
    n text,
    FOREIGN KEY (""_city_id"") REFERENCES [facet_cities](id)
);
INSERT INTO facetable
    (created, planet_int, on_earth, state, _city_id, _neighborhood, tags, complex_array, distinct_some_null, n)
VALUES
    (""2019-01-14 08:00:00"", 1, 1, 'CA', 1, 'Mission', '[""tag1"", ""tag2""]', '[{""foo"": ""bar""}]', 'one', 'n1'),
    (""2019-01-14 08:00:00"", 1, 1, 'CA', 1, 'Dogpatch', '[""tag1"", ""tag3""]', '[]', 'two', 'n2'),
    (""2019-01-14 08:00:00"", 1, 1, 'CA', 1, 'SOMA', '[]', '[]', null, null),
    (""2019-01-14 08:00:00"", 1, 1, 'CA', 1, 'Tenderloin', '[]', '[]', null, null),
    (""2019-01-15 08:00:00"", 1, 1, 'CA', 1, 'Bernal Heights', '[]', '[]', null, null),
    (""2019-01-15 08:00:00"", 1, 1, 'CA', 1, 'Hayes Valley', '[]', '[]', null, null),
    (""2019-01-15 08:00:00"", 1, 1, 'CA', 2, 'Hollywood', '[]', '[]', null, null),
    (""2019-01-15 08:00:00"", 1, 1, 'CA', 2, 'Downtown', '[]', '[]', null, null),
    (""2019-01-16 08:00:00"", 1, 1, 'CA', 2, 'Los Feliz', '[]', '[]', null, null),
    (""2019-01-16 08:00:00"", 1, 1, 'CA', 2, 'Koreatown', '[]', '[]', null, null),
    (""2019-01-16 08:00:00"", 1, 1, 'MI', 3, 'Downtown', '[]', '[]', null, null),
    (""2019-01-17 08:00:00"", 1, 1, 'MI', 3, 'Greektown', '[]', '[]', null, null),
    (""2019-01-17 08:00:00"", 1, 1, 'MI', 3, 'Corktown', '[]', '[]', null, null),
    (""2019-01-17 08:00:00"", 1, 1, 'MI', 3, 'Mexicantown', '[]', '[]', null, null),
    (""2019-01-17 08:00:00"", 2, 0, 'MC', 4, 'Arcadia Planitia', '[]', '[]', null, null)
;

CREATE TABLE binary_data (
    data BLOB
);

-- Many 2 Many demo: roadside attractions!

CREATE TABLE roadside_attractions (
    pk integer primary key,
    name text,
    address text,
    url text,
    latitude real,
    longitude real
);
INSERT INTO roadside_attractions VALUES (
    1, ""The Mystery Spot"", ""465 Mystery Spot Road, Santa Cruz, CA 95065"", ""https://www.mysteryspot.com/"",
    37.0167, -122.0024
);
INSERT INTO roadside_attractions VALUES (
    2, ""Winchester Mystery House"", ""525 South Winchester Boulevard, San Jose, CA 95128"", ""https://winchestermysteryhouse.com/"",
    37.3184, -121.9511
);
INSERT INTO roadside_attractions VALUES (
    3, ""Burlingame Museum of PEZ Memorabilia"", ""214 California Drive, Burlingame, CA 94010"", null,
    37.5793, -122.3442
);
INSERT INTO roadside_attractions VALUES (
    4, ""Bigfoot Discovery Museum"", ""5497 Highway 9, Felton, CA 95018"", ""https://www.bigfootdiscoveryproject.com/"",
    37.0414, -122.0725
);

CREATE TABLE attraction_characteristic (
    pk integer primary key,
    name text
);
INSERT INTO attraction_characteristic VALUES (
    1, ""Museum""
);
INSERT INTO attraction_characteristic VALUES (
    2, ""Paranormal""
);

CREATE TABLE roadside_attraction_characteristics (
    attraction_id INTEGER REFERENCES roadside_attractions(pk),
    characteristic_id INTEGER REFERENCES attraction_characteristic(pk)
);
INSERT INTO roadside_attraction_characteristics VALUES (
    1, 2
);
INSERT INTO roadside_attraction_characteristics VALUES (
    2, 2
);
INSERT INTO roadside_attraction_characteristics VALUES (
    4, 2
);
INSERT INTO roadside_attraction_characteristics VALUES (
    3, 1
);
INSERT INTO roadside_attraction_characteristics VALUES (
    4, 1
);

INSERT INTO simple_primary_key VALUES (1, 'hello');
INSERT INTO simple_primary_key VALUES (2, 'world');
INSERT INTO simple_primary_key VALUES (3, '');
INSERT INTO simple_primary_key VALUES (4, 'RENDER_CELL_DEMO');
INSERT INTO simple_primary_key VALUES (5, 'RENDER_CELL_ASYNC');

INSERT INTO primary_key_multiple_columns VALUES (1, 'hey', 'world');
INSERT INTO primary_key_multiple_columns_explicit_label VALUES (1, 'hey', 'world2');

INSERT INTO foreign_key_references VALUES (1, 1, 3, 1, 'a', 'b');
INSERT INTO foreign_key_references VALUES (2, null, null, null, null, null);

INSERT INTO complex_foreign_keys VALUES (1, 1, 2, 1);
INSERT INTO custom_foreign_key_label VALUES (1, 1);

INSERT INTO [table/with/slashes.csv] VALUES (3, 'hey');

CREATE VIEW simple_view AS
    SELECT content, upper(content) AS upper_content FROM simple_primary_key;

CREATE VIEW searchable_view AS
    SELECT * from searchable;

CREATE VIEW searchable_view_configured_by_metadata AS
    SELECT * from searchable;

""""""
    + ""\n"".join(
        [
            'INSERT INTO no_primary_key VALUES ({i}, ""a{i}"", ""b{i}"", ""c{i}"");'.format(
                i=i + 1
            )
            for i in range(201)
        ]
    )
    + '\nINSERT INTO no_primary_key VALUES (""RENDER_CELL_DEMO"", ""a202"", ""b202"", ""c202"");\n'
    + ""\n"".join(
        [
            f'INSERT INTO compound_three_primary_keys VALUES (""{a}"", ""{b}"", ""{c}"", ""{content}"");'
            for a, b, c, content in generate_compound_rows(1001)
        ]
    )
    + ""\n"".join([""""""INSERT INTO sortable VALUES (
        ""{pk1}"", ""{pk2}"", ""{content}"", {sortable},
        {sortable_with_nulls}, {sortable_with_nulls_2}, ""{text}"");
    """""".format(**row).replace(""None"", ""null"") for row in generate_sortable_rows(201)])
)",FALSE_POSITIVE,"The variable SQL pieces are internal query-builder output or local configuration values, with user data bound separately in the surrounding Datasette database call. No direct value-to-SQL-structure path is established here.",datasette/fixtures.py:28-382,FALSE_POSITIVE,"The variable SQL pieces are internal query-builder output or local configuration values, with user data bound separately in the surrounding Datasette database call. No direct value-to-SQL-structure path is established here.",datasette/fixtures.py:28-382,true,,,,FALSE_POSITIVE,Independent annotators agreed; original rationales are preserved in the annotator rationale fields.,datasette/fixtures.py:28-382; datasette/fixtures.py:28-382,independent_agreement
GT-263,FND-000494,R036,tortoise/tortoise-orm,ffc946ebd2d1715c3cc3196ada2c2da04f6188d4,dynamic-sql,CWE-89,tortoise/backends/mysql/client.py,146,146,146,"                            await cursor.execute(f""SET time_zone='{tz}';"")",FALSE_POSITIVE,"The interpolated value comes from database connection or configuration metadata set by the application operator, not from a query parameter or request. This is connection or session setup rather than an untrusted value being appended to application SQL.",tortoise/backends/mysql/client.py:128-170,FALSE_POSITIVE,"The interpolated value comes from database connection or configuration metadata set by the application operator, not from a query parameter or request. This is connection or session setup rather than an untrusted value being appended to application SQL.",tortoise/backends/mysql/client.py:128-170,true,,,,FALSE_POSITIVE,Independent annotators agreed; original rationales are preserved in the annotator rationale fields.,tortoise/backends/mysql/client.py:128-170; tortoise/backends/mysql/client.py:128-170,independent_agreement
GT-264,FND-000116,R003,django/django,9193cb54550727a02fd55dab1b430597a9aa4297,dynamic-sql,CWE-89,django/db/backends/sqlite3/introspection.py,91,93,91,"        cursor.execute(
            ""PRAGMA table_xinfo(%s)"" % self.connection.ops.quote_name(table_name)
        )",FALSE_POSITIVE,"The interpolated value is a database identifier passed through Django's backend quote_name() routine; data values are kept as parameters where needed. The formatting is schema or query construction from model metadata, not unquoted request data.",django/db/backends/sqlite3/introspection.py:73-117,FALSE_POSITIVE,"The interpolated value is a database identifier passed through Django's backend quote_name() routine; data values are kept as parameters where needed. The formatting is schema or query construction from model metadata, not unquoted request data.",django/db/backends/sqlite3/introspection.py:73-117,true,,,,FALSE_POSITIVE,Independent annotators agreed; original rationales are preserved in the annotator rationale fields.,django/db/backends/sqlite3/introspection.py:73-117; django/db/backends/sqlite3/introspection.py:73-117,independent_agreement
GT-265,FND-001199,R091,simonw/datasette,bdc973174096cae350ddaa733a10ed8b3ffd970b,dynamic-sql,CWE-89,datasette/app.py,1545,1545,1545,"            conn.execute(f""PRAGMA cache_size=-{self.setting('cache_size_kb')}"")",FALSE_POSITIVE,"The variable SQL pieces are internal query-builder output or local configuration values, with user data bound separately in the surrounding Datasette database call. No direct value-to-SQL-structure path is established here.",datasette/app.py:1527-1569,FALSE_POSITIVE,"The variable SQL pieces are internal query-builder output or local configuration values, with user data bound separately in the surrounding Datasette database call. No direct value-to-SQL-structure path is established here.",datasette/app.py:1527-1569,true,,,,FALSE_POSITIVE,Independent annotators agreed; original rationales are preserved in the annotator rationale fields.,datasette/app.py:1527-1569; datasette/app.py:1527-1569,independent_agreement
GT-266,FND-000126,R003,django/django,9193cb54550727a02fd55dab1b430597a9aa4297,dynamic-sql,CWE-89,django/db/models/functions/text.py,268,278,268,"        sql, params = super().as_sql(
            compiler,
            connection,
            template=(
                ""(SELECT LISTAGG(s) WITHIN GROUP (ORDER BY n DESC) FROM ""
                f""(SELECT LEVEL n, SUBSTR(%(expressions)s, LEVEL, 1) s{suffix} ""
                ""CONNECT BY LEVEL <= LENGTH(%(expressions)s)) ""
                ""GROUP BY %(expressions)s)""
            ),
            **extra_context,
        )",FALSE_POSITIVE,"This SQL is assembled by Django's ORM or schema compiler from model metadata or previously compiled SQL fragments. The frozen path does not place a request value directly into SQL structure, and value data remains parameterized by the surrounding compiler or backend APIs.",django/db/models/functions/text.py:250-302,FALSE_POSITIVE,"This SQL is assembled by Django's ORM or schema compiler from model metadata or previously compiled SQL fragments. The frozen path does not place a request value directly into SQL structure, and value data remains parameterized by the surrounding compiler or backend APIs.",django/db/models/functions/text.py:250-302,true,,,,FALSE_POSITIVE,Independent annotators agreed; original rationales are preserved in the annotator rationale fields.,django/db/models/functions/text.py:250-302; django/db/models/functions/text.py:250-302,independent_agreement
GT-267,FND-000483,R035,coleifer/peewee,c6328d6c91120b3d04878921a0af64a9ee78c866,dynamic-sql,CWE-89,peewee.py,9525,9526,9525,"            raise ValueError('Load() query must select from %s, got %s.' %
                             (rel_model, query.model))",FALSE_POSITIVE,"The SQL is built from Peewee database or schema configuration and identifiers supplied through the ORM API, not from a demonstrated request-data flow. This finding does not establish a less-trusted value altering the statement structure.",peewee.py:9507-9550,FALSE_POSITIVE,"The SQL is built from Peewee database or schema configuration and identifiers supplied through the ORM API, not from a demonstrated request-data flow. This finding does not establish a less-trusted value altering the statement structure.",peewee.py:9507-9550,true,,,,FALSE_POSITIVE,Independent annotators agreed; original rationales are preserved in the annotator rationale fields.,peewee.py:9507-9550; peewee.py:9507-9550,independent_agreement
GT-268,FND-000535,R039,encode/databases,ae3fb16f40201d9ed0ed31bea31a289127169568,dynamic-sql,CWE-89,databases/backends/asyncmy.py,270,270,270,"                    await cursor.execute(f""SAVEPOINT {self._savepoint_name}"")",FALSE_POSITIVE,The only interpolated SQL token is an internally generated savepoint name based on a UUID. No external data controls the statement structure.,databases/backends/asyncmy.py:252-294,FALSE_POSITIVE,The only interpolated SQL token is an internally generated savepoint name based on a UUID. No external data controls the statement structure.,databases/backends/asyncmy.py:252-294,true,,,,FALSE_POSITIVE,Independent annotators agreed; original rationales are preserved in the annotator rationale fields.,databases/backends/asyncmy.py:252-294; databases/backends/asyncmy.py:252-294,independent_agreement
GT-269,FND-000633,R045,sqlmapproject/sqlmap,1ee368f78a73ccc1c193af32d4e70c1244be5865,dynamic-sql,CWE-89,extra/esperanto/__main__.py,629,629,629,"                limit = esp.extractInteger(""(SELECT COUNT(*) FROM %s)"" % esp.qualify(args.tbl, scope)) or 10",FALSE_POSITIVE,"This code is part of sqlmap's SQL payload or enumeration engine and intentionally constructs SQL text for the database being tested. The variable fragments here come from sqlmap's own templates, recovered metadata, or identifier helpers; this is intended scanner behavior rather than an unintended SQL injection into sqlmap itself.",extra/esperanto/__main__.py:611-653,FALSE_POSITIVE,"This code is part of sqlmap's SQL payload or enumeration engine and intentionally constructs SQL text for the database being tested. The variable fragments here come from sqlmap's own templates, recovered metadata, or identifier helpers; this is intended scanner behavior rather than an unintended SQL injection into sqlmap itself.",extra/esperanto/__main__.py:611-653,true,,,,FALSE_POSITIVE,Independent annotators agreed; original rationales are preserved in the annotator rationale fields.,extra/esperanto/__main__.py:611-653; extra/esperanto/__main__.py:611-653,independent_agreement
GT-270,FND-000528,R038,psycopg/psycopg2,3a6d9d6ddc6b53eaa80b712f5fa6b23abbdc38db,dynamic-sql,CWE-89,lib/extras.py,907,911,907,"        curs.execute(f""""""SELECT t.oid, {typarray}
FROM pg_type t JOIN pg_namespace ns
    ON typnamespace = ns.oid
WHERE typname = 'hstore';
"""""")",FALSE_POSITIVE,"The structural SQL fragment is selected internally from fixed catalog-column text, while the type name or value is passed as a DB-API parameter. There is no untrusted value interpolated into SQL syntax at this call.",lib/extras.py:889-935,FALSE_POSITIVE,"The structural SQL fragment is selected internally from fixed catalog-column text, while the type name or value is passed as a DB-API parameter. There is no untrusted value interpolated into SQL syntax at this call.",lib/extras.py:889-935,true,,,,FALSE_POSITIVE,Independent annotators agreed; original rationales are preserved in the annotator rationale fields.,lib/extras.py:889-935; lib/extras.py:889-935,independent_agreement
GT-271,FND-001215,R091,simonw/datasette,bdc973174096cae350ddaa733a10ed8b3ffd970b,dynamic-sql,CWE-89,datasette/facets.py,471,475,471,"            suggested_facet_sql = """"""
                select date({column}) from (
                    select * from ({sql}) limit 100
                ) where {column} glob ""????-??-*""
            """""".format(column=escape_sqlite(column), sql=self.sql)",FALSE_POSITIVE,Datasette escapes table and column identifiers with its SQLite identifier helper and keeps row or filter values in bound parameters. The interpolation at this line is structural query assembly rather than direct insertion of an untrusted value.,datasette/facets.py:453-499,FALSE_POSITIVE,Datasette escapes table and column identifiers with its SQLite identifier helper and keeps row or filter values in bound parameters. The interpolation at this line is structural query assembly rather than direct insertion of an untrusted value.,datasette/facets.py:453-499,true,,,,FALSE_POSITIVE,Independent annotators agreed; original rationales are preserved in the annotator rationale fields.,datasette/facets.py:453-499; datasette/facets.py:453-499,independent_agreement
GT-272,FND-000051,R003,django/django,9193cb54550727a02fd55dab1b430597a9aa4297,dynamic-sql,CWE-89,django/contrib/gis/db/backends/spatialite/schema.py,185,195,185,"                self.execute(
                    self.sql_rename_table
                    % {
                        ""old_table"": self.quote_name(
                            ""idx_%s_%s"" % (old_db_table, field.column)
                        ),
                        ""new_table"": self.quote_name(
                            ""idx_%s_%s"" % (new_db_table, field.column)
                        ),
                    }
                )",FALSE_POSITIVE,"The interpolated value is a database identifier passed through Django's backend quote_name() routine; data values are kept as parameters where needed. The formatting is schema or query construction from model metadata, not unquoted request data.",django/contrib/gis/db/backends/spatialite/schema.py:167-219,FALSE_POSITIVE,"The interpolated value is a database identifier passed through Django's backend quote_name() routine; data values are kept as parameters where needed. The formatting is schema or query construction from model metadata, not unquoted request data.",django/contrib/gis/db/backends/spatialite/schema.py:167-219,true,,,,FALSE_POSITIVE,Independent annotators agreed; original rationales are preserved in the annotator rationale fields.,django/contrib/gis/db/backends/spatialite/schema.py:167-219; django/contrib/gis/db/backends/spatialite/schema.py:167-219,independent_agreement
GT-273,FND-000455,R033,sqlalchemy/sqlalchemy,de83fa72d787136785624fd8981e1d71e9f427ab,dynamic-sql,CWE-89,lib/sqlalchemy/dialects/sqlite/provision.py,122,124,122,"        dbapi_connection.execute(
            f'ATTACH DATABASE ""{attach_path}"" AS test_schema'
        )",FALSE_POSITIVE,The statement is generated by SQLAlchemy's dialect or ORM compiler from schema objects and compiler-owned fragments. It is not concatenating an external request value into SQL text; runtime values are handled through the engine's parameter system.,lib/sqlalchemy/dialects/sqlite/provision.py:104-148,FALSE_POSITIVE,The statement is generated by SQLAlchemy's dialect or ORM compiler from schema objects and compiler-owned fragments. It is not concatenating an external request value into SQL text; runtime values are handled through the engine's parameter system.,lib/sqlalchemy/dialects/sqlite/provision.py:104-148,true,,,,FALSE_POSITIVE,Independent annotators agreed; original rationales are preserved in the annotator rationale fields.,lib/sqlalchemy/dialects/sqlite/provision.py:104-148; lib/sqlalchemy/dialects/sqlite/provision.py:104-148,independent_agreement
GT-274,FND-000497,R036,tortoise/tortoise-orm,ffc946ebd2d1715c3cc3196ada2c2da04f6188d4,dynamic-sql,CWE-89,tortoise/backends/sqlite/client.py,257,257,257,"        await self._connection.execute(f""SAVEPOINT {self._savepoint}"")",FALSE_POSITIVE,The savepoint identifier is generated internally by the transaction wrapper before being inserted into the statement. It is not supplied by a request or database value.,tortoise/backends/sqlite/client.py:239-281,FALSE_POSITIVE,The savepoint identifier is generated internally by the transaction wrapper before being inserted into the statement. It is not supplied by a request or database value.,tortoise/backends/sqlite/client.py:239-281,true,,,,FALSE_POSITIVE,Independent annotators agreed; original rationales are preserved in the annotator rationale fields.,tortoise/backends/sqlite/client.py:239-281; tortoise/backends/sqlite/client.py:239-281,independent_agreement
GT-275,FND-001210,R091,simonw/datasette,bdc973174096cae350ddaa733a10ed8b3ffd970b,dynamic-sql,CWE-89,datasette/facets.py,206,212,206,"            self.row_count = (
                await self.ds.execute(
                    self.database,
                    f""select count(*) from (select * from ({self.sql}) limit {self.suggest_consider})"",
                    self.params,
                )
            ).rows[0][0]",FALSE_POSITIVE,The formatted fragment is an already-constructed SQL query handled by Datasette's query layer; additional values at this site are bound parameters or escaped identifiers. This line does not introduce a new untrusted value into SQL structure.,datasette/facets.py:188-236,FALSE_POSITIVE,The formatted fragment is an already-constructed SQL query handled by Datasette's query layer; additional values at this site are bound parameters or escaped identifiers. This line does not introduce a new untrusted value into SQL structure.,datasette/facets.py:188-236,true,,,,FALSE_POSITIVE,Independent annotators agreed; original rationales are preserved in the annotator rationale fields.,datasette/facets.py:188-236; datasette/facets.py:188-236,independent_agreement
GT-276,FND-000632,R045,sqlmapproject/sqlmap,1ee368f78a73ccc1c193af32d4e70c1244be5865,dynamic-sql,CWE-89,extra/esperanto/__main__.py,307,308,307,"        prep(con, (""IF OBJECT_ID('esp_probe') IS NOT NULL DROP TABLE esp_probe"",
                   ""CREATE TABLE esp_probe (name VARCHAR(64))"", ""INSERT INTO esp_probe VALUES ('%s')"" % SECRET))",FALSE_POSITIVE,"This code is part of sqlmap's SQL payload or enumeration engine and intentionally constructs SQL text for the database being tested. The variable fragments here come from sqlmap's own templates, recovered metadata, or identifier helpers; this is intended scanner behavior rather than an unintended SQL injection into sqlmap itself.",extra/esperanto/__main__.py:289-332,FALSE_POSITIVE,"This code is part of sqlmap's SQL payload or enumeration engine and intentionally constructs SQL text for the database being tested. The variable fragments here come from sqlmap's own templates, recovered metadata, or identifier helpers; this is intended scanner behavior rather than an unintended SQL injection into sqlmap itself.",extra/esperanto/__main__.py:289-332,true,,,,FALSE_POSITIVE,Independent annotators agreed; original rationales are preserved in the annotator rationale fields.,extra/esperanto/__main__.py:289-332; extra/esperanto/__main__.py:289-332,independent_agreement
GT-277,FND-000752,R045,sqlmapproject/sqlmap,1ee368f78a73ccc1c193af32d4e70c1244be5865,dynamic-sql,CWE-89,plugins/dbms/oracle/fingerprint.py,130,130,130,"                output = inject.checkBooleanExpression(""(SELECT VERSION FROM SYS.PRODUCT_COMPONENT_VERSION WHERE ROWNUM=1) LIKE '%d%%'"" % number)",FALSE_POSITIVE,"This code is part of sqlmap's SQL payload or enumeration engine and intentionally constructs SQL text for the database being tested. The variable fragments here come from sqlmap's own templates, recovered metadata, or identifier helpers; this is intended scanner behavior rather than an unintended SQL injection into sqlmap itself.",plugins/dbms/oracle/fingerprint.py:112-154,FALSE_POSITIVE,"This code is part of sqlmap's SQL payload or enumeration engine and intentionally constructs SQL text for the database being tested. The variable fragments here come from sqlmap's own templates, recovered metadata, or identifier helpers; this is intended scanner behavior rather than an unintended SQL injection into sqlmap itself.",plugins/dbms/oracle/fingerprint.py:112-154,true,,,,FALSE_POSITIVE,Independent annotators agreed; original rationales are preserved in the annotator rationale fields.,plugins/dbms/oracle/fingerprint.py:112-154; plugins/dbms/oracle/fingerprint.py:112-154,independent_agreement
GT-278,FND-000495,R036,tortoise/tortoise-orm,ffc946ebd2d1715c3cc3196ada2c2da04f6188d4,dynamic-sql,CWE-89,tortoise/backends/oracle/client.py,117,117,117,"            await connection.execute(f'ALTER SESSION SET CURRENT_SCHEMA = ""{client.user}""')",FALSE_POSITIVE,"The interpolated value comes from database connection or configuration metadata set by the application operator, not from a query parameter or request. This is connection or session setup rather than an untrusted value being appended to application SQL.",tortoise/backends/oracle/client.py:99-141,FALSE_POSITIVE,"The interpolated value comes from database connection or configuration metadata set by the application operator, not from a query parameter or request. This is connection or session setup rather than an untrusted value being appended to application SQL.",tortoise/backends/oracle/client.py:99-141,true,,,,FALSE_POSITIVE,Independent annotators agreed; original rationales are preserved in the annotator rationale fields.,tortoise/backends/oracle/client.py:99-141; tortoise/backends/oracle/client.py:99-141,independent_agreement
GT-279,FND-000763,R045,sqlmapproject/sqlmap,1ee368f78a73ccc1c193af32d4e70c1244be5865,dynamic-sql,CWE-89,plugins/generic/databases.py,1054,1054,1054,"            query = ""SELECT %s FROM %s.%s"" % (queries[Backend.getIdentifiedDbms()].count.query % '*', safeSQLIdentificatorNaming(db), safeSQLIdentificatorNaming(table, True))",FALSE_POSITIVE,"This code is part of sqlmap's SQL payload or enumeration engine and intentionally constructs SQL text for the database being tested. The variable fragments here come from sqlmap's own templates, recovered metadata, or identifier helpers; this is intended scanner behavior rather than an unintended SQL injection into sqlmap itself.",plugins/generic/databases.py:1036-1078,FALSE_POSITIVE,"This code is part of sqlmap's SQL payload or enumeration engine and intentionally constructs SQL text for the database being tested. The variable fragments here come from sqlmap's own templates, recovered metadata, or identifier helpers; this is intended scanner behavior rather than an unintended SQL injection into sqlmap itself.",plugins/generic/databases.py:1036-1078,true,,,,FALSE_POSITIVE,Independent annotators agreed; original rationales are preserved in the annotator rationale fields.,plugins/generic/databases.py:1036-1078; plugins/generic/databases.py:1036-1078,independent_agreement
GT-280,FND-000745,R045,sqlmapproject/sqlmap,1ee368f78a73ccc1c193af32d4e70c1244be5865,dynamic-sql,CWE-89,plugins/dbms/mssqlserver/fingerprint.py,161,161,161,"            query = ""EXISTS(SELECT %s FROM %s WHERE %s "" % (self.tblField, self.fileTblName, self.tblField)",FALSE_POSITIVE,"This code is part of sqlmap's SQL payload or enumeration engine and intentionally constructs SQL text for the database being tested. The variable fragments here come from sqlmap's own templates, recovered metadata, or identifier helpers; this is intended scanner behavior rather than an unintended SQL injection into sqlmap itself.",plugins/dbms/mssqlserver/fingerprint.py:143-185,FALSE_POSITIVE,"This code is part of sqlmap's SQL payload or enumeration engine and intentionally constructs SQL text for the database being tested. The variable fragments here come from sqlmap's own templates, recovered metadata, or identifier helpers; this is intended scanner behavior rather than an unintended SQL injection into sqlmap itself.",plugins/dbms/mssqlserver/fingerprint.py:143-185,true,,,,FALSE_POSITIVE,Independent annotators agreed; original rationales are preserved in the annotator rationale fields.,plugins/dbms/mssqlserver/fingerprint.py:143-185; plugins/dbms/mssqlserver/fingerprint.py:143-185,independent_agreement
GT-281,FND-000700,R045,sqlmapproject/sqlmap,1ee368f78a73ccc1c193af32d4e70c1244be5865,dynamic-sql,CWE-89,lib/techniques/graphql/inject.py,193,193,193,"    return ""(SELECT %s FROM %s ORDER BY 1 LIMIT %d,1)"" % (body, _mysqlFrom(table), offset)",FALSE_POSITIVE,"This code is part of sqlmap's SQL payload or enumeration engine and intentionally constructs SQL text for the database being tested. The variable fragments here come from sqlmap's own templates, recovered metadata, or identifier helpers; this is intended scanner behavior rather than an unintended SQL injection into sqlmap itself.",lib/techniques/graphql/inject.py:175-217,FALSE_POSITIVE,"This code is part of sqlmap's SQL payload or enumeration engine and intentionally constructs SQL text for the database being tested. The variable fragments here come from sqlmap's own templates, recovered metadata, or identifier helpers; this is intended scanner behavior rather than an unintended SQL injection into sqlmap itself.",lib/techniques/graphql/inject.py:175-217,true,,,,FALSE_POSITIVE,Independent annotators agreed; original rationales are preserved in the annotator rationale fields.,lib/techniques/graphql/inject.py:175-217; lib/techniques/graphql/inject.py:175-217,independent_agreement
GT-282,FND-000049,R003,django/django,9193cb54550727a02fd55dab1b430597a9aa4297,dynamic-sql,CWE-89,django/contrib/gis/db/backends/spatialite/schema.py,161,168,161,"                self.execute(
                    self.sql_update_geometry_columns
                    % {
                        ""geom_table"": geom_table,
                        ""old_table"": self.quote_name(old_db_table),
                        ""new_table"": self.quote_name(new_db_table),
                    }
                )",FALSE_POSITIVE,"The interpolated value is a database identifier passed through Django's backend quote_name() routine; data values are kept as parameters where needed. The formatting is schema or query construction from model metadata, not unquoted request data.",django/contrib/gis/db/backends/spatialite/schema.py:143-192,FALSE_POSITIVE,"The interpolated value is a database identifier passed through Django's backend quote_name() routine; data values are kept as parameters where needed. The formatting is schema or query construction from model metadata, not unquoted request data.",django/contrib/gis/db/backends/spatialite/schema.py:143-192,true,,,,FALSE_POSITIVE,Independent annotators agreed; original rationales are preserved in the annotator rationale fields.,django/contrib/gis/db/backends/spatialite/schema.py:143-192; django/contrib/gis/db/backends/spatialite/schema.py:143-192,independent_agreement
GT-283,FND-000094,R003,django/django,9193cb54550727a02fd55dab1b430597a9aa4297,dynamic-sql,CWE-89,django/db/backends/mysql/introspection.py,349,351,349,"        cursor.execute(
            ""SHOW INDEX FROM %s"" % self.connection.ops.quote_name(table_name)
        )",FALSE_POSITIVE,"The interpolated value is a database identifier passed through Django's backend quote_name() routine; data values are kept as parameters where needed. The formatting is schema or query construction from model metadata, not unquoted request data.",django/db/backends/mysql/introspection.py:331-375,FALSE_POSITIVE,"The interpolated value is a database identifier passed through Django's backend quote_name() routine; data values are kept as parameters where needed. The formatting is schema or query construction from model metadata, not unquoted request data.",django/db/backends/mysql/introspection.py:331-375,true,,,,FALSE_POSITIVE,Independent annotators agreed; original rationales are preserved in the annotator rationale fields.,django/db/backends/mysql/introspection.py:331-375; django/db/backends/mysql/introspection.py:331-375,independent_agreement
GT-284,FND-001287,R091,simonw/datasette,bdc973174096cae350ddaa733a10ed8b3ffd970b,dynamic-sql,CWE-89,datasette/views/table_extras.py,119,129,119,"        if (
            not context.db.is_mutable
            and context.datasette.inspect_data
            and context.count_sql == f""select count(*) from {context.table_name} ""
        ):
            try:
                count = context.datasette.inspect_data[context.database_name][""tables""][
                    context.table_name
                ][""count""]
            except KeyError:
                pass",FALSE_POSITIVE,"The variable SQL pieces are internal query-builder output or local configuration values, with user data bound separately in the surrounding Datasette database call. No direct value-to-SQL-structure path is established here.",datasette/views/table_extras.py:101-153,FALSE_POSITIVE,"The variable SQL pieces are internal query-builder output or local configuration values, with user data bound separately in the surrounding Datasette database call. No direct value-to-SQL-structure path is established here.",datasette/views/table_extras.py:101-153,true,,,,FALSE_POSITIVE,Independent annotators agreed; original rationales are preserved in the annotator rationale fields.,datasette/views/table_extras.py:101-153; datasette/views/table_extras.py:101-153,independent_agreement
GT-285,FND-000109,R003,django/django,9193cb54550727a02fd55dab1b430597a9aa4297,dynamic-sql,CWE-89,django/db/backends/postgresql/schema.py,208,214,208,"            self.execute(
                self.sql_drop_indentity
                % {
                    ""table"": self.quote_name(table),
                    ""column"": self.quote_name(strip_quotes(new_field.column)),
                }
            )",FALSE_POSITIVE,"The interpolated value is a database identifier passed through Django's backend quote_name() routine; data values are kept as parameters where needed. The formatting is schema or query construction from model metadata, not unquoted request data.",django/db/backends/postgresql/schema.py:190-238,FALSE_POSITIVE,"The interpolated value is a database identifier passed through Django's backend quote_name() routine; data values are kept as parameters where needed. The formatting is schema or query construction from model metadata, not unquoted request data.",django/db/backends/postgresql/schema.py:190-238,true,,,,FALSE_POSITIVE,Independent annotators agreed; original rationales are preserved in the annotator rationale fields.,django/db/backends/postgresql/schema.py:190-238; django/db/backends/postgresql/schema.py:190-238,independent_agreement
GT-286,FND-000480,R035,coleifer/peewee,c6328d6c91120b3d04878921a0af64a9ee78c866,dynamic-sql,CWE-89,peewee.py,4475,4476,4475,"        sql = ('SELECT name, sql FROM ""%s"".sqlite_master WHERE type=? '
               'ORDER BY name') % schema",FALSE_POSITIVE,"The SQL is built from Peewee database or schema configuration and identifiers supplied through the ORM API, not from a demonstrated request-data flow. This finding does not establish a less-trusted value altering the statement structure.",peewee.py:4457-4500,FALSE_POSITIVE,"The SQL is built from Peewee database or schema configuration and identifiers supplied through the ORM API, not from a demonstrated request-data flow. This finding does not establish a less-trusted value altering the statement structure.",peewee.py:4457-4500,true,,,,FALSE_POSITIVE,Independent annotators agreed; original rationales are preserved in the annotator rationale fields.,peewee.py:4457-4500; peewee.py:4457-4500,independent_agreement
GT-287,FND-001285,R091,simonw/datasette,bdc973174096cae350ddaa733a10ed8b3ffd970b,dynamic-sql,CWE-89,datasette/views/table_create_alter.py,238,243,238,"    sql = ""select {} from {} where {} in ({})"".format(
        escape_sqlite(target[""fk_column""]),
        escape_sqlite(target[""fk_table""]),
        escape_sqlite(target[""fk_column""]),
        "", "".join(""?"" for _ in values),
    )",FALSE_POSITIVE,Datasette escapes table and column identifiers with its SQLite identifier helper and keeps row or filter values in bound parameters. The interpolation at this line is structural query assembly rather than direct insertion of an untrusted value.,datasette/views/table_create_alter.py:220-267,FALSE_POSITIVE,Datasette escapes table and column identifiers with its SQLite identifier helper and keeps row or filter values in bound parameters. The interpolation at this line is structural query assembly rather than direct insertion of an untrusted value.,datasette/views/table_create_alter.py:220-267,true,,,,FALSE_POSITIVE,Independent annotators agreed; original rationales are preserved in the annotator rationale fields.,datasette/views/table_create_alter.py:220-267; datasette/views/table_create_alter.py:220-267,independent_agreement
GT-288,FND-001272,R091,simonw/datasette,bdc973174096cae350ddaa733a10ed8b3ffd970b,dynamic-sql,CWE-89,datasette/views/row.py,645,653,645,"        sql = ""select "" + "", "".join(
            [
                ""(select count(*) from {table} where {column}=:id)"".format(
                    table=escape_sqlite(fk[""other_table""]),
                    column=escape_sqlite(fk[""other_column""]),
                )
                for fk in foreign_keys
            ]
        )",FALSE_POSITIVE,Datasette escapes table and column identifiers with its SQLite identifier helper and keeps row or filter values in bound parameters. The interpolation at this line is structural query assembly rather than direct insertion of an untrusted value.,datasette/views/row.py:627-677,FALSE_POSITIVE,Datasette escapes table and column identifiers with its SQLite identifier helper and keeps row or filter values in bound parameters. The interpolation at this line is structural query assembly rather than direct insertion of an untrusted value.,datasette/views/row.py:627-677,true,,,,FALSE_POSITIVE,Independent annotators agreed; original rationales are preserved in the annotator rationale fields.,datasette/views/row.py:627-677; datasette/views/row.py:627-677,independent_agreement
GT-289,FND-000499,R036,tortoise/tortoise-orm,ffc946ebd2d1715c3cc3196ada2c2da04f6188d4,dynamic-sql,CWE-89,tortoise/backends/sqlite/client.py,272,272,272,"        await self._connection.execute(f""RELEASE {self._savepoint}"")",FALSE_POSITIVE,The savepoint identifier is generated internally by the transaction wrapper before being inserted into the statement. It is not supplied by a request or database value.,tortoise/backends/sqlite/client.py:254-296,FALSE_POSITIVE,The savepoint identifier is generated internally by the transaction wrapper before being inserted into the statement. It is not supplied by a request or database value.,tortoise/backends/sqlite/client.py:254-296,true,,,,FALSE_POSITIVE,Independent annotators agreed; original rationales are preserved in the annotator rationale fields.,tortoise/backends/sqlite/client.py:254-296; tortoise/backends/sqlite/client.py:254-296,independent_agreement
GT-290,FND-000052,R003,django/django,9193cb54550727a02fd55dab1b430597a9aa4297,dynamic-sql,CWE-89,django/contrib/postgres/operations.py,29,32,29,"            schema_editor.execute(
                ""CREATE EXTENSION IF NOT EXISTS %s""
                % schema_editor.quote_name(self.name)
            )",FALSE_POSITIVE,"The interpolated value is a database identifier passed through Django's backend quote_name() routine; data values are kept as parameters where needed. The formatting is schema or query construction from model metadata, not unquoted request data.",django/contrib/postgres/operations.py:11-56,FALSE_POSITIVE,"The interpolated value is a database identifier passed through Django's backend quote_name() routine; data values are kept as parameters where needed. The formatting is schema or query construction from model metadata, not unquoted request data.",django/contrib/postgres/operations.py:11-56,true,,,,FALSE_POSITIVE,Independent annotators agreed; original rationales are preserved in the annotator rationale fields.,django/contrib/postgres/operations.py:11-56; django/contrib/postgres/operations.py:11-56,independent_agreement
GT-291,FND-000666,R045,sqlmapproject/sqlmap,1ee368f78a73ccc1c193af32d4e70c1244be5865,dynamic-sql,CWE-89,extra/vulnserver/vulnserver.py,1678,1678,1678,"                                _cursor.execute(""SELECT * FROM users WHERE id=%s LIMIT 0, 1"" % base64.b64decode(""%s==="" % self.params[""id""], altchars=self.params.get(""altchars"")).decode())",FALSE_POSITIVE,This SQL interpolation is inside sqlmap's deliberately vulnerable `extra/vulnserver` test target. Accepting injectable input is intentional for scanner testing and is not a defect in sqlmap's production database-access logic.,extra/vulnserver/vulnserver.py:1660-1702,FALSE_POSITIVE,This SQL interpolation is inside sqlmap's deliberately vulnerable `extra/vulnserver` test target. Accepting injectable input is intentional for scanner testing and is not a defect in sqlmap's production database-access logic.,extra/vulnserver/vulnserver.py:1660-1702,true,,,,FALSE_POSITIVE,Independent annotators agreed; original rationales are preserved in the annotator rationale fields.,extra/vulnserver/vulnserver.py:1660-1702; extra/vulnserver/vulnserver.py:1660-1702,independent_agreement
GT-292,FND-000651,R045,sqlmapproject/sqlmap,1ee368f78a73ccc1c193af32d4e70c1244be5865,dynamic-sql,CWE-89,extra/esperanto/enumeration.py,664,664,664,"                        pv = self.extractInteger(""(SELECT MIN(%s) FROM %s%s)"" % (pageexpr, qtable, where))",FALSE_POSITIVE,"This code is part of sqlmap's SQL payload or enumeration engine and intentionally constructs SQL text for the database being tested. The variable fragments here come from sqlmap's own templates, recovered metadata, or identifier helpers; this is intended scanner behavior rather than an unintended SQL injection into sqlmap itself.",extra/esperanto/enumeration.py:646-688,FALSE_POSITIVE,"This code is part of sqlmap's SQL payload or enumeration engine and intentionally constructs SQL text for the database being tested. The variable fragments here come from sqlmap's own templates, recovered metadata, or identifier helpers; this is intended scanner behavior rather than an unintended SQL injection into sqlmap itself.",extra/esperanto/enumeration.py:646-688,true,,,,FALSE_POSITIVE,Independent annotators agreed; original rationales are preserved in the annotator rationale fields.,extra/esperanto/enumeration.py:646-688; extra/esperanto/enumeration.py:646-688,independent_agreement
GT-293,FND-000463,R033,sqlalchemy/sqlalchemy,de83fa72d787136785624fd8981e1d71e9f427ab,dynamic-sql,CWE-89,lib/sqlalchemy/orm/persistence.py,718,722,718,"                raise orm_exc.FlushError(
                    ""Can't delete from table %s ""
                    ""using NULL for primary ""
                    ""key value on column %s"" % (table, col)
                )",FALSE_POSITIVE,The statement is generated by SQLAlchemy's dialect or ORM compiler from schema objects and compiler-owned fragments. It is not concatenating an external request value into SQL text; runtime values are handled through the engine's parameter system.,lib/sqlalchemy/orm/persistence.py:700-746,FALSE_POSITIVE,The statement is generated by SQLAlchemy's dialect or ORM compiler from schema objects and compiler-owned fragments. It is not concatenating an external request value into SQL text; runtime values are handled through the engine's parameter system.,lib/sqlalchemy/orm/persistence.py:700-746,true,,,,FALSE_POSITIVE,Independent annotators agreed; original rationales are preserved in the annotator rationale fields.,lib/sqlalchemy/orm/persistence.py:700-746; lib/sqlalchemy/orm/persistence.py:700-746,independent_agreement
GT-294,FND-000897,R052,pandas-dev/pandas,c26625d6e79fe8f11dd00184a3c32b5cc68d70cc,dynamic-sql,CWE-89,pandas/io/sql.py,2286,2286,2286,"            stmt = f""SELECT {select_list} FROM {quoted_schema}.{quoted_table_name}""",FALSE_POSITIVE,"Pandas quotes each requested table, schema, or column identifier with its identifier-quoting helper before composing the SELECT statement. The finding does not show raw data values changing SQL structure.",pandas/io/sql.py:2268-2310,FALSE_POSITIVE,"Pandas quotes each requested table, schema, or column identifier with its identifier-quoting helper before composing the SELECT statement. The finding does not show raw data values changing SQL structure.",pandas/io/sql.py:2268-2310,true,,,,FALSE_POSITIVE,Independent annotators agreed; original rationales are preserved in the annotator rationale fields.,pandas/io/sql.py:2268-2310; pandas/io/sql.py:2268-2310,independent_agreement
GT-295,FND-000533,R039,encode/databases,ae3fb16f40201d9ed0ed31bea31a289127169568,dynamic-sql,CWE-89,databases/backends/aiopg.py,287,287,287,"                await cursor.execute(f""RELEASE SAVEPOINT {self._savepoint_name}"")",FALSE_POSITIVE,The only interpolated SQL token is an internally generated savepoint name based on a UUID. No external data controls the statement structure.,databases/backends/aiopg.py:269-311,FALSE_POSITIVE,The only interpolated SQL token is an internally generated savepoint name based on a UUID. No external data controls the statement structure.,databases/backends/aiopg.py:269-311,true,,,,FALSE_POSITIVE,Independent annotators agreed; original rationales are preserved in the annotator rationale fields.,databases/backends/aiopg.py:269-311; databases/backends/aiopg.py:269-311,independent_agreement
GT-296,FND-000089,R003,django/django,9193cb54550727a02fd55dab1b430597a9aa4297,dynamic-sql,CWE-89,django/db/backends/base/schema.py,751,758,751,"        self.execute(
            self.sql_retablespace_table
            % {
                ""table"": self.quote_name(model._meta.db_table),
                ""old_tablespace"": self.quote_name(old_db_tablespace),
                ""new_tablespace"": self.quote_name(new_db_tablespace),
            }
        )",FALSE_POSITIVE,"The interpolated value is a database identifier passed through Django's backend quote_name() routine; data values are kept as parameters where needed. The formatting is schema or query construction from model metadata, not unquoted request data.",django/db/backends/base/schema.py:733-782,FALSE_POSITIVE,"The interpolated value is a database identifier passed through Django's backend quote_name() routine; data values are kept as parameters where needed. The formatting is schema or query construction from model metadata, not unquoted request data.",django/db/backends/base/schema.py:733-782,true,,,,FALSE_POSITIVE,Independent annotators agreed; original rationales are preserved in the annotator rationale fields.,django/db/backends/base/schema.py:733-782; django/db/backends/base/schema.py:733-782,independent_agreement
GT-297,FND-001284,R091,simonw/datasette,bdc973174096cae350ddaa733a10ed8b3ffd970b,dynamic-sql,CWE-89,datasette/views/table_create_alter.py,210,214,210,"    sql = ""select {} from {} limit {}"".format(
        "", "".join(escape_sqlite(column) for column in columns),
        escape_sqlite(table_name),
        FOREIGN_KEY_SUGGESTION_ROW_LIMIT,
    )",FALSE_POSITIVE,Datasette escapes table and column identifiers with its SQLite identifier helper and keeps row or filter values in bound parameters. The interpolation at this line is structural query assembly rather than direct insertion of an untrusted value.,datasette/views/table_create_alter.py:192-238,FALSE_POSITIVE,Datasette escapes table and column identifiers with its SQLite identifier helper and keeps row or filter values in bound parameters. The interpolation at this line is structural query assembly rather than direct insertion of an untrusted value.,datasette/views/table_create_alter.py:192-238,true,,,,FALSE_POSITIVE,Independent annotators agreed; original rationales are preserved in the annotator rationale fields.,datasette/views/table_create_alter.py:192-238; datasette/views/table_create_alter.py:192-238,independent_agreement
GT-298,FND-000702,R045,sqlmapproject/sqlmap,1ee368f78a73ccc1c193af32d4e70c1244be5865,dynamic-sql,CWE-89,lib/techniques/graphql/inject.py,203,203,203,"    return ""(SELECT %s FROM %s ORDER BY 1 OFFSET %d ROWS FETCH NEXT 1 ROWS ONLY)"" % (body, _mssqlFrom(table), offset)",FALSE_POSITIVE,"This code is part of sqlmap's SQL payload or enumeration engine and intentionally constructs SQL text for the database being tested. The variable fragments here come from sqlmap's own templates, recovered metadata, or identifier helpers; this is intended scanner behavior rather than an unintended SQL injection into sqlmap itself.",lib/techniques/graphql/inject.py:185-227,FALSE_POSITIVE,"This code is part of sqlmap's SQL payload or enumeration engine and intentionally constructs SQL text for the database being tested. The variable fragments here come from sqlmap's own templates, recovered metadata, or identifier helpers; this is intended scanner behavior rather than an unintended SQL injection into sqlmap itself.",lib/techniques/graphql/inject.py:185-227,true,,,,FALSE_POSITIVE,Independent annotators agreed; original rationales are preserved in the annotator rationale fields.,lib/techniques/graphql/inject.py:185-227; lib/techniques/graphql/inject.py:185-227,independent_agreement
GT-299,FND-001249,R091,simonw/datasette,bdc973174096cae350ddaa733a10ed8b3ffd970b,dynamic-sql,CWE-89,datasette/utils/actions_sql.py,384,386,384,"        restriction_intersect = ""\nINTERSECT\n"".join(
            f""SELECT * FROM ({sql})"" for sql in restriction_sqls
        )",FALSE_POSITIVE,The formatted fragment is an already-constructed SQL query handled by Datasette's query layer; additional values at this site are bound parameters or escaped identifiers. This line does not introduce a new untrusted value into SQL structure.,datasette/utils/actions_sql.py:366-410,FALSE_POSITIVE,The formatted fragment is an already-constructed SQL query handled by Datasette's query layer; additional values at this site are bound parameters or escaped identifiers. This line does not introduce a new untrusted value into SQL structure.,datasette/utils/actions_sql.py:366-410,true,,,,FALSE_POSITIVE,Independent annotators agreed; original rationales are preserved in the annotator rationale fields.,datasette/utils/actions_sql.py:366-410; datasette/utils/actions_sql.py:366-410,independent_agreement
GT-300,FND-000099,R003,django/django,9193cb54550727a02fd55dab1b430597a9aa4297,dynamic-sql,CWE-89,django/db/backends/oracle/operations.py,72,76,72,"        return (
            f""SELECT {cache_key} ""
            f""FROM %s ""
            f""ORDER BY {cache_key} OFFSET %%s ROWS FETCH FIRST 1 ROWS ONLY""
        )",FALSE_POSITIVE,"This SQL is assembled by Django's ORM or schema compiler from model metadata or previously compiled SQL fragments. The frozen path does not place a request value directly into SQL structure, and value data remains parameterized by the surrounding compiler or backend APIs.",django/db/backends/oracle/operations.py:54-100,FALSE_POSITIVE,"This SQL is assembled by Django's ORM or schema compiler from model metadata or previously compiled SQL fragments. The frozen path does not place a request value directly into SQL structure, and value data remains parameterized by the surrounding compiler or backend APIs.",django/db/backends/oracle/operations.py:54-100,true,,,,FALSE_POSITIVE,Independent annotators agreed; original rationales are preserved in the annotator rationale fields.,django/db/backends/oracle/operations.py:54-100; django/db/backends/oracle/operations.py:54-100,independent_agreement
